district_id,state,chamber,district_num,ocd_id,seat_label,party_control,rep_name,rep_party,first_elected,tenure_years,pvi,cook_rating,incumbent_running,is_open_seat,mode,chamber_total_seats,chamber_majority_threshold,state_raised_r_2026,state_spent_r_2026,state_raised_d_2026,state_spent_d_2026,state_raised_r_2024,state_spent_r_2024,state_raised_d_2024,state_spent_d_2024,state_raised_r_2022,state_spent_r_2022,state_raised_d_2022,state_spent_d_2022,hist_cost_to_compete,candidates_json,notes,data_source_flags
AK-U-001,AK,upper,1,ocd-division/country:us/state:ak/sldu:1,AK SD-1,R,James Smith,R,2011,15.0,0.6,Toss-up,True,False,defend,20,11,554228.0,498806.0,401707.0,361536.0,498806.0,471094.0,361536.0,341451.0,471094.0,443383.0,341451.0,321365.0,565367.0,"{""office"": ""AK Senate District 1"", ""source"": ""mock"", ""candidates"": [{""name"": ""James Smith"", ""party"": ""R""}, {""name"": ""Linda Williams"", ""party"": ""D""}]}",Synthetic state-leg row — replace via OpenStates / FTM pipeline,mock
AK-U-002,AK,upper,2,ocd-division/country:us/state:ak/sldu:2,AK SD-2,R,Mary Johnson,R,2021,5.0,8.3,Likely R,True,False,defend,20,11,730902.0,657811.0,466744.0,420070.0,657811.0,621266.0,420070.0,396733.0,621266.0,584721.0,396733.0,373395.0,576581.0,"{""office"": ""AK Senate District 2"", ""source"": ""mock"", ""candidates"": [{""name"": ""Mary Johnson"", ""party"": ""R""}, {""name"": ""James Martinez"", ""party"": ""D""}]}",Synthetic state-leg row — replace via OpenStates / FTM pipeline,mock
AK-U-003,AK,upper,3,ocd-division/country:us/state:ak/sldu:3,AK SD-3,R,Robert Williams,R,2017,9.0,4.2,Lean R,True,False,defend,20,11,740052.0,666047.0,604660.0,544194.0,666047.0,629045.0,544194.0,513961.0,629045.0,592042.0,513961.0,483728.0,726144.0,"{""office"": ""AK Senate District 3"", ""source"": ""mock"", ""candidates"": [{""name"": ""Robert Williams"", ""party"": ""R""}, {""name"": ""David Jones"", ""party"": ""D""}]}",Synthetic state-leg row — replace via OpenStates / FTM pipeline,mock
AK-U-004,AK,upper,4,ocd-division/country:us/state:ak/sldu:4,AK SD-4,R,Patricia Brown,R,2018,8.0,13.6,Likely R,True,False,defend,20,11,349295.0,314365.0,215316.0,193785.0,314365.0,296900.0,193785.0,183019.0,296900.0,279436.0,183019.0,172253.0,229071.0,"{""office"": ""AK Senate District 4"", ""source"": ""mock"", ""candidates"": [{""name"": ""Patricia Brown"", ""party"": ""R""}, {""name"": ""David Lopez"", ""party"": ""D""}]}",Synthetic state-leg row — replace via OpenStates / FTM pipeline,mock
AK-U-005,AK,upper,5,ocd-division/country:us/state:ak/sldu:5,AK SD-5,D,John Jones,D,2011,15.0,-2.8,Lean D,True,False,attack,20,11,834820.0,751338.0,1206718.0,1086046.0,751338.0,709597.0,1086046.0,1025710.0,709597.0,667856.0,1025710.0,965374.0,1143261.0,"{""office"": ""AK Senate District 5"", ""source"": ""mock"", ""candidates"": [{""name"": ""John Jones"", ""party"": ""D""}, {""name"": ""David Smith"", ""party"": ""R""}]}",Synthetic state-leg row — replace via OpenStates / FTM pipeline,mock
AK-U-006,AK,upper,6,ocd-division/country:us/state:ak/sldu:6,AK SD-6,R,Jennifer Garcia,R,2024,2.0,5.2,Lean R,True,False,defend,20,11,349805.0,314825.0,231260.0,208134.0,314825.0,297334.0,208134.0,196571.0,297334.0,279844.0,196571.0,185008.0,305474.0,"{""office"": ""AK Senate District 6"", ""source"": ""mock"", ""candidates"": [{""name"": ""Jennifer Garcia"", ""party"": ""R""}, {""name"": ""Robert Jones"", ""party"": ""D""}]}",Synthetic state-leg row — replace via OpenStates / FTM pipeline,mock
AK-U-007,AK,upper,7,ocd-division/country:us/state:ak/sldu:7,AK SD-7,R,Michael Miller,R,2018,8.0,9.1,Likely R,True,False,defend,20,11,620029.0,558026.0,324977.0,292480.0,558026.0,527025.0,292480.0,276231.0,527025.0,496023.0,276231.0,259982.0,444153.0,"{""office"": ""AK Senate District 7"", ""source"": ""mock"", ""candidates"": [{""name"": ""Michael Miller"", ""party"": ""R""}, {""name"": ""Jennifer Johnson"", ""party"": ""D""}]}",Synthetic state-leg row — replace via OpenStates / FTM pipeline,mock
AK-U-008,AK,upper,8,ocd-division/country:us/state:ak/sldu:8,AK SD-8,D,Linda Davis,D,2009,17.0,3.3,Lean R,True,False,attack,20,11,467546.0,420791.0,524684.0,472215.0,420791.0,397414.0,472215.0,445981.0,397414.0,374037.0,445981.0,419747.0,548561.0,"{""office"": ""AK Senate District 8"", ""source"": ""mock"", ""candidates"": [{""name"": ""Linda Davis"", ""party"": ""D""}, {""name"": ""Susan Lopez"", ""party"": ""R""}]}",Synthetic state-leg row — replace via OpenStates / FTM pipeline,mock
AK-U-009,AK,upper,9,ocd-division/country:us/state:ak/sldu:9,AK SD-9,R,David Rodriguez,R,2023,3.0,9.7,Likely R,True,False,defend,20,11,372998.0,335698.0,423339.0,381005.0,335698.0,317048.0,381005.0,359838.0,317048.0,298398.0,359838.0,338671.0,367452.0,"{""office"": ""AK Senate District 9"", ""source"": ""mock"", ""candidates"": [{""name"": ""David Rodriguez"", ""party"": ""R""}, {""name"": ""William Anderson"", ""party"": ""D""}]}",Synthetic state-leg row — replace via OpenStates / FTM pipeline,mock
AK-U-010,AK,upper,10,ocd-division/country:us/state:ak/sldu:10,AK SD-10,R,Elizabeth Martinez,R,2018,8.0,12.4,Likely R,True,False,defend,20,11,391177.0,352059.0,196231.0,176608.0,352059.0,332500.0,176608.0,166796.0,332500.0,312942.0,166796.0,156985.0,248390.0,"{""office"": ""AK Senate District 10"", ""source"": ""mock"", ""candidates"": [{""name"": ""Elizabeth Martinez"", ""party"": ""R""}, {""name"": ""James Rodriguez"", ""party"": ""D""}]}",Synthetic state-leg row — replace via OpenStates / FTM pipeline,mock
AK-U-011,AK,upper,11,ocd-division/country:us/state:ak/sldu:11,AK SD-11,R,William Hernandez,R,2008,18.0,20.2,Likely R,True,False,safe,20,11,164678.0,148210.0,172142.0,154928.0,148210.0,139976.0,154928.0,146321.0,139976.0,131742.0,146321.0,137714.0,104895.0,"{""office"": ""AK Senate District 11"", ""source"": ""mock"", ""candidates"": [{""name"": ""William Hernandez"", ""party"": ""R""}]}",Synthetic state-leg row — replace via OpenStates / FTM pipeline,mock
AK-U-012,AK,upper,12,ocd-division/country:us/state:ak/sldu:12,AK SD-12,R,OPEN SEAT,,,0.0,7.4,Likely R,False,True,defend,20,11,356145.0,320531.0,361935.0,325742.0,320531.0,302723.0,325742.0,307645.0,302723.0,284916.0,307645.0,289548.0,354937.0,"{""office"": ""AK Senate District 12"", ""source"": ""mock"", ""candidates"": [{""name"": ""John Miller"", ""party"": ""D""}]}",Synthetic state-leg row — replace via OpenStates / FTM pipeline,mock
AK-U-013,AK,upper,13,ocd-division/country:us/state:ak/sldu:13,AK SD-13,D,Barbara Lopez,D,2023,3.0,-9.4,Likely D,True,False,attack,20,11,514492.0,463043.0,545955.0,491359.0,463043.0,437318.0,491359.0,464062.0,437318.0,411594.0,464062.0,436764.0,493865.0,"{""office"": ""AK Senate District 13"", ""source"": ""mock"", ""candidates"": [{""name"": ""Barbara Lopez"", ""party"": ""D""}, {""name"": ""Michael Anderson"", ""party"": ""R""}]}",Synthetic state-leg row — replace via OpenStates / FTM pipeline,mock
AK-U-014,AK,upper,14,ocd-division/country:us/state:ak/sldu:14,AK SD-14,R,Richard Wilson,R,2012,14.0,-3.4,Lean D,True,False,defend,20,11,972898.0,875609.0,816203.0,734583.0,875609.0,826964.0,734583.0,693773.0,826964.0,778319.0,693773.0,652962.0,986562.0,"{""office"": ""AK Senate District 14"", ""source"": ""mock"", ""candidates"": [{""name"": ""Richard Wilson"", ""party"": ""R""}, {""name"": ""Susan Miller"", ""party"": ""D""}]}",Synthetic state-leg row — replace via OpenStates / FTM pipeline,mock
AK-U-015,AK,upper,15,ocd-division/country:us/state:ak/sldu:15,AK SD-15,R,Susan Anderson,R,2013,13.0,15.7,Likely R,True,False,safe,20,11,231744.0,208569.0,180390.0,162351.0,208569.0,196982.0,162351.0,153331.0,196982.0,185395.0,153331.0,144312.0,154844.0,"{""office"": ""AK Senate District 15"", ""source"": ""mock"", ""candidates"": [{""name"": ""Susan Anderson"", ""party"": ""R""}, {""name"": ""Elizabeth Brown"", ""party"": ""D""}]}",Synthetic state-leg row — replace via OpenStates / FTM pipeline,mock
AK-U-016,AK,upper,16,ocd-division/country:us/state:ak/sldu:16,AK SD-16,R,Joseph Thomas,R,2018,8.0,13.5,Likely R,True,False,defend,20,11,662403.0,596163.0,420148.0,378133.0,596163.0,563043.0,378133.0,357126.0,563043.0,529922.0,357126.0,336119.0,440753.0,"{""office"": ""AK Senate District 16"", ""source"": ""mock"", ""candidates"": [{""name"": ""Joseph Thomas"", ""party"": ""R""}, {""name"": ""Barbara Brown"", ""party"": ""D""}]}",Synthetic state-leg row — replace via OpenStates / FTM pipeline,mock
AK-U-017,AK,upper,17,ocd-division/country:us/state:ak/sldu:17,AK SD-17,R,Jessica Smith,R,2019,7.0,0.6,Toss-up,True,False,defend,20,11,832389.0,749150.0,530029.0,477026.0,749150.0,707530.0,477026.0,450524.0,707530.0,665911.0,450524.0,424023.0,805772.0,"{""office"": ""AK Senate District 17"", ""source"": ""mock"", ""candidates"": [{""name"": ""Jessica Smith"", ""party"": ""R""}, {""name"": ""Joseph Thomas"", ""party"": ""D""}]}",Synthetic state-leg row — replace via OpenStates / FTM pipeline,mock
AK-U-018,AK,upper,18,ocd-division/country:us/state:ak/sldu:18,AK SD-18,R,James Johnson,R,2015,11.0,-3.8,Lean D,True,False,defend,20,11,306196.0,275577.0,164799.0,148319.0,275577.0,260267.0,148319.0,140079.0,260267.0,244957.0,140079.0,131839.0,257029.0,"{""office"": ""AK Senate District 18"", ""source"": ""mock"", ""candidates"": [{""name"": ""James Johnson"", ""party"": ""R""}, {""name"": ""Linda Johnson"", ""party"": ""D""}]}",Synthetic state-leg row — replace via OpenStates / FTM pipeline,mock
AK-U-019,AK,upper,19,ocd-division/country:us/state:ak/sldu:19,AK SD-19,D,Mary Williams,D,2024,2.0,-7.0,Likely D,True,False,attack,20,11,197987.0,178188.0,273517.0,246165.0,178188.0,168289.0,246165.0,232489.0,168289.0,158389.0,232489.0,218813.0,235752.0,"{""office"": ""AK Senate District 19"", ""source"": ""mock"", ""candidates"": [{""name"": ""Mary Williams"", ""party"": ""D""}, {""name"": ""Patricia Brown"", ""party"": ""R""}]}",Synthetic state-leg row — replace via OpenStates / FTM pipeline,mock
AK-U-020,AK,upper,20,ocd-division/country:us/state:ak/sldu:20,AK SD-20,R,Robert Brown,R,2019,7.0,7.5,Likely R,False,False,defend,20,11,363554.0,327198.0,268527.0,241675.0,327198.0,309021.0,241675.0,228248.0,309021.0,290843.0,228248.0,214822.0,311526.0,"{""office"": ""AK Senate District 20"", ""source"": ""mock"", ""candidates"": [{""name"": ""Robert Brown"", ""party"": ""R""}, {""name"": ""David Johnson"", ""party"": ""D""}]}",Synthetic state-leg row — replace via OpenStates / FTM pipeline,mock
AL-U-001,AL,upper,1,ocd-division/country:us/state:al/sldu:1,AL SD-1,R,Patricia Jones,R,2019,7.0,8.5,Likely R,True,False,defend,35,18,393813.0,354432.0,232399.0,209159.0,354432.0,334741.0,209159.0,197539.0,334741.0,315051.0,197539.0,185919.0,299688.0,"{""office"": ""AL Senate District 1"", ""source"": ""mock"", ""candidates"": [{""name"": ""Patricia Jones"", ""party"": ""R""}, {""name"": ""Elizabeth Miller"", ""party"": ""D""}]}",Synthetic state-leg row — replace via OpenStates / FTM pipeline,mock
AL-U-002,AL,upper,2,ocd-division/country:us/state:al/sldu:2,AL SD-2,R,John Garcia,R,2018,8.0,6.3,Lean R,True,False,defend,35,18,407216.0,366494.0,328955.0,296060.0,366494.0,346133.0,296060.0,279612.0,346133.0,325772.0,279612.0,263164.0,375447.0,"{""office"": ""AL Senate District 2"", ""source"": ""mock"", ""candidates"": [{""name"": ""John Garcia"", ""party"": ""R""}, {""name"": ""Michael Garcia"", ""party"": ""D""}]}",Synthetic state-leg row — replace via OpenStates / FTM pipeline,mock
AL-U-003,AL,upper,3,ocd-division/country:us/state:al/sldu:3,AL SD-3,R,OPEN SEAT,,,0.0,9.6,Likely R,False,True,defend,35,18,655330.0,589797.0,373576.0,336218.0,589797.0,557030.0,336218.0,317540.0,557030.0,524264.0,317540.0,298861.0,476236.0,"{""office"": ""AL Senate District 3"", ""source"": ""mock"", ""candidates"": [{""name"": ""Richard Martinez"", ""party"": ""D""}]}",Synthetic state-leg row — replace via OpenStates / FTM pipeline,mock
AL-U-004,AL,upper,4,ocd-division/country:us/state:al/sldu:4,AL SD-4,R,OPEN SEAT,,,0.0,3.5,Lean R,False,True,defend,35,18,523545.0,471190.0,445561.0,401005.0,471190.0,445013.0,401005.0,378727.0,445013.0,418836.0,378727.0,356449.0,533008.0,"{""office"": ""AL Senate District 4"", ""source"": ""mock"", ""candidates"": [{""name"": ""David Davis"", ""party"": ""D""}]}",Synthetic state-leg row — replace via OpenStates / FTM pipeline,mock
AL-U-005,AL,upper,5,ocd-division/country:us/state:al/sldu:5,AL SD-5,R,Jennifer Miller,R,2019,7.0,22.3,Likely R,True,False,safe,35,18,176771.0,159094.0,146221.0,131599.0,159094.0,150255.0,131599.0,124288.0,150255.0,141417.0,124288.0,116977.0,90899.0,"{""office"": ""AL Senate District 5"", ""source"": ""mock"", ""candidates"": [{""name"": ""Jennifer Miller"", ""party"": ""R""}]}",Synthetic state-leg row — replace via OpenStates / FTM pipeline,mock
AL-U-006,AL,upper,6,ocd-division/country:us/state:al/sldu:6,AL SD-6,R,Michael Davis,R,2010,16.0,24.4,Likely R,False,False,safe,35,18,215380.0,193842.0,186749.0,168074.0,193842.0,183073.0,168074.0,158737.0,183073.0,172304.0,158737.0,149399.0,101107.0,"{""office"": ""AL Senate District 6"", ""source"": ""mock"", ""candidates"": [{""name"": ""Michael Davis"", ""party"": ""R""}]}",Synthetic state-leg row — replace via OpenStates / FTM pipeline,mock
AL-U-007,AL,upper,7,ocd-division/country:us/state:al/sldu:7,AL SD-7,R,Linda Rodriguez,R,2015,11.0,10.8,Likely R,False,False,defend,35,18,367062.0,330356.0,312721.0,281449.0,330356.0,312003.0,281449.0,265813.0,312003.0,293650.0,265813.0,250177.0,302989.0,"{""office"": ""AL Senate District 7"", ""source"": ""mock"", ""candidates"": [{""name"": ""Linda Rodriguez"", ""party"": ""R""}, {""name"": ""Robert Anderson"", ""party"": ""D""}]}",Synthetic state-leg row — replace via OpenStates / FTM pipeline,mock
AL-U-008,AL,upper,8,ocd-division/country:us/state:al/sldu:8,AL SD-8,R,OPEN SEAT,,,0.0,0.5,Toss-up,False,True,defend,35,18,391715.0,352543.0,435937.0,392343.0,352543.0,332957.0,392343.0,370546.0,332957.0,313372.0,370546.0,348750.0,490679.0,"{""office"": ""AL Senate District 8"", ""source"": ""mock"", ""candidates"": [{""name"": ""James Lopez"", ""party"": ""D""}]}",Synthetic state-leg row — replace via OpenStates / FTM pipeline,mock
AL-U-009,AL,upper,9,ocd-division/country:us/state:al/sldu:9,AL SD-9,R,OPEN SEAT,,,0.0,11.0,Likely R,False,True,defend,35,18,267586.0,240827.0,291912.0,262721.0,240827.0,227448.0,262721.0,248125.0,227448.0,214069.0,248125.0,233530.0,247778.0,"{""office"": ""AL Senate District 9"", ""source"": ""mock"", ""candidates"": [{""name"": ""Jessica Martinez"", ""party"": ""D""}]}",Synthetic state-leg row — replace via OpenStates / FTM pipeline,mock
AL-U-010,AL,upper,10,ocd-division/country:us/state:al/sldu:10,AL SD-10,D,OPEN SEAT,,,0.0,-3.4,Lean D,False,True,attack,35,18,544893.0,490404.0,712536.0,641282.0,490404.0,463159.0,641282.0,605655.0,463159.0,435915.0,605655.0,570028.0,693382.0,"{""office"": ""AL Senate District 10"", ""source"": ""mock"", ""candidates"": [{""name"": ""James Anderson"", ""party"": ""R""}]}",Synthetic state-leg row — replace via OpenStates / FTM pipeline,mock
AL-U-011,AL,upper,11,ocd-division/country:us/state:al/sldu:11,AL SD-11,R,David Martinez,R,2022,4.0,6.4,Lean R,True,False,defend,35,18,674313.0,606882.0,718672.0,646805.0,606882.0,573166.0,646805.0,610872.0,573166.0,539450.0,610872.0,574938.0,708433.0,"{""office"": ""AL Senate District 11"", ""source"": ""mock"", ""candidates"": [{""name"": ""David Martinez"", ""party"": ""R""}, {""name"": ""Robert Anderson"", ""party"": ""D""}]}",Synthetic state-leg row — replace via OpenStates / FTM pipeline,mock
AL-U-012,AL,upper,12,ocd-division/country:us/state:al/sldu:12,AL SD-12,R,OPEN SEAT,,,0.0,10.9,Likely R,False,True,defend,35,18,285124.0,256611.0,286912.0,258221.0,256611.0,242355.0,258221.0,243875.0,242355.0,228099.0,243875.0,229530.0,254147.0,"{""office"": ""AL Senate District 12"", ""source"": ""mock"", ""candidates"": [{""name"": ""Susan Lopez"", ""party"": ""D""}]}",Synthetic state-leg row — replace via OpenStates / FTM pipeline,mock
AL-U-013,AL,upper,13,ocd-division/country:us/state:al/sldu:13,AL SD-13,R,Elizabeth Hernandez,R,2008,18.0,-3.7,Lean D,True,False,defend,35,18,1052586.0,947327.0,842065.0,757859.0,947327.0,894698.0,757859.0,715755.0,894698.0,842068.0,715755.0,673652.0,1036645.0,"{""office"": ""AL Senate District 13"", ""source"": ""mock"", ""candidates"": [{""name"": ""Elizabeth Hernandez"", ""party"": ""R""}, {""name"": ""Susan Garcia"", ""party"": ""D""}]}",Synthetic state-leg row — replace via OpenStates / FTM pipeline,mock
AL-U-014,AL,upper,14,ocd-division/country:us/state:al/sldu:14,AL SD-14,R,William Lopez,R,2020,6.0,9.5,Likely R,False,False,defend,35,18,622190.0,559971.0,367537.0,330783.0,559971.0,528861.0,330783.0,312406.0,528861.0,497752.0,312406.0,294029.0,459516.0,"{""office"": ""AL Senate District 14"", ""source"": ""mock"", ""candidates"": [{""name"": ""William Lopez"", ""party"": ""R""}, {""name"": ""William Williams"", ""party"": ""D""}]}",Synthetic state-leg row — replace via OpenStates / FTM pipeline,mock
AL-U-015,AL,upper,15,ocd-division/country:us/state:al/sldu:15,AL SD-15,R,Barbara Wilson,R,2015,11.0,-1.7,Toss-up,True,False,defend,35,18,363361.0,327024.0,329654.0,296689.0,327024.0,308856.0,296689.0,280206.0,308856.0,290688.0,280206.0,263724.0,398979.0,"{""office"": ""AL Senate District 15"", ""source"": ""mock"", ""candidates"": [{""name"": ""Barbara Wilson"", ""party"": ""R""}, {""name"": ""Patricia Lopez"", ""party"": ""D""}]}",Synthetic state-leg row — replace via OpenStates / FTM pipeline,mock
AL-U-016,AL,upper,16,ocd-division/country:us/state:al/sldu:16,AL SD-16,D,Richard Anderson,D,2011,15.0,0.3,Toss-up,True,False,attack,35,18,411435.0,370292.0,496258.0,446632.0,370292.0,349720.0,446632.0,421819.0,349720.0,329148.0,421819.0,397006.0,540726.0,"{""office"": ""AL Senate District 16"", ""source"": ""mock"", ""candidates"": [{""name"": ""Richard Anderson"", ""party"": ""D""}, {""name"": ""Jennifer Martinez"", ""party"": ""R""}]}",Synthetic state-leg row — replace via OpenStates / FTM pipeline,mock
AL-U-017,AL,upper,17,ocd-division/country:us/state:al/sldu:17,AL SD-17,R,Susan Thomas,R,2013,13.0,4.7,Lean R,True,False,defend,35,18,899107.0,809196.0,675769.0,608192.0,809196.0,764241.0,608192.0,574404.0,764241.0,719286.0,574404.0,540615.0,839184.0,"{""office"": ""AL Senate District 17"", ""source"": ""mock"", ""candidates"": [{""name"": ""Susan Thomas"", ""party"": ""R""}, {""name"": ""Elizabeth Anderson"", ""party"": ""D""}]}",Synthetic state-leg row — replace via OpenStates / FTM pipeline,mock
AL-U-018,AL,upper,18,ocd-division/country:us/state:al/sldu:18,AL SD-18,R,Joseph Smith,R,2016,10.0,27.5,Likely R,True,False,safe,35,18,100360.0,90324.0,75155.0,67640.0,90324.0,85306.0,67640.0,63882.0,85306.0,80288.0,63882.0,60124.0,43528.0,"{""office"": ""AL Senate District 18"", ""source"": ""mock"", ""candidates"": [{""name"": ""Joseph Smith"", ""party"": ""R""}]}",Synthetic state-leg row — replace via OpenStates / FTM pipeline,mock
AL-U-019,AL,upper,19,ocd-division/country:us/state:al/sldu:19,AL SD-19,R,Jessica Johnson,R,2023,3.0,17.0,Likely R,True,False,safe,35,18,175709.0,158138.0,121575.0,109418.0,158138.0,149353.0,109418.0,103339.0,149353.0,140567.0,103339.0,97260.0,106173.0,"{""office"": ""AL Senate District 19"", ""source"": ""mock"", ""candidates"": [{""name"": ""Jessica Johnson"", ""party"": ""R""}]}",Synthetic state-leg row — replace via OpenStates / FTM pipeline,mock
AL-U-020,AL,upper,20,ocd-division/country:us/state:al/sldu:20,AL SD-20,R,James Williams,R,2008,18.0,18.0,Likely R,True,False,safe,35,18,439956.0,395960.0,294361.0,264925.0,395960.0,373962.0,264925.0,250207.0,373962.0,351964.0,250207.0,235489.0,251766.0,"{""office"": ""AL Senate District 20"", ""source"": ""mock"", ""candidates"": [{""name"": ""James Williams"", ""party"": ""R""}]}",Synthetic state-leg row — replace via OpenStates / FTM pipeline,mock
AL-U-021,AL,upper,21,ocd-division/country:us/state:al/sldu:21,AL SD-21,R,Mary Brown,R,2009,17.0,35.9,Likely R,True,False,safe,35,18,235853.0,212268.0,188784.0,169905.0,212268.0,200475.0,169905.0,160466.0,200475.0,188682.0,160466.0,151027.0,105310.0,"{""office"": ""AL Senate District 21"", ""source"": ""mock"", ""candidates"": [{""name"": ""Mary Brown"", ""party"": ""R""}]}",Synthetic state-leg row — replace via OpenStates / FTM pipeline,mock
AL-U-022,AL,upper,22,ocd-division/country:us/state:al/sldu:22,AL SD-22,R,Robert Jones,R,2019,7.0,11.7,Likely R,True,False,defend,35,18,541370.0,487233.0,309876.0,278889.0,487233.0,460164.0,278889.0,263395.0,460164.0,433096.0,263395.0,247901.0,368468.0,"{""office"": ""AL Senate District 22"", ""source"": ""mock"", ""candidates"": [{""name"": ""Robert Jones"", ""party"": ""R""}, {""name"": ""Linda Lopez"", ""party"": ""D""}]}",Synthetic state-leg row — replace via OpenStates / FTM pipeline,mock
AL-U-023,AL,upper,23,ocd-division/country:us/state:al/sldu:23,AL SD-23,R,Patricia Garcia,R,2017,9.0,-0.5,Toss-up,True,False,defend,35,18,778271.0,700443.0,810937.0,729843.0,700443.0,661530.0,729843.0,689296.0,661530.0,622616.0,689296.0,648749.0,942173.0,"{""office"": ""AL Senate District 23"", ""source"": ""mock"", ""candidates"": [{""name"": ""Patricia Garcia"", ""party"": ""R""}, {""name"": ""Linda Hernandez"", ""party"": ""D""}]}",Synthetic state-leg row — replace via OpenStates / FTM pipeline,mock
AL-U-024,AL,upper,24,ocd-division/country:us/state:al/sldu:24,AL SD-24,R,John Miller,R,2024,2.0,14.8,Likely R,True,False,safe,35,18,482204.0,433984.0,447358.0,402623.0,433984.0,409874.0,402623.0,380255.0,409874.0,385764.0,380255.0,357887.0,361202.0,"{""office"": ""AL Senate District 24"", ""source"": ""mock"", ""candidates"": [{""name"": ""John Miller"", ""party"": ""R""}]}",Synthetic state-leg row — replace via OpenStates / FTM pipeline,mock
AL-U-025,AL,upper,25,ocd-division/country:us/state:al/sldu:25,AL SD-25,R,Jennifer Davis,R,2009,17.0,19.2,Likely R,True,False,safe,35,18,232806.0,209526.0,177555.0,159800.0,209526.0,197885.0,159800.0,150922.0,197885.0,186245.0,150922.0,142044.0,133661.0,"{""office"": ""AL Senate District 25"", ""source"": ""mock"", ""candidates"": [{""name"": ""Jennifer Davis"", ""party"": ""R""}]}",Synthetic state-leg row — replace via OpenStates / FTM pipeline,mock
AL-U-026,AL,upper,26,ocd-division/country:us/state:al/sldu:26,AL SD-26,R,Michael Rodriguez,R,2008,18.0,24.8,Likely R,True,False,safe,35,18,128126.0,115313.0,147751.0,132976.0,115313.0,108907.0,132976.0,125589.0,108907.0,102500.0,125589.0,118201.0,68417.0,"{""office"": ""AL Senate District 26"", ""source"": ""mock"", ""candidates"": [{""name"": ""Michael Rodriguez"", ""party"": ""R""}, {""name"": ""Linda Anderson"", ""party"": ""D""}]}",Synthetic state-leg row — replace via OpenStates / FTM pipeline,mock
AL-U-027,AL,upper,27,ocd-division/country:us/state:al/sldu:27,AL SD-27,R,Linda Martinez,R,2015,11.0,11.3,Likely R,True,False,defend,35,18,708547.0,637692.0,417662.0,375896.0,637692.0,602265.0,375896.0,355013.0,602265.0,566838.0,355013.0,334130.0,493923.0,"{""office"": ""AL Senate District 27"", ""source"": ""mock"", ""candidates"": [{""name"": ""Linda Martinez"", ""party"": ""R""}, {""name"": ""Michael Garcia"", ""party"": ""D""}]}",Synthetic state-leg row — replace via OpenStates / FTM pipeline,mock
AL-U-028,AL,upper,28,ocd-division/country:us/state:al/sldu:28,AL SD-28,R,David Hernandez,R,2019,7.0,11.0,Likely R,True,False,defend,35,18,432719.0,389447.0,449042.0,404138.0,389447.0,367811.0,404138.0,381686.0,367811.0,346175.0,381686.0,359234.0,390494.0,"{""office"": ""AL Senate District 28"", ""source"": ""mock"", ""candidates"": [{""name"": ""David Hernandez"", ""party"": ""R""}, {""name"": ""Susan Thomas"", ""party"": ""D""}]}",Synthetic state-leg row — replace via OpenStates / FTM pipeline,mock
AL-U-029,AL,upper,29,ocd-division/country:us/state:al/sldu:29,AL SD-29,R,OPEN SEAT,,,0.0,21.5,Likely R,False,True,safe,35,18,205746.0,185172.0,171103.0,153993.0,185172.0,174884.0,153993.0,145438.0,174884.0,164597.0,145438.0,136883.0,110363.0,"{""office"": ""AL Senate District 29"", ""source"": ""mock"", ""candidates"": []}",Synthetic state-leg row — replace via OpenStates / FTM pipeline,mock
AL-U-030,AL,upper,30,ocd-division/country:us/state:al/sldu:30,AL SD-30,R,Elizabeth Lopez,R,2012,14.0,10.1,Likely R,True,False,defend,35,18,478774.0,430897.0,390478.0,351430.0,430897.0,406958.0,351430.0,331906.0,406958.0,383019.0,331906.0,312382.0,396131.0,"{""office"": ""AL Senate District 30"", ""source"": ""mock"", ""candidates"": [{""name"": ""Elizabeth Lopez"", ""party"": ""R""}, {""name"": ""David Smith"", ""party"": ""D""}]}",Synthetic state-leg row — replace via OpenStates / FTM pipeline,mock
AL-U-031,AL,upper,31,ocd-division/country:us/state:al/sldu:31,AL SD-31,R,William Wilson,R,2014,12.0,26.2,Likely R,True,False,safe,35,18,231773.0,208596.0,224646.0,202181.0,208596.0,197007.0,202181.0,190949.0,197007.0,185419.0,190949.0,179717.0,113192.0,"{""office"": ""AL Senate District 31"", ""source"": ""mock"", ""candidates"": [{""name"": ""William Wilson"", ""party"": ""R""}, {""name"": ""Susan Thomas"", ""party"": ""D""}]}",Synthetic state-leg row — replace via OpenStates / FTM pipeline,mock
AL-U-032,AL,upper,32,ocd-division/country:us/state:al/sldu:32,AL SD-32,D,Barbara Anderson,D,2014,12.0,-1.8,Toss-up,True,False,attack,35,18,880480.0,792432.0,796514.0,716862.0,792432.0,748408.0,716862.0,677037.0,748408.0,704384.0,677037.0,637211.0,963074.0,"{""office"": ""AL Senate District 32"", ""source"": ""mock"", ""candidates"": [{""name"": ""Barbara Anderson"", ""party"": ""D""}, {""name"": ""Jessica Rodriguez"", ""party"": ""R""}]}",Synthetic state-leg row — replace via OpenStates / FTM pipeline,mock
AL-U-033,AL,upper,33,ocd-division/country:us/state:al/sldu:33,AL SD-33,R,Richard Thomas,R,2011,15.0,24.4,Likely R,True,False,safe,35,18,248603.0,223743.0,190498.0,171448.0,223743.0,211313.0,171448.0,161923.0,211313.0,198883.0,161923.0,152398.0,110403.0,"{""office"": ""AL Senate District 33"", ""source"": ""mock"", ""candidates"": [{""name"": ""Richard Thomas"", ""party"": ""R""}]}",Synthetic state-leg row — replace via OpenStates / FTM pipeline,mock
AL-U-034,AL,upper,34,ocd-division/country:us/state:al/sldu:34,AL SD-34,R,Susan Smith,R,2017,9.0,6.0,Lean R,True,False,defend,35,18,273660.0,246294.0,241561.0,217405.0,246294.0,232611.0,217405.0,205327.0,232611.0,218928.0,205327.0,193249.0,264971.0,"{""office"": ""AL Senate District 34"", ""source"": ""mock"", ""candidates"": [{""name"": ""Susan Smith"", ""party"": ""R""}, {""name"": ""Mary Martinez"", ""party"": ""D""}]}",Synthetic state-leg row — replace via OpenStates / FTM pipeline,mock
AL-U-035,AL,upper,35,ocd-division/country:us/state:al/sldu:35,AL SD-35,R,Joseph Johnson,R,2017,9.0,15.5,Likely R,False,False,safe,35,18,196893.0,177204.0,228736.0,205862.0,177204.0,167359.0,205862.0,194425.0,167359.0,157514.0,194425.0,182988.0,161131.0,"{""office"": ""AL Senate District 35"", ""source"": ""mock"", ""candidates"": [{""name"": ""Joseph Johnson"", ""party"": ""R""}]}",Synthetic state-leg row — replace via OpenStates / FTM pipeline,mock
AR-U-001,AR,upper,1,ocd-division/country:us/state:ar/sldu:1,AR SD-1,R,Jessica Williams,R,2010,16.0,10.3,Likely R,True,False,defend,35,18,802415.0,722173.0,824848.0,742363.0,722173.0,682052.0,742363.0,701120.0,682052.0,641932.0,701120.0,659878.0,736917.0,"{""office"": ""AR Senate District 1"", ""source"": ""mock"", ""candidates"": [{""name"": ""Jessica Williams"", ""party"": ""R""}, {""name"": ""Jennifer Miller"", ""party"": ""D""}]}",Synthetic state-leg row — replace via OpenStates / FTM pipeline,mock
AR-U-002,AR,upper,2,ocd-division/country:us/state:ar/sldu:2,AR SD-2,R,James Brown,R,2023,3.0,5.3,Lean R,False,False,defend,35,18,210928.0,189835.0,178761.0,160885.0,189835.0,179289.0,160885.0,151947.0,179289.0,168743.0,151947.0,143009.0,204308.0,"{""office"": ""AR Senate District 2"", ""source"": ""mock"", ""candidates"": [{""name"": ""James Brown"", ""party"": ""R""}, {""name"": ""Jennifer Wilson"", ""party"": ""D""}]}",Synthetic state-leg row — replace via OpenStates / FTM pipeline,mock
AR-U-003,AR,upper,3,ocd-division/country:us/state:ar/sldu:3,AR SD-3,R,Mary Jones,R,2010,16.0,6.4,Lean R,False,False,defend,35,18,457531.0,411778.0,390315.0,351284.0,411778.0,388901.0,351284.0,331768.0,388901.0,366025.0,331768.0,312252.0,431190.0,"{""office"": ""AR Senate District 3"", ""source"": ""mock"", ""candidates"": [{""name"": ""Mary Jones"", ""party"": ""R""}, {""name"": ""Jessica Hernandez"", ""party"": ""D""}]}",Synthetic state-leg row — replace via OpenStates / FTM pipeline,mock
AR-U-004,AR,upper,4,ocd-division/country:us/state:ar/sldu:4,AR SD-4,R,Robert Garcia,R,2018,8.0,6.1,Lean R,True,False,defend,35,18,514163.0,462746.0,402355.0,362120.0,462746.0,437038.0,362120.0,342002.0,437038.0,411330.0,342002.0,321884.0,470043.0,"{""office"": ""AR Senate District 4"", ""source"": ""mock"", ""candidates"": [{""name"": ""Robert Garcia"", ""party"": ""R""}, {""name"": ""Richard Davis"", ""party"": ""D""}]}",Synthetic state-leg row — replace via OpenStates / FTM pipeline,mock
AR-U-005,AR,upper,5,ocd-division/country:us/state:ar/sldu:5,AR SD-5,R,Patricia Miller,R,2020,6.0,22.2,Likely R,True,False,safe,35,18,247644.0,222880.0,256999.0,231299.0,222880.0,210498.0,231299.0,218449.0,210498.0,198116.0,218449.0,205599.0,142742.0,"{""office"": ""AR Senate District 5"", ""source"": ""mock"", ""candidates"": [{""name"": ""Patricia Miller"", ""party"": ""R""}, {""name"": ""Mary Jones"", ""party"": ""D""}]}",Synthetic state-leg row — replace via OpenStates / FTM pipeline,mock
AR-U-006,AR,upper,6,ocd-division/country:us/state:ar/sldu:6,AR SD-6,R,John Davis,R,2015,11.0,16.3,Likely R,True,False,safe,35,18,137488.0,123740.0,123028.0,110725.0,123740.0,116865.0,110725.0,104574.0,116865.0,109991.0,104574.0,98422.0,95647.0,"{""office"": ""AR Senate District 6"", ""source"": ""mock"", ""candidates"": [{""name"": ""John Davis"", ""party"": ""R""}]}",Synthetic state-leg row — replace via OpenStates / FTM pipeline,mock
AR-U-007,AR,upper,7,ocd-division/country:us/state:ar/sldu:7,AR SD-7,R,Jennifer Rodriguez,R,2009,17.0,7.4,Likely R,True,False,defend,35,18,527994.0,475195.0,352480.0,317232.0,475195.0,448795.0,317232.0,299608.0,448795.0,422395.0,299608.0,281984.0,435206.0,"{""office"": ""AR Senate District 7"", ""source"": ""mock"", ""candidates"": [{""name"": ""Jennifer Rodriguez"", ""party"": ""R""}, {""name"": ""Jessica Johnson"", ""party"": ""D""}]}",Synthetic state-leg row — replace via OpenStates / FTM pipeline,mock
AR-U-008,AR,upper,8,ocd-division/country:us/state:ar/sldu:8,AR SD-8,R,OPEN SEAT,,,0.0,14.8,Likely R,False,True,safe,35,18,666154.0,599539.0,485577.0,437019.0,599539.0,566231.0,437019.0,412740.0,566231.0,532924.0,412740.0,388461.0,447530.0,"{""office"": ""AR Senate District 8"", ""source"": ""mock"", ""candidates"": []}",Synthetic state-leg row — replace via OpenStates / FTM pipeline,mock
AR-U-009,AR,upper,9,ocd-division/country:us/state:ar/sldu:9,AR SD-9,R,Michael Martinez,R,2022,4.0,11.0,Likely R,True,False,defend,35,18,692847.0,623562.0,636657.0,572991.0,623562.0,588920.0,572991.0,541158.0,588920.0,554277.0,541158.0,509326.0,588780.0,"{""office"": ""AR Senate District 9"", ""source"": ""mock"", ""candidates"": [{""name"": ""Michael Martinez"", ""party"": ""R""}, {""name"": ""Barbara Miller"", ""party"": ""D""}]}",Synthetic state-leg row — replace via OpenStates / FTM pipeline,mock
AR-U-010,AR,upper,10,ocd-division/country:us/state:ar/sldu:10,AR SD-10,R,Linda Hernandez,R,2008,18.0,20.3,Likely R,True,False,safe,35,18,232036.0,208833.0,226533.0,203880.0,208833.0,197231.0,203880.0,192553.0,197231.0,185629.0,192553.0,181227.0,142157.0,"{""office"": ""AR Senate District 10"", ""source"": ""mock"", ""candidates"": [{""name"": ""Linda Hernandez"", ""party"": ""R""}]}",Synthetic state-leg row — replace via OpenStates / FTM pipeline,mock
AR-U-011,AR,upper,11,ocd-division/country:us/state:ar/sldu:11,AR SD-11,R,David Lopez,R,2023,3.0,10.4,Likely R,True,False,defend,35,18,345278.0,310750.0,214138.0,192724.0,310750.0,293487.0,192724.0,182017.0,293487.0,276223.0,182017.0,171310.0,252537.0,"{""office"": ""AR Senate District 11"", ""source"": ""mock"", ""candidates"": [{""name"": ""David Lopez"", ""party"": ""R""}, {""name"": ""Patricia Smith"", ""party"": ""D""}]}",Synthetic state-leg row — replace via OpenStates / FTM pipeline,mock
AR-U-012,AR,upper,12,ocd-division/country:us/state:ar/sldu:12,AR SD-12,R,Elizabeth Wilson,R,2010,16.0,23.7,Likely R,True,False,safe,35,18,310837.0,279754.0,261888.0,235699.0,279754.0,264212.0,235699.0,222605.0,264212.0,248670.0,222605.0,209510.0,149727.0,"{""office"": ""AR Senate District 12"", ""source"": ""mock"", ""candidates"": [{""name"": ""Elizabeth Wilson"", ""party"": ""R""}]}",Synthetic state-leg row — replace via OpenStates / FTM pipeline,mock
AR-U-013,AR,upper,13,ocd-division/country:us/state:ar/sldu:13,AR SD-13,R,William Anderson,R,2014,12.0,35.2,Likely R,False,False,safe,35,18,193758.0,174382.0,112513.0,101262.0,174382.0,164695.0,101262.0,95636.0,164695.0,155007.0,95636.0,90011.0,75955.0,"{""office"": ""AR Senate District 13"", ""source"": ""mock"", ""candidates"": [{""name"": ""William Anderson"", ""party"": ""R""}]}",Synthetic state-leg row — replace via OpenStates / FTM pipeline,mock
AR-U-014,AR,upper,14,ocd-division/country:us/state:ar/sldu:14,AR SD-14,R,Barbara Thomas,R,2009,17.0,19.1,Likely R,True,False,safe,35,18,269555.0,242599.0,292642.0,263378.0,242599.0,229122.0,263378.0,248746.0,229122.0,215644.0,248746.0,234114.0,183919.0,"{""office"": ""AR Senate District 14"", ""source"": ""mock"", ""candidates"": [{""name"": ""Barbara Thomas"", ""party"": ""R""}, {""name"": ""Patricia Garcia"", ""party"": ""D""}]}",Synthetic state-leg row — replace via OpenStates / FTM pipeline,mock
AR-U-015,AR,upper,15,ocd-division/country:us/state:ar/sldu:15,AR SD-15,R,Richard Smith,R,2020,6.0,35.1,Likely R,True,False,safe,35,18,211314.0,190183.0,184536.0,166082.0,190183.0,179617.0,166082.0,156856.0,179617.0,169051.0,156856.0,147629.0,98171.0,"{""office"": ""AR Senate District 15"", ""source"": ""mock"", ""candidates"": [{""name"": ""Richard Smith"", ""party"": ""R""}]}",Synthetic state-leg row — replace via OpenStates / FTM pipeline,mock
AR-U-016,AR,upper,16,ocd-division/country:us/state:ar/sldu:16,AR SD-16,R,Susan Johnson,R,2016,10.0,16.4,Likely R,True,False,safe,35,18,264086.0,237678.0,327449.0,294704.0,237678.0,224473.0,294704.0,278332.0,224473.0,211269.0,278332.0,261959.0,216333.0,"{""office"": ""AR Senate District 16"", ""source"": ""mock"", ""candidates"": [{""name"": ""Susan Johnson"", ""party"": ""R""}, {""name"": ""John Martinez"", ""party"": ""D""}]}",Synthetic state-leg row — replace via OpenStates / FTM pipeline,mock
AR-U-017,AR,upper,17,ocd-division/country:us/state:ar/sldu:17,AR SD-17,R,Joseph Williams,R,2019,7.0,15.2,Likely R,True,False,safe,35,18,232648.0,209383.0,125585.0,113026.0,209383.0,197750.0,113026.0,106747.0,197750.0,186118.0,106747.0,100468.0,137152.0,"{""office"": ""AR Senate District 17"", ""source"": ""mock"", ""candidates"": [{""name"": ""Joseph Williams"", ""party"": ""R""}]}",Synthetic state-leg row — replace via OpenStates / FTM pipeline,mock
AR-U-018,AR,upper,18,ocd-division/country:us/state:ar/sldu:18,AR SD-18,R,Jessica Brown,R,2010,16.0,11.7,Likely R,True,False,defend,35,18,678251.0,610426.0,724780.0,652302.0,610426.0,576513.0,652302.0,616063.0,576513.0,542601.0,616063.0,579824.0,607312.0,"{""office"": ""AR Senate District 18"", ""source"": ""mock"", ""candidates"": [{""name"": ""Jessica Brown"", ""party"": ""R""}, {""name"": ""Michael Thomas"", ""party"": ""D""}]}",Synthetic state-leg row — replace via OpenStates / FTM pipeline,mock
AR-U-019,AR,upper,19,ocd-division/country:us/state:ar/sldu:19,AR SD-19,R,James Jones,R,2018,8.0,13.8,Likely R,True,False,defend,35,18,591998.0,532798.0,467436.0,420692.0,532798.0,503198.0,420692.0,397320.0,503198.0,473598.0,397320.0,373949.0,426800.0,"{""office"": ""AR Senate District 19"", ""source"": ""mock"", ""candidates"": [{""name"": ""James Jones"", ""party"": ""R""}, {""name"": ""Michael Wilson"", ""party"": ""D""}]}",Synthetic state-leg row — replace via OpenStates / FTM pipeline,mock
AR-U-020,AR,upper,20,ocd-division/country:us/state:ar/sldu:20,AR SD-20,D,Mary Garcia,D,2012,14.0,-1.2,Toss-up,True,False,attack,35,18,737891.0,664102.0,872173.0,784956.0,664102.0,627207.0,784956.0,741347.0,627207.0,590313.0,741347.0,697739.0,938438.0,"{""office"": ""AR Senate District 20"", ""source"": ""mock"", ""candidates"": [{""name"": ""Mary Garcia"", ""party"": ""D""}, {""name"": ""James Hernandez"", ""party"": ""R""}]}",Synthetic state-leg row — replace via OpenStates / FTM pipeline,mock
AR-U-021,AR,upper,21,ocd-division/country:us/state:ar/sldu:21,AR SD-21,R,Robert Miller,R,2018,8.0,21.2,Likely R,True,False,safe,35,18,180585.0,162526.0,205316.0,184784.0,162526.0,153497.0,184784.0,174519.0,153497.0,144468.0,174519.0,164253.0,114668.0,"{""office"": ""AR Senate District 21"", ""source"": ""mock"", ""candidates"": [{""name"": ""Robert Miller"", ""party"": ""R""}]}",Synthetic state-leg row — replace via OpenStates / FTM pipeline,mock
AR-U-022,AR,upper,22,ocd-division/country:us/state:ar/sldu:22,AR SD-22,R,Patricia Davis,R,2022,4.0,38.7,Likely R,True,False,safe,35,18,137186.0,123467.0,98751.0,88876.0,123467.0,116608.0,88876.0,83938.0,116608.0,109749.0,83938.0,79001.0,58512.0,"{""office"": ""AR Senate District 22"", ""source"": ""mock"", ""candidates"": [{""name"": ""Patricia Davis"", ""party"": ""R""}]}",Synthetic state-leg row — replace via OpenStates / FTM pipeline,mock
AR-U-023,AR,upper,23,ocd-division/country:us/state:ar/sldu:23,AR SD-23,R,John Rodriguez,R,2018,8.0,23.0,Likely R,True,False,safe,35,18,317727.0,285955.0,162427.0,146184.0,285955.0,270068.0,146184.0,138063.0,270068.0,254182.0,138063.0,129942.0,130328.0,"{""office"": ""AR Senate District 23"", ""source"": ""mock"", ""candidates"": [{""name"": ""John Rodriguez"", ""party"": ""R""}, {""name"": ""John Jones"", ""party"": ""D""}]}",Synthetic state-leg row — replace via OpenStates / FTM pipeline,mock
AR-U-024,AR,upper,24,ocd-division/country:us/state:ar/sldu:24,AR SD-24,R,Jennifer Martinez,R,2018,8.0,12.1,Likely R,True,False,defend,35,18,534266.0,480839.0,672952.0,605657.0,480839.0,454126.0,605657.0,572009.0,454126.0,427413.0,572009.0,538362.0,515654.0,"{""office"": ""AR Senate District 24"", ""source"": ""mock"", ""candidates"": [{""name"": ""Jennifer Martinez"", ""party"": ""R""}, {""name"": ""Patricia Brown"", ""party"": ""D""}]}",Synthetic state-leg row — replace via OpenStates / FTM pipeline,mock
AR-U-025,AR,upper,25,ocd-division/country:us/state:ar/sldu:25,AR SD-25,R,Michael Hernandez,R,2022,4.0,16.1,Likely R,True,False,safe,35,18,134401.0,120961.0,116269.0,104642.0,120961.0,114241.0,104642.0,98829.0,114241.0,107521.0,98829.0,93015.0,92748.0,"{""office"": ""AR Senate District 25"", ""source"": ""mock"", ""candidates"": [{""name"": ""Michael Hernandez"", ""party"": ""R""}]}",Synthetic state-leg row — replace via OpenStates / FTM pipeline,mock
AR-U-026,AR,upper,26,ocd-division/country:us/state:ar/sldu:26,AR SD-26,R,Linda Lopez,R,2020,6.0,13.6,Likely R,True,False,defend,35,18,802670.0,722403.0,598218.0,538396.0,722403.0,682269.0,538396.0,508485.0,682269.0,642136.0,508485.0,478574.0,568360.0,"{""office"": ""AR Senate District 26"", ""source"": ""mock"", ""candidates"": [{""name"": ""Linda Lopez"", ""party"": ""R""}, {""name"": ""Jessica Davis"", ""party"": ""D""}]}",Synthetic state-leg row — replace via OpenStates / FTM pipeline,mock
AR-U-027,AR,upper,27,ocd-division/country:us/state:ar/sldu:27,AR SD-27,R,David Wilson,R,2022,4.0,15.7,Likely R,True,False,safe,35,18,332676.0,299408.0,216243.0,194618.0,299408.0,282774.0,194618.0,183806.0,282774.0,266141.0,183806.0,172994.0,206236.0,"{""office"": ""AR Senate District 27"", ""source"": ""mock"", ""candidates"": [{""name"": ""David Wilson"", ""party"": ""R""}]}",Synthetic state-leg row — replace via OpenStates / FTM pipeline,mock
AR-U-028,AR,upper,28,ocd-division/country:us/state:ar/sldu:28,AR SD-28,R,OPEN SEAT,,,0.0,23.7,Likely R,False,True,safe,35,18,186574.0,167917.0,213747.0,192373.0,167917.0,158588.0,192373.0,181685.0,158588.0,149259.0,181685.0,170998.0,104655.0,"{""office"": ""AR Senate District 28"", ""source"": ""mock"", ""candidates"": []}",Synthetic state-leg row — replace via OpenStates / FTM pipeline,mock
AR-U-029,AR,upper,29,ocd-division/country:us/state:ar/sldu:29,AR SD-29,R,Elizabeth Anderson,R,2008,18.0,12.0,Likely R,True,False,defend,35,18,635864.0,572277.0,570260.0,513234.0,572277.0,540484.0,513234.0,484721.0,540484.0,508691.0,484721.0,456208.0,516910.0,"{""office"": ""AR Senate District 29"", ""source"": ""mock"", ""candidates"": [{""name"": ""Elizabeth Anderson"", ""party"": ""R""}, {""name"": ""Linda Lopez"", ""party"": ""D""}]}",Synthetic state-leg row — replace via OpenStates / FTM pipeline,mock
AR-U-030,AR,upper,30,ocd-division/country:us/state:ar/sldu:30,AR SD-30,D,William Thomas,D,2019,7.0,3.7,Lean R,True,False,attack,35,18,928828.0,835945.0,817807.0,736026.0,835945.0,789504.0,736026.0,695136.0,789504.0,743063.0,695136.0,654246.0,955659.0,"{""office"": ""AR Senate District 30"", ""source"": ""mock"", ""candidates"": [{""name"": ""William Thomas"", ""party"": ""D""}, {""name"": ""Patricia Wilson"", ""party"": ""R""}]}",Synthetic state-leg row — replace via OpenStates / FTM pipeline,mock
AR-U-031,AR,upper,31,ocd-division/country:us/state:ar/sldu:31,AR SD-31,R,Barbara Smith,R,2014,12.0,22.6,Likely R,True,False,safe,35,18,165688.0,149119.0,135771.0,122194.0,149119.0,140834.0,122194.0,115405.0,140834.0,132550.0,115405.0,108617.0,83547.0,"{""office"": ""AR Senate District 31"", ""source"": ""mock"", ""candidates"": [{""name"": ""Barbara Smith"", ""party"": ""R""}, {""name"": ""Michael Hernandez"", ""party"": ""D""}]}",Synthetic state-leg row — replace via OpenStates / FTM pipeline,mock
AR-U-032,AR,upper,32,ocd-division/country:us/state:ar/sldu:32,AR SD-32,R,Richard Johnson,R,2017,9.0,18.6,Likely R,True,False,safe,35,18,396039.0,356436.0,253280.0,227952.0,356436.0,336634.0,227952.0,215288.0,336634.0,316832.0,215288.0,202624.0,217058.0,"{""office"": ""AR Senate District 32"", ""source"": ""mock"", ""candidates"": [{""name"": ""Richard Johnson"", ""party"": ""R""}]}",Synthetic state-leg row — replace via OpenStates / FTM pipeline,mock
AR-U-033,AR,upper,33,ocd-division/country:us/state:ar/sldu:33,AR SD-33,R,Susan Williams,R,2012,14.0,5.7,Lean R,True,False,defend,35,18,680576.0,612519.0,630401.0,567361.0,612519.0,578490.0,567361.0,535841.0,578490.0,544461.0,535841.0,504321.0,679835.0,"{""office"": ""AR Senate District 33"", ""source"": ""mock"", ""candidates"": [{""name"": ""Susan Williams"", ""party"": ""R""}, {""name"": ""Robert Williams"", ""party"": ""D""}]}",Synthetic state-leg row — replace via OpenStates / FTM pipeline,mock
AR-U-034,AR,upper,34,ocd-division/country:us/state:ar/sldu:34,AR SD-34,R,Joseph Brown,R,2010,16.0,19.1,Likely R,True,False,safe,35,18,183958.0,165562.0,128382.0,115544.0,165562.0,156364.0,115544.0,109125.0,156364.0,147166.0,109125.0,102706.0,102180.0,"{""office"": ""AR Senate District 34"", ""source"": ""mock"", ""candidates"": [{""name"": ""Joseph Brown"", ""party"": ""R""}]}",Synthetic state-leg row — replace via OpenStates / FTM pipeline,mock
AR-U-035,AR,upper,35,ocd-division/country:us/state:ar/sldu:35,AR SD-35,R,Jessica Jones,R,2008,18.0,24.7,Likely R,True,False,safe,35,18,173565.0,156209.0,106655.0,95990.0,156209.0,147530.0,95990.0,90657.0,147530.0,138852.0,90657.0,85324.0,69495.0,"{""office"": ""AR Senate District 35"", ""source"": ""mock"", ""candidates"": [{""name"": ""Jessica Jones"", ""party"": ""R""}]}",Synthetic state-leg row — replace via OpenStates / FTM pipeline,mock
AZ-U-001,AZ,upper,1,ocd-division/country:us/state:az/sldu:1,AZ SD-1,D,James Garcia,D,2011,15.0,-3.7,Lean D,True,False,attack,30,16,376548.0,338893.0,430277.0,387250.0,338893.0,320066.0,387250.0,365736.0,320066.0,301238.0,365736.0,344222.0,441449.0,"{""office"": ""AZ Senate District 1"", ""source"": ""mock"", ""candidates"": [{""name"": ""James Garcia"", ""party"": ""D""}, {""name"": ""Patricia Martinez"", ""party"": ""R""}]}",Synthetic state-leg row — replace via OpenStates / FTM pipeline,mock
AZ-U-002,AZ,upper,2,ocd-division/country:us/state:az/sldu:2,AZ SD-2,D,Mary Miller,D,2014,12.0,-0.4,Toss-up,True,False,attack,30,16,1126792.0,1014113.0,1143784.0,1029406.0,1014113.0,957773.0,1029406.0,972217.0,957773.0,901433.0,972217.0,915028.0,1349371.0,"{""office"": ""AZ Senate District 2"", ""source"": ""mock"", ""candidates"": [{""name"": ""Mary Miller"", ""party"": ""D""}, {""name"": ""James Thomas"", ""party"": ""R""}]}",Synthetic state-leg row — replace via OpenStates / FTM pipeline,mock
AZ-U-003,AZ,upper,3,ocd-division/country:us/state:az/sldu:3,AZ SD-3,R,Robert Davis,R,2021,5.0,5.0,Lean R,True,False,defend,30,16,244927.0,220434.0,224358.0,201922.0,220434.0,208188.0,201922.0,190704.0,208188.0,195942.0,190704.0,179486.0,248050.0,"{""office"": ""AZ Senate District 3"", ""source"": ""mock"", ""candidates"": [{""name"": ""Robert Davis"", ""party"": ""R""}, {""name"": ""Mary Rodriguez"", ""party"": ""D""}]}",Synthetic state-leg row — replace via OpenStates / FTM pipeline,mock
AZ-U-004,AZ,upper,4,ocd-division/country:us/state:az/sldu:4,AZ SD-4,R,Patricia Rodriguez,R,2018,8.0,3.2,Lean R,True,False,defend,30,16,377273.0,339546.0,283706.0,255336.0,339546.0,320682.0,255336.0,241151.0,320682.0,301819.0,241151.0,226965.0,366372.0,"{""office"": ""AZ Senate District 4"", ""source"": ""mock"", ""candidates"": [{""name"": ""Patricia Rodriguez"", ""party"": ""R""}, {""name"": ""Elizabeth Lopez"", ""party"": ""D""}]}",Synthetic state-leg row — replace via OpenStates / FTM pipeline,mock
AZ-U-005,AZ,upper,5,ocd-division/country:us/state:az/sldu:5,AZ SD-5,D,John Martinez,D,2019,7.0,-4.6,Lean D,True,False,attack,30,16,770710.0,693639.0,796781.0,717103.0,693639.0,655103.0,717103.0,677264.0,655103.0,616568.0,677264.0,637425.0,837488.0,"{""office"": ""AZ Senate District 5"", ""source"": ""mock"", ""candidates"": [{""name"": ""John Martinez"", ""party"": ""D""}, {""name"": ""Elizabeth Anderson"", ""party"": ""R""}]}",Synthetic state-leg row — replace via OpenStates / FTM pipeline,mock
AZ-U-006,AZ,upper,6,ocd-division/country:us/state:az/sldu:6,AZ SD-6,D,Jennifer Hernandez,D,2011,15.0,-14.0,Likely D,True,False,safe,30,16,337656.0,303890.0,391554.0,352398.0,303890.0,287008.0,352398.0,332821.0,287008.0,270125.0,332821.0,313243.0,291684.0,"{""office"": ""AZ Senate District 6"", ""source"": ""mock"", ""candidates"": [{""name"": ""Jennifer Hernandez"", ""party"": ""D""}]}",Synthetic state-leg row — replace via OpenStates / FTM pipeline,mock
AZ-U-007,AZ,upper,7,ocd-division/country:us/state:az/sldu:7,AZ SD-7,R,Michael Lopez,R,2012,14.0,5.9,Lean R,True,False,defend,30,16,297513.0,267762.0,222546.0,200292.0,267762.0,252886.0,200292.0,189164.0,252886.0,238010.0,189164.0,178037.0,268202.0,"{""office"": ""AZ Senate District 7"", ""source"": ""mock"", ""candidates"": [{""name"": ""Michael Lopez"", ""party"": ""R""}, {""name"": ""David Hernandez"", ""party"": ""D""}]}",Synthetic state-leg row — replace via OpenStates / FTM pipeline,mock
AZ-U-008,AZ,upper,8,ocd-division/country:us/state:az/sldu:8,AZ SD-8,R,Linda Wilson,R,2009,17.0,8.9,Likely R,True,False,defend,30,16,510383.0,459345.0,580392.0,522352.0,459345.0,433826.0,522352.0,493333.0,433826.0,408306.0,493333.0,464313.0,515781.0,"{""office"": ""AZ Senate District 8"", ""source"": ""mock"", ""candidates"": [{""name"": ""Linda Wilson"", ""party"": ""R""}, {""name"": ""David Brown"", ""party"": ""D""}]}",Synthetic state-leg row — replace via OpenStates / FTM pipeline,mock
AZ-U-009,AZ,upper,9,ocd-division/country:us/state:az/sldu:9,AZ SD-9,D,David Anderson,D,2016,10.0,-14.7,Likely D,True,False,safe,30,16,501080.0,450972.0,491892.0,442703.0,450972.0,425918.0,442703.0,418108.0,425918.0,400864.0,418108.0,393513.0,387259.0,"{""office"": ""AZ Senate District 9"", ""source"": ""mock"", ""candidates"": [{""name"": ""David Anderson"", ""party"": ""D""}, {""name"": ""James Miller"", ""party"": ""R""}]}",Synthetic state-leg row — replace via OpenStates / FTM pipeline,mock
AZ-U-010,AZ,upper,10,ocd-division/country:us/state:az/sldu:10,AZ SD-10,R,OPEN SEAT,,,0.0,15.4,Likely R,False,True,safe,30,16,203917.0,183525.0,143302.0,128972.0,183525.0,173330.0,128972.0,121807.0,173330.0,163134.0,121807.0,114642.0,131943.0,"{""office"": ""AZ Senate District 10"", ""source"": ""mock"", ""candidates"": [{""name"": ""Barbara Smith"", ""party"": ""D""}]}",Synthetic state-leg row — replace via OpenStates / FTM pipeline,mock
AZ-U-011,AZ,upper,11,ocd-division/country:us/state:az/sldu:11,AZ SD-11,R,Elizabeth Thomas,R,2009,17.0,0.9,Toss-up,True,False,defend,30,16,1051468.0,946321.0,809685.0,728717.0,946321.0,893748.0,728717.0,688233.0,893748.0,841174.0,688233.0,647748.0,1092763.0,"{""office"": ""AZ Senate District 11"", ""source"": ""mock"", ""candidates"": [{""name"": ""Elizabeth Thomas"", ""party"": ""R""}, {""name"": ""John Thomas"", ""party"": ""D""}]}",Synthetic state-leg row — replace via OpenStates / FTM pipeline,mock
AZ-U-012,AZ,upper,12,ocd-division/country:us/state:az/sldu:12,AZ SD-12,R,William Smith,R,2015,11.0,15.5,Likely R,True,False,safe,30,16,471310.0,424179.0,354515.0,319063.0,424179.0,400614.0,319063.0,301337.0,400614.0,377048.0,301337.0,283612.0,312634.0,"{""office"": ""AZ Senate District 12"", ""source"": ""mock"", ""candidates"": [{""name"": ""William Smith"", ""party"": ""R""}]}",Synthetic state-leg row — replace via OpenStates / FTM pipeline,mock
AZ-U-013,AZ,upper,13,ocd-division/country:us/state:az/sldu:13,AZ SD-13,D,Barbara Johnson,D,2021,5.0,-5.9,Lean D,True,False,attack,30,16,673219.0,605897.0,1000302.0,900272.0,605897.0,572236.0,900272.0,850257.0,572236.0,538575.0,850257.0,800242.0,863059.0,"{""office"": ""AZ Senate District 13"", ""source"": ""mock"", ""candidates"": [{""name"": ""Barbara Johnson"", ""party"": ""D""}, {""name"": ""Jessica Rodriguez"", ""party"": ""R""}]}",Synthetic state-leg row — replace via OpenStates / FTM pipeline,mock
AZ-U-014,AZ,upper,14,ocd-division/country:us/state:az/sldu:14,AZ SD-14,R,Richard Williams,R,2009,17.0,2.0,Lean R,True,False,defend,30,16,285671.0,257104.0,180284.0,162256.0,257104.0,242821.0,162256.0,153241.0,242821.0,228537.0,153241.0,144227.0,266260.0,"{""office"": ""AZ Senate District 14"", ""source"": ""mock"", ""candidates"": [{""name"": ""Richard Williams"", ""party"": ""R""}, {""name"": ""Linda Johnson"", ""party"": ""D""}]}",Synthetic state-leg row — replace via OpenStates / FTM pipeline,mock
AZ-U-015,AZ,upper,15,ocd-division/country:us/state:az/sldu:15,AZ SD-15,D,Susan Brown,D,2010,16.0,-10.2,Likely D,True,False,attack,30,16,544880.0,490392.0,633610.0,570249.0,490392.0,463148.0,570249.0,538568.0,463148.0,435904.0,538568.0,506888.0,535371.0,"{""office"": ""AZ Senate District 15"", ""source"": ""mock"", ""candidates"": [{""name"": ""Susan Brown"", ""party"": ""D""}, {""name"": ""David Wilson"", ""party"": ""R""}]}",Synthetic state-leg row — replace via OpenStates / FTM pipeline,mock
AZ-U-016,AZ,upper,16,ocd-division/country:us/state:az/sldu:16,AZ SD-16,R,Joseph Jones,R,2023,3.0,11.9,Likely R,True,False,defend,30,16,922663.0,830397.0,540838.0,486754.0,830397.0,784263.0,486754.0,459712.0,784263.0,738130.0,459712.0,432670.0,629305.0,"{""office"": ""AZ Senate District 16"", ""source"": ""mock"", ""candidates"": [{""name"": ""Joseph Jones"", ""party"": ""R""}, {""name"": ""Richard Hernandez"", ""party"": ""D""}]}",Synthetic state-leg row — replace via OpenStates / FTM pipeline,mock
AZ-U-017,AZ,upper,17,ocd-division/country:us/state:az/sldu:17,AZ SD-17,D,Jessica Garcia,D,2010,16.0,-1.3,Toss-up,False,False,attack,30,16,305939.0,275345.0,546280.0,491652.0,275345.0,260048.0,491652.0,464338.0,260048.0,244751.0,464338.0,437024.0,495505.0,"{""office"": ""AZ Senate District 17"", ""source"": ""mock"", ""candidates"": [{""name"": ""Jessica Garcia"", ""party"": ""D""}, {""name"": ""John Jones"", ""party"": ""R""}]}",Synthetic state-leg row — replace via OpenStates / FTM pipeline,mock
AZ-U-018,AZ,upper,18,ocd-division/country:us/state:az/sldu:18,AZ SD-18,R,James Miller,R,2023,3.0,5.9,Lean R,True,False,defend,30,16,332417.0,299176.0,403573.0,363216.0,299176.0,282555.0,363216.0,343037.0,282555.0,265934.0,343037.0,322859.0,379561.0,"{""office"": ""AZ Senate District 18"", ""source"": ""mock"", ""candidates"": [{""name"": ""James Miller"", ""party"": ""R""}, {""name"": ""Mary Smith"", ""party"": ""D""}]}",Synthetic state-leg row — replace via OpenStates / FTM pipeline,mock
AZ-U-019,AZ,upper,19,ocd-division/country:us/state:az/sldu:19,AZ SD-19,R,Mary Davis,R,2018,8.0,10.6,Likely R,True,False,defend,30,16,566664.0,509997.0,494548.0,445093.0,509997.0,481664.0,445093.0,420365.0,481664.0,453331.0,420365.0,395638.0,476029.0,"{""office"": ""AZ Senate District 19"", ""source"": ""mock"", ""candidates"": [{""name"": ""Mary Davis"", ""party"": ""R""}, {""name"": ""Robert Jones"", ""party"": ""D""}]}",Synthetic state-leg row — replace via OpenStates / FTM pipeline,mock
AZ-U-020,AZ,upper,20,ocd-division/country:us/state:az/sldu:20,AZ SD-20,R,Robert Rodriguez,R,2018,8.0,7.9,Likely R,True,False,defend,30,16,342216.0,307994.0,196763.0,177087.0,307994.0,290884.0,177087.0,167249.0,290884.0,273773.0,167249.0,157410.0,262560.0,"{""office"": ""AZ Senate District 20"", ""source"": ""mock"", ""candidates"": [{""name"": ""Robert Rodriguez"", ""party"": ""R""}, {""name"": ""Michael Davis"", ""party"": ""D""}]}",Synthetic state-leg row — replace via OpenStates / FTM pipeline,mock
AZ-U-021,AZ,upper,21,ocd-division/country:us/state:az/sldu:21,AZ SD-21,D,OPEN SEAT,,,0.0,-11.8,Likely D,False,True,attack,30,16,584265.0,525838.0,706795.0,636115.0,525838.0,496625.0,636115.0,600776.0,496625.0,467412.0,600776.0,565436.0,557000.0,"{""office"": ""AZ Senate District 21"", ""source"": ""mock"", ""candidates"": [{""name"": ""Susan Smith"", ""party"": ""R""}]}",Synthetic state-leg row — replace via OpenStates / FTM pipeline,mock
AZ-U-022,AZ,upper,22,ocd-division/country:us/state:az/sldu:22,AZ SD-22,D,Patricia Martinez,D,2009,17.0,1.9,Toss-up,True,False,attack,30,16,892427.0,803184.0,980069.0,882062.0,803184.0,758563.0,882062.0,833059.0,758563.0,713941.0,833059.0,784056.0,1072673.0,"{""office"": ""AZ Senate District 22"", ""source"": ""mock"", ""candidates"": [{""name"": ""Patricia Martinez"", ""party"": ""D""}, {""name"": ""James Martinez"", ""party"": ""R""}]}",Synthetic state-leg row — replace via OpenStates / FTM pipeline,mock
AZ-U-023,AZ,upper,23,ocd-division/country:us/state:az/sldu:23,AZ SD-23,D,John Hernandez,D,2009,17.0,1.6,Toss-up,True,False,attack,30,16,752931.0,677638.0,1312164.0,1180947.0,677638.0,639991.0,1180947.0,1115339.0,639991.0,602345.0,1115339.0,1049731.0,1191854.0,"{""office"": ""AZ Senate District 23"", ""source"": ""mock"", ""candidates"": [{""name"": ""John Hernandez"", ""party"": ""D""}, {""name"": ""Jessica Smith"", ""party"": ""R""}]}",Synthetic state-leg row — replace via OpenStates / FTM pipeline,mock
AZ-U-024,AZ,upper,24,ocd-division/country:us/state:az/sldu:24,AZ SD-24,R,Jennifer Lopez,R,2014,12.0,4.0,Lean R,True,False,defend,30,16,269259.0,242333.0,144434.0,129991.0,242333.0,228870.0,129991.0,122769.0,228870.0,215407.0,122769.0,115547.0,224576.0,"{""office"": ""AZ Senate District 24"", ""source"": ""mock"", ""candidates"": [{""name"": ""Jennifer Lopez"", ""party"": ""R""}, {""name"": ""Jennifer Martinez"", ""party"": ""D""}]}",Synthetic state-leg row — replace via OpenStates / FTM pipeline,mock
AZ-U-025,AZ,upper,25,ocd-division/country:us/state:az/sldu:25,AZ SD-25,R,Michael Wilson,R,2024,2.0,12.8,Likely R,False,False,defend,30,16,608497.0,547647.0,567168.0,510451.0,547647.0,517222.0,510451.0,482093.0,517222.0,486797.0,482093.0,453734.0,490420.0,"{""office"": ""AZ Senate District 25"", ""source"": ""mock"", ""candidates"": [{""name"": ""Michael Wilson"", ""party"": ""R""}, {""name"": ""Joseph Garcia"", ""party"": ""D""}]}",Synthetic state-leg row — replace via OpenStates / FTM pipeline,mock
AZ-U-026,AZ,upper,26,ocd-division/country:us/state:az/sldu:26,AZ SD-26,D,Linda Anderson,D,2024,2.0,-5.0,Lean D,True,False,attack,30,16,646217.0,581595.0,963084.0,866776.0,581595.0,549284.0,866776.0,818622.0,549284.0,516974.0,818622.0,770467.0,850631.0,"{""office"": ""AZ Senate District 26"", ""source"": ""mock"", ""candidates"": [{""name"": ""Linda Anderson"", ""party"": ""D""}, {""name"": ""David Hernandez"", ""party"": ""R""}]}",Synthetic state-leg row — replace via OpenStates / FTM pipeline,mock
AZ-U-027,AZ,upper,27,ocd-division/country:us/state:az/sldu:27,AZ SD-27,D,David Thomas,D,2013,13.0,-11.1,Likely D,True,False,attack,30,16,516259.0,464633.0,914210.0,822789.0,464633.0,438820.0,822789.0,777079.0,438820.0,413007.0,777079.0,731368.0,631450.0,"{""office"": ""AZ Senate District 27"", ""source"": ""mock"", ""candidates"": [{""name"": ""David Thomas"", ""party"": ""D""}, {""name"": ""Linda Smith"", ""party"": ""R""}]}",Synthetic state-leg row — replace via OpenStates / FTM pipeline,mock
AZ-U-028,AZ,upper,28,ocd-division/country:us/state:az/sldu:28,AZ SD-28,D,Elizabeth Smith,D,2010,16.0,-1.6,Toss-up,True,False,attack,30,16,360176.0,324159.0,365779.0,329201.0,324159.0,306150.0,329201.0,310912.0,306150.0,288141.0,310912.0,292623.0,418980.0,"{""office"": ""AZ Senate District 28"", ""source"": ""mock"", ""candidates"": [{""name"": ""Elizabeth Smith"", ""party"": ""D""}, {""name"": ""Barbara Rodriguez"", ""party"": ""R""}]}",Synthetic state-leg row — replace via OpenStates / FTM pipeline,mock
AZ-U-029,AZ,upper,29,ocd-division/country:us/state:az/sldu:29,AZ SD-29,D,William Johnson,D,2015,11.0,4.7,Lean R,True,False,attack,30,16,729286.0,656358.0,764373.0,687935.0,656358.0,619893.0,687935.0,649717.0,619893.0,583429.0,649717.0,611498.0,795907.0,"{""office"": ""AZ Senate District 29"", ""source"": ""mock"", ""candidates"": [{""name"": ""William Johnson"", ""party"": ""D""}, {""name"": ""Mary Davis"", ""party"": ""R""}]}",Synthetic state-leg row — replace via OpenStates / FTM pipeline,mock
AZ-U-030,AZ,upper,30,ocd-division/country:us/state:az/sldu:30,AZ SD-30,R,Barbara Williams,R,2023,3.0,0.3,Toss-up,True,False,defend,30,16,458197.0,412377.0,420431.0,378388.0,412377.0,389467.0,378388.0,357366.0,389467.0,366558.0,357366.0,336345.0,523411.0,"{""office"": ""AZ Senate District 30"", ""source"": ""mock"", ""candidates"": [{""name"": ""Barbara Williams"", ""party"": ""R""}, {""name"": ""Robert Williams"", ""party"": ""D""}]}",Synthetic state-leg row — replace via OpenStates / FTM pipeline,mock
CA-U-001,CA,upper,1,ocd-division/country:us/state:ca/sldu:1,CA SD-1,D,Richard Brown,D,2021,5.0,-6.5,Lean D,True,False,attack,40,21,250596.0,225537.0,301985.0,271786.0,225537.0,213007.0,271786.0,256687.0,213007.0,200477.0,256687.0,241588.0,280238.0,"{""office"": ""CA Senate District 1"", ""source"": ""mock"", ""candidates"": [{""name"": ""Richard Brown"", ""party"": ""D""}, {""name"": ""Linda Davis"", ""party"": ""R""}]}",Synthetic state-leg row — replace via OpenStates / FTM pipeline,mock
CA-U-002,CA,upper,2,ocd-division/country:us/state:ca/sldu:2,CA SD-2,R,Susan Jones,R,2021,5.0,-1.7,Toss-up,True,False,defend,40,21,946309.0,851678.0,935238.0,841714.0,851678.0,804363.0,841714.0,794952.0,804363.0,757047.0,794952.0,748190.0,1083234.0,"{""office"": ""CA Senate District 2"", ""source"": ""mock"", ""candidates"": [{""name"": ""Susan Jones"", ""party"": ""R""}, {""name"": ""Richard Martinez"", ""party"": ""D""}]}",Synthetic state-leg row — replace via OpenStates / FTM pipeline,mock
CA-U-003,CA,upper,3,ocd-division/country:us/state:ca/sldu:3,CA SD-3,D,Joseph Garcia,D,2013,13.0,-11.8,Likely D,True,False,attack,40,21,430367.0,387331.0,733897.0,660507.0,387331.0,365812.0,660507.0,623813.0,365812.0,344294.0,623813.0,587118.0,502297.0,"{""office"": ""CA Senate District 3"", ""source"": ""mock"", ""candidates"": [{""name"": ""Joseph Garcia"", ""party"": ""D""}, {""name"": ""Richard Davis"", ""party"": ""R""}]}",Synthetic state-leg row — replace via OpenStates / FTM pipeline,mock
CA-U-004,CA,upper,4,ocd-division/country:us/state:ca/sldu:4,CA SD-4,D,Jessica Miller,D,2014,12.0,-3.8,Lean D,True,False,attack,40,21,253084.0,227775.0,340052.0,306047.0,227775.0,215121.0,306047.0,289044.0,215121.0,202467.0,289044.0,272042.0,323683.0,"{""office"": ""CA Senate District 4"", ""source"": ""mock"", ""candidates"": [{""name"": ""Jessica Miller"", ""party"": ""D""}, {""name"": ""Elizabeth Wilson"", ""party"": ""R""}]}",Synthetic state-leg row — replace via OpenStates / FTM pipeline,mock
CA-U-005,CA,upper,5,ocd-division/country:us/state:ca/sldu:5,CA SD-5,D,James Davis,D,2008,18.0,-4.2,Lean D,True,False,attack,40,21,569722.0,512750.0,662319.0,596087.0,512750.0,484264.0,596087.0,562971.0,484264.0,455778.0,562971.0,529855.0,665302.0,"{""office"": ""CA Senate District 5"", ""source"": ""mock"", ""candidates"": [{""name"": ""James Davis"", ""party"": ""D""}, {""name"": ""Patricia Wilson"", ""party"": ""R""}]}",Synthetic state-leg row — replace via OpenStates / FTM pipeline,mock
CA-U-006,CA,upper,6,ocd-division/country:us/state:ca/sldu:6,CA SD-6,D,Mary Rodriguez,D,2024,2.0,-8.4,Likely D,True,False,attack,40,21,334744.0,301270.0,479823.0,431841.0,301270.0,284532.0,431841.0,407850.0,284532.0,267795.0,407850.0,383859.0,390992.0,"{""office"": ""CA Senate District 6"", ""source"": ""mock"", ""candidates"": [{""name"": ""Mary Rodriguez"", ""party"": ""D""}, {""name"": ""Jessica Rodriguez"", ""party"": ""R""}]}",Synthetic state-leg row — replace via OpenStates / FTM pipeline,mock
CA-U-007,CA,upper,7,ocd-division/country:us/state:ca/sldu:7,CA SD-7,D,Robert Martinez,D,2008,18.0,-11.4,Likely D,True,False,attack,40,21,496263.0,446637.0,551542.0,496388.0,446637.0,421824.0,496388.0,468811.0,421824.0,397011.0,468811.0,441234.0,458041.0,"{""office"": ""CA Senate District 7"", ""source"": ""mock"", ""candidates"": [{""name"": ""Robert Martinez"", ""party"": ""D""}, {""name"": ""Barbara Thomas"", ""party"": ""R""}]}",Synthetic state-leg row — replace via OpenStates / FTM pipeline,mock
CA-U-008,CA,upper,8,ocd-division/country:us/state:ca/sldu:8,CA SD-8,D,Patricia Hernandez,D,2023,3.0,-3.2,Lean D,True,False,attack,40,21,598779.0,538901.0,1056206.0,950585.0,538901.0,508962.0,950585.0,897775.0,508962.0,479023.0,897775.0,844964.0,917334.0,"{""office"": ""CA Senate District 8"", ""source"": ""mock"", ""candidates"": [{""name"": ""Patricia Hernandez"", ""party"": ""D""}, {""name"": ""Richard Jones"", ""party"": ""R""}]}",Synthetic state-leg row — replace via OpenStates / FTM pipeline,mock
CA-U-009,CA,upper,9,ocd-division/country:us/state:ca/sldu:9,CA SD-9,D,John Lopez,D,2018,8.0,-1.3,Toss-up,True,False,attack,40,21,944703.0,850232.0,797543.0,717789.0,850232.0,802997.0,717789.0,677911.0,802997.0,755762.0,677911.0,638034.0,1012991.0,"{""office"": ""CA Senate District 9"", ""source"": ""mock"", ""candidates"": [{""name"": ""John Lopez"", ""party"": ""D""}, {""name"": ""Michael Jones"", ""party"": ""R""}]}",Synthetic state-leg row — replace via OpenStates / FTM pipeline,mock
CA-U-010,CA,upper,10,ocd-division/country:us/state:ca/sldu:10,CA SD-10,D,Jennifer Wilson,D,2023,3.0,-15.9,Likely D,True,False,safe,40,21,334220.0,300798.0,389411.0,350470.0,300798.0,284087.0,350470.0,331000.0,284087.0,267376.0,331000.0,311529.0,269811.0,"{""office"": ""CA Senate District 10"", ""source"": ""mock"", ""candidates"": [{""name"": ""Jennifer Wilson"", ""party"": ""D""}, {""name"": ""Richard Brown"", ""party"": ""R""}]}",Synthetic state-leg row — replace via OpenStates / FTM pipeline,mock
CA-U-011,CA,upper,11,ocd-division/country:us/state:ca/sldu:11,CA SD-11,D,Michael Anderson,D,2020,6.0,0.3,Toss-up,True,False,attack,40,21,767850.0,691065.0,785931.0,707338.0,691065.0,652672.0,707338.0,668042.0,652672.0,614280.0,668042.0,628745.0,925610.0,"{""office"": ""CA Senate District 11"", ""source"": ""mock"", ""candidates"": [{""name"": ""Michael Anderson"", ""party"": ""D""}, {""name"": ""James Williams"", ""party"": ""R""}]}",Synthetic state-leg row — replace via OpenStates / FTM pipeline,mock
CA-U-012,CA,upper,12,ocd-division/country:us/state:ca/sldu:12,CA SD-12,D,Linda Thomas,D,2014,12.0,-3.0,Lean D,True,False,attack,40,21,506252.0,455627.0,542004.0,487804.0,455627.0,430314.0,487804.0,460704.0,430314.0,405002.0,460704.0,433603.0,584029.0,"{""office"": ""CA Senate District 12"", ""source"": ""mock"", ""candidates"": [{""name"": ""Linda Thomas"", ""party"": ""D""}, {""name"": ""Michael Jones"", ""party"": ""R""}]}",Synthetic state-leg row — replace via OpenStates / FTM pipeline,mock
CA-U-013,CA,upper,13,ocd-division/country:us/state:ca/sldu:13,CA SD-13,D,David Smith,D,2024,2.0,-17.2,Likely D,True,False,safe,40,21,570360.0,513324.0,695399.0,625859.0,513324.0,484806.0,625859.0,591089.0,484806.0,456288.0,591089.0,556319.0,448440.0,"{""office"": ""CA Senate District 13"", ""source"": ""mock"", ""candidates"": [{""name"": ""David Smith"", ""party"": ""D""}]}",Synthetic state-leg row — replace via OpenStates / FTM pipeline,mock
CA-U-014,CA,upper,14,ocd-division/country:us/state:ca/sldu:14,CA SD-14,D,Elizabeth Johnson,D,2013,13.0,-12.2,Likely D,True,False,attack,40,21,358937.0,323044.0,367794.0,331014.0,323044.0,305097.0,331014.0,312625.0,305097.0,287150.0,312625.0,294235.0,309380.0,"{""office"": ""CA Senate District 14"", ""source"": ""mock"", ""candidates"": [{""name"": ""Elizabeth Johnson"", ""party"": ""D""}, {""name"": ""Robert Anderson"", ""party"": ""R""}]}",Synthetic state-leg row — replace via OpenStates / FTM pipeline,mock
CA-U-015,CA,upper,15,ocd-division/country:us/state:ca/sldu:15,CA SD-15,D,OPEN SEAT,,,0.0,-11.6,Likely D,False,True,attack,40,21,422941.0,380647.0,461786.0,415607.0,380647.0,359500.0,415607.0,392518.0,359500.0,338353.0,392518.0,369429.0,384224.0,"{""office"": ""CA Senate District 15"", ""source"": ""mock"", ""candidates"": [{""name"": ""Robert Davis"", ""party"": ""R""}]}",Synthetic state-leg row — replace via OpenStates / FTM pipeline,mock
CA-U-016,CA,upper,16,ocd-division/country:us/state:ca/sldu:16,CA SD-16,D,William Williams,D,2009,17.0,-8.5,Likely D,True,False,attack,40,21,523568.0,471211.0,425167.0,382650.0,471211.0,445033.0,382650.0,361392.0,445033.0,418854.0,361392.0,340134.0,454037.0,"{""office"": ""CA Senate District 16"", ""source"": ""mock"", ""candidates"": [{""name"": ""William Williams"", ""party"": ""D""}, {""name"": ""Barbara Garcia"", ""party"": ""R""}]}",Synthetic state-leg row — replace via OpenStates / FTM pipeline,mock
CA-U-017,CA,upper,17,ocd-division/country:us/state:ca/sldu:17,CA SD-17,D,Barbara Brown,D,2020,6.0,-8.1,Likely D,True,False,attack,40,21,345987.0,311388.0,321511.0,289360.0,311388.0,294089.0,289360.0,273284.0,294089.0,276789.0,273284.0,257209.0,323260.0,"{""office"": ""CA Senate District 17"", ""source"": ""mock"", ""candidates"": [{""name"": ""Barbara Brown"", ""party"": ""D""}, {""name"": ""John Brown"", ""party"": ""R""}]}",Synthetic state-leg row — replace via OpenStates / FTM pipeline,mock
CA-U-018,CA,upper,18,ocd-division/country:us/state:ca/sldu:18,CA SD-18,D,Richard Jones,D,2012,14.0,-1.9,Toss-up,True,False,attack,40,21,465258.0,418732.0,587742.0,528968.0,418732.0,395469.0,528968.0,499581.0,395469.0,372206.0,499581.0,470194.0,603219.0,"{""office"": ""CA Senate District 18"", ""source"": ""mock"", ""candidates"": [{""name"": ""Richard Jones"", ""party"": ""D""}, {""name"": ""Mary Thomas"", ""party"": ""R""}]}",Synthetic state-leg row — replace via OpenStates / FTM pipeline,mock
CA-U-019,CA,upper,19,ocd-division/country:us/state:ca/sldu:19,CA SD-19,R,Susan Garcia,R,2024,2.0,2.4,Lean R,True,False,defend,40,21,527577.0,474819.0,503882.0,453494.0,474819.0,448440.0,453494.0,428300.0,448440.0,422061.0,428300.0,403106.0,583511.0,"{""office"": ""CA Senate District 19"", ""source"": ""mock"", ""candidates"": [{""name"": ""Susan Garcia"", ""party"": ""R""}, {""name"": ""Barbara Anderson"", ""party"": ""D""}]}",Synthetic state-leg row — replace via OpenStates / FTM pipeline,mock
CA-U-020,CA,upper,20,ocd-division/country:us/state:ca/sldu:20,CA SD-20,D,Joseph Miller,D,2020,6.0,-29.0,Likely D,True,False,safe,40,21,117493.0,105744.0,142376.0,128139.0,105744.0,99869.0,128139.0,121020.0,99869.0,93994.0,121020.0,113901.0,64448.0,"{""office"": ""CA Senate District 20"", ""source"": ""mock"", ""candidates"": [{""name"": ""Joseph Miller"", ""party"": ""D""}, {""name"": ""Linda Miller"", ""party"": ""R""}]}",Synthetic state-leg row — replace via OpenStates / FTM pipeline,mock
CA-U-021,CA,upper,21,ocd-division/country:us/state:ca/sldu:21,CA SD-21,D,Jessica Davis,D,2014,12.0,-29.6,Likely D,True,False,safe,40,21,72029.0,64826.0,94746.0,85271.0,64826.0,61224.0,85271.0,80534.0,61224.0,57623.0,80534.0,75797.0,41360.0,"{""office"": ""CA Senate District 21"", ""source"": ""mock"", ""candidates"": [{""name"": ""Jessica Davis"", ""party"": ""D""}]}",Synthetic state-leg row — replace via OpenStates / FTM pipeline,mock
CA-U-022,CA,upper,22,ocd-division/country:us/state:ca/sldu:22,CA SD-22,D,James Rodriguez,D,2018,8.0,-11.8,Likely D,True,False,attack,40,21,543837.0,489454.0,922226.0,830004.0,489454.0,462262.0,830004.0,783892.0,462262.0,435070.0,783892.0,737781.0,632502.0,"{""office"": ""CA Senate District 22"", ""source"": ""mock"", ""candidates"": [{""name"": ""James Rodriguez"", ""party"": ""D""}, {""name"": ""Patricia Garcia"", ""party"": ""R""}]}",Synthetic state-leg row — replace via OpenStates / FTM pipeline,mock
CA-U-023,CA,upper,23,ocd-division/country:us/state:ca/sldu:23,CA SD-23,D,Mary Martinez,D,2010,16.0,-6.3,Lean D,True,False,attack,40,21,844100.0,759690.0,676265.0,608638.0,759690.0,717485.0,608638.0,574825.0,717485.0,675280.0,574825.0,541012.0,775386.0,"{""office"": ""CA Senate District 23"", ""source"": ""mock"", ""candidates"": [{""name"": ""Mary Martinez"", ""party"": ""D""}, {""name"": ""Patricia Lopez"", ""party"": ""R""}]}",Synthetic state-leg row — replace via OpenStates / FTM pipeline,mock
CA-U-024,CA,upper,24,ocd-division/country:us/state:ca/sldu:24,CA SD-24,R,Robert Hernandez,R,2010,16.0,-1.1,Toss-up,True,False,defend,40,21,355148.0,319633.0,312555.0,281300.0,319633.0,301876.0,281300.0,265672.0,301876.0,284118.0,265672.0,250044.0,390129.0,"{""office"": ""CA Senate District 24"", ""source"": ""mock"", ""candidates"": [{""name"": ""Robert Hernandez"", ""party"": ""R""}, {""name"": ""Jessica Williams"", ""party"": ""D""}]}",Synthetic state-leg row — replace via OpenStates / FTM pipeline,mock
CA-U-025,CA,upper,25,ocd-division/country:us/state:ca/sldu:25,CA SD-25,D,Patricia Lopez,D,2012,14.0,-15.4,Likely D,True,False,safe,40,21,412547.0,371292.0,538132.0,484319.0,371292.0,350665.0,484319.0,457412.0,350665.0,330037.0,457412.0,430505.0,361258.0,"{""office"": ""CA Senate District 25"", ""source"": ""mock"", ""candidates"": [{""name"": ""Patricia Lopez"", ""party"": ""D""}]}",Synthetic state-leg row — replace via OpenStates / FTM pipeline,mock
CA-U-026,CA,upper,26,ocd-division/country:us/state:ca/sldu:26,CA SD-26,D,John Wilson,D,2013,13.0,-14.4,Likely D,True,False,safe,40,21,166180.0,149562.0,199574.0,179617.0,149562.0,141253.0,179617.0,169638.0,141253.0,132944.0,169638.0,159659.0,144212.0,"{""office"": ""CA Senate District 26"", ""source"": ""mock"", ""candidates"": [{""name"": ""John Wilson"", ""party"": ""D""}]}",Synthetic state-leg row — replace via OpenStates / FTM pipeline,mock
CA-U-027,CA,upper,27,ocd-division/country:us/state:ca/sldu:27,CA SD-27,D,OPEN SEAT,,,0.0,-18.0,Likely D,False,True,safe,40,21,350822.0,315740.0,570753.0,513678.0,315740.0,298199.0,513678.0,485140.0,298199.0,280658.0,485140.0,456603.0,315969.0,"{""office"": ""CA Senate District 27"", ""source"": ""mock"", ""candidates"": [{""name"": ""Michael Johnson"", ""party"": ""R""}]}",Synthetic state-leg row — replace via OpenStates / FTM pipeline,mock
CA-U-028,CA,upper,28,ocd-division/country:us/state:ca/sldu:28,CA SD-28,D,Jennifer Anderson,D,2009,17.0,-14.1,Likely D,True,False,safe,40,21,548642.0,493777.0,575138.0,517625.0,493777.0,466345.0,517625.0,488868.0,466345.0,438913.0,488868.0,460111.0,447907.0,"{""office"": ""CA Senate District 28"", ""source"": ""mock"", ""candidates"": [{""name"": ""Jennifer Anderson"", ""party"": ""D""}, {""name"": ""Jessica Rodriguez"", ""party"": ""R""}]}",Synthetic state-leg row — replace via OpenStates / FTM pipeline,mock
CA-U-029,CA,upper,29,ocd-division/country:us/state:ca/sldu:29,CA SD-29,D,Michael Thomas,D,2017,9.0,-20.7,Likely D,True,False,safe,40,21,265828.0,239245.0,361223.0,325101.0,239245.0,225954.0,325101.0,307040.0,225954.0,212662.0,307040.0,288979.0,190803.0,"{""office"": ""CA Senate District 29"", ""source"": ""mock"", ""candidates"": [{""name"": ""Michael Thomas"", ""party"": ""D""}]}",Synthetic state-leg row — replace via OpenStates / FTM pipeline,mock
CA-U-030,CA,upper,30,ocd-division/country:us/state:ca/sldu:30,CA SD-30,D,Linda Smith,D,2017,9.0,-8.6,Likely D,True,False,attack,40,21,356803.0,321123.0,297104.0,267393.0,321123.0,303282.0,267393.0,252538.0,303282.0,285442.0,252538.0,237683.0,312007.0,"{""office"": ""CA Senate District 30"", ""source"": ""mock"", ""candidates"": [{""name"": ""Linda Smith"", ""party"": ""D""}, {""name"": ""Jessica Anderson"", ""party"": ""R""}]}",Synthetic state-leg row — replace via OpenStates / FTM pipeline,mock
CA-U-031,CA,upper,31,ocd-division/country:us/state:ca/sldu:31,CA SD-31,R,David Johnson,R,2016,10.0,-1.9,Toss-up,True,False,defend,40,21,521574.0,469416.0,653032.0,587729.0,469416.0,443338.0,587729.0,555078.0,443338.0,417259.0,555078.0,522426.0,672881.0,"{""office"": ""CA Senate District 31"", ""source"": ""mock"", ""candidates"": [{""name"": ""David Johnson"", ""party"": ""R""}, {""name"": ""Elizabeth Davis"", ""party"": ""D""}]}",Synthetic state-leg row — replace via OpenStates / FTM pipeline,mock
CA-U-032,CA,upper,32,ocd-division/country:us/state:ca/sldu:32,CA SD-32,D,Elizabeth Williams,D,2021,5.0,-15.5,Likely D,True,False,safe,40,21,431970.0,388773.0,517021.0,465319.0,388773.0,367174.0,465319.0,439468.0,367174.0,345576.0,439468.0,413617.0,359261.0,"{""office"": ""CA Senate District 32"", ""source"": ""mock"", ""candidates"": [{""name"": ""Elizabeth Williams"", ""party"": ""D""}]}",Synthetic state-leg row — replace via OpenStates / FTM pipeline,mock
CA-U-033,CA,upper,33,ocd-division/country:us/state:ca/sldu:33,CA SD-33,D,William Brown,D,2021,5.0,-16.1,Likely D,True,False,safe,40,21,346803.0,312122.0,371486.0,334337.0,312122.0,294782.0,334337.0,315763.0,294782.0,277442.0,315763.0,297189.0,265767.0,"{""office"": ""CA Senate District 33"", ""source"": ""mock"", ""candidates"": [{""name"": ""William Brown"", ""party"": ""D""}]}",Synthetic state-leg row — replace via OpenStates / FTM pipeline,mock
CA-U-034,CA,upper,34,ocd-division/country:us/state:ca/sldu:34,CA SD-34,D,Barbara Jones,D,2009,17.0,-0.1,Toss-up,True,False,attack,40,21,872730.0,785457.0,1047701.0,942931.0,785457.0,741821.0,942931.0,890546.0,741821.0,698184.0,890546.0,838161.0,1149515.0,"{""office"": ""CA Senate District 34"", ""source"": ""mock"", ""candidates"": [{""name"": ""Barbara Jones"", ""party"": ""D""}, {""name"": ""Michael Jones"", ""party"": ""R""}]}",Synthetic state-leg row — replace via OpenStates / FTM pipeline,mock
CA-U-035,CA,upper,35,ocd-division/country:us/state:ca/sldu:35,CA SD-35,D,Richard Garcia,D,2018,8.0,-39.9,Likely D,True,False,safe,40,21,115557.0,104002.0,178533.0,160680.0,104002.0,98224.0,160680.0,151753.0,98224.0,92446.0,151753.0,142826.0,72934.0,"{""office"": ""CA Senate District 35"", ""source"": ""mock"", ""candidates"": [{""name"": ""Richard Garcia"", ""party"": ""D""}]}",Synthetic state-leg row — replace via OpenStates / FTM pipeline,mock
CA-U-036,CA,upper,36,ocd-division/country:us/state:ca/sldu:36,CA SD-36,D,Susan Miller,D,2016,10.0,-10.0,Likely D,False,False,attack,40,21,545656.0,491090.0,674084.0,606676.0,491090.0,463807.0,606676.0,572971.0,463807.0,436525.0,572971.0,539267.0,557595.0,"{""office"": ""CA Senate District 36"", ""source"": ""mock"", ""candidates"": [{""name"": ""Susan Miller"", ""party"": ""D""}, {""name"": ""Patricia Smith"", ""party"": ""R""}]}",Synthetic state-leg row — replace via OpenStates / FTM pipeline,mock
CA-U-037,CA,upper,37,ocd-division/country:us/state:ca/sldu:37,CA SD-37,D,Joseph Davis,D,2013,13.0,-22.6,Likely D,True,False,safe,40,21,254657.0,229191.0,265226.0,238703.0,229191.0,216458.0,238703.0,225442.0,216458.0,203725.0,225442.0,212181.0,144082.0,"{""office"": ""CA Senate District 37"", ""source"": ""mock"", ""candidates"": [{""name"": ""Joseph Davis"", ""party"": ""D""}]}",Synthetic state-leg row — replace via OpenStates / FTM pipeline,mock
CA-U-038,CA,upper,38,ocd-division/country:us/state:ca/sldu:38,CA SD-38,D,Jessica Rodriguez,D,2022,4.0,-8.1,Likely D,True,False,attack,40,21,436659.0,392993.0,540703.0,486633.0,392993.0,371160.0,486633.0,459598.0,371160.0,349327.0,459598.0,432563.0,473323.0,"{""office"": ""CA Senate District 38"", ""source"": ""mock"", ""candidates"": [{""name"": ""Jessica Rodriguez"", ""party"": ""D""}, {""name"": ""John Davis"", ""party"": ""R""}]}",Synthetic state-leg row — replace via OpenStates / FTM pipeline,mock
CA-U-039,CA,upper,39,ocd-division/country:us/state:ca/sldu:39,CA SD-39,D,James Martinez,D,2022,4.0,-13.6,Likely D,True,False,attack,40,21,335169.0,301652.0,391469.0,352323.0,301652.0,284893.0,352323.0,332749.0,284893.0,268135.0,332749.0,313176.0,294807.0,"{""office"": ""CA Senate District 39"", ""source"": ""mock"", ""candidates"": [{""name"": ""James Martinez"", ""party"": ""D""}, {""name"": ""Richard Lopez"", ""party"": ""R""}]}",Synthetic state-leg row — replace via OpenStates / FTM pipeline,mock
CA-U-040,CA,upper,40,ocd-division/country:us/state:ca/sldu:40,CA SD-40,D,Mary Hernandez,D,2023,3.0,-11.8,Likely D,True,False,attack,40,21,539907.0,485916.0,668109.0,601299.0,485916.0,458921.0,601299.0,567893.0,458921.0,431926.0,567893.0,534488.0,521173.0,"{""office"": ""CA Senate District 40"", ""source"": ""mock"", ""candidates"": [{""name"": ""Mary Hernandez"", ""party"": ""D""}, {""name"": ""Linda Anderson"", ""party"": ""R""}]}",Synthetic state-leg row — replace via OpenStates / FTM pipeline,mock
CO-U-001,CO,upper,1,ocd-division/country:us/state:co/sldu:1,CO SD-1,D,Robert Lopez,D,2024,2.0,-5.8,Lean D,True,False,attack,35,18,400213.0,360192.0,672067.0,604860.0,360192.0,340181.0,604860.0,571257.0,340181.0,320171.0,571257.0,537653.0,554522.0,"{""office"": ""CO Senate District 1"", ""source"": ""mock"", ""candidates"": [{""name"": ""Robert Lopez"", ""party"": ""D""}, {""name"": ""Joseph Miller"", ""party"": ""R""}]}",Synthetic state-leg row — replace via OpenStates / FTM pipeline,mock
CO-U-002,CO,upper,2,ocd-division/country:us/state:co/sldu:2,CO SD-2,D,Patricia Wilson,D,2018,8.0,-5.0,Lean D,True,False,attack,35,18,858305.0,772474.0,751951.0,676756.0,772474.0,729559.0,676756.0,639158.0,729559.0,686644.0,639158.0,601561.0,851135.0,"{""office"": ""CO Senate District 2"", ""source"": ""mock"", ""candidates"": [{""name"": ""Patricia Wilson"", ""party"": ""D""}, {""name"": ""William Williams"", ""party"": ""R""}]}",Synthetic state-leg row — replace via OpenStates / FTM pipeline,mock
CO-U-003,CO,upper,3,ocd-division/country:us/state:co/sldu:3,CO SD-3,D,John Anderson,D,2018,8.0,1.9,Toss-up,True,False,attack,35,18,444399.0,399959.0,628811.0,565930.0,399959.0,377739.0,565930.0,534489.0,377739.0,355519.0,534489.0,503049.0,614796.0,"{""office"": ""CO Senate District 3"", ""source"": ""mock"", ""candidates"": [{""name"": ""John Anderson"", ""party"": ""D""}, {""name"": ""James Wilson"", ""party"": ""R""}]}",Synthetic state-leg row — replace via OpenStates / FTM pipeline,mock
CO-U-004,CO,upper,4,ocd-division/country:us/state:co/sldu:4,CO SD-4,D,Jennifer Thomas,D,2012,14.0,-8.0,Likely D,False,False,attack,35,18,436697.0,393028.0,584430.0,525987.0,393028.0,371193.0,525987.0,496765.0,371193.0,349358.0,496765.0,467544.0,495976.0,"{""office"": ""CO Senate District 4"", ""source"": ""mock"", ""candidates"": [{""name"": ""Jennifer Thomas"", ""party"": ""D""}, {""name"": ""Barbara Thomas"", ""party"": ""R""}]}",Synthetic state-leg row — replace via OpenStates / FTM pipeline,mock
CO-U-005,CO,upper,5,ocd-division/country:us/state:co/sldu:5,CO SD-5,R,OPEN SEAT,,,0.0,-3.5,Lean D,False,True,defend,35,18,395046.0,355541.0,378611.0,340750.0,355541.0,335789.0,340750.0,321820.0,335789.0,316036.0,321820.0,302889.0,425511.0,"{""office"": ""CO Senate District 5"", ""source"": ""mock"", ""candidates"": [{""name"": ""David Rodriguez"", ""party"": ""D""}]}",Synthetic state-leg row — replace via OpenStates / FTM pipeline,mock
CO-U-006,CO,upper,6,ocd-division/country:us/state:co/sldu:6,CO SD-6,D,OPEN SEAT,,,0.0,-3.3,Lean D,False,True,attack,35,18,1005449.0,904905.0,1098818.0,988936.0,904905.0,854632.0,988936.0,933995.0,854632.0,804360.0,933995.0,879054.0,1163359.0,"{""office"": ""CO Senate District 6"", ""source"": ""mock"", ""candidates"": [{""name"": ""Richard Anderson"", ""party"": ""R""}]}",Synthetic state-leg row — replace via OpenStates / FTM pipeline,mock
CO-U-007,CO,upper,7,ocd-division/country:us/state:co/sldu:7,CO SD-7,D,Michael Smith,D,2008,18.0,-13.7,Likely D,True,False,attack,35,18,293406.0,264066.0,491150.0,442035.0,264066.0,249395.0,442035.0,417477.0,249395.0,234725.0,417477.0,392920.0,317185.0,"{""office"": ""CO Senate District 7"", ""source"": ""mock"", ""candidates"": [{""name"": ""Michael Smith"", ""party"": ""D""}, {""name"": ""Joseph Thomas"", ""party"": ""R""}]}",Synthetic state-leg row — replace via OpenStates / FTM pipeline,mock
CO-U-008,CO,upper,8,ocd-division/country:us/state:co/sldu:8,CO SD-8,D,Linda Johnson,D,2008,18.0,-21.0,Likely D,True,False,safe,35,18,227110.0,204399.0,386165.0,347549.0,204399.0,193043.0,347549.0,328241.0,193043.0,181688.0,328241.0,308932.0,183983.0,"{""office"": ""CO Senate District 8"", ""source"": ""mock"", ""candidates"": [{""name"": ""Linda Johnson"", ""party"": ""D""}]}",Synthetic state-leg row — replace via OpenStates / FTM pipeline,mock
CO-U-009,CO,upper,9,ocd-division/country:us/state:co/sldu:9,CO SD-9,D,David Williams,D,2023,3.0,-17.0,Likely D,True,False,safe,35,18,219076.0,197169.0,272098.0,244888.0,197169.0,186215.0,244888.0,231284.0,186215.0,175261.0,231284.0,217679.0,175420.0,"{""office"": ""CO Senate District 9"", ""source"": ""mock"", ""candidates"": [{""name"": ""David Williams"", ""party"": ""D""}]}",Synthetic state-leg row — replace via OpenStates / FTM pipeline,mock
CO-U-010,CO,upper,10,ocd-division/country:us/state:co/sldu:10,CO SD-10,D,Elizabeth Brown,D,2022,4.0,-13.5,Likely D,True,False,attack,35,18,279678.0,251710.0,488651.0,439786.0,251710.0,237726.0,439786.0,415353.0,237726.0,223742.0,415353.0,390921.0,312820.0,"{""office"": ""CO Senate District 10"", ""source"": ""mock"", ""candidates"": [{""name"": ""Elizabeth Brown"", ""party"": ""D""}, {""name"": ""Patricia Jones"", ""party"": ""R""}]}",Synthetic state-leg row — replace via OpenStates / FTM pipeline,mock
CO-U-011,CO,upper,11,ocd-division/country:us/state:co/sldu:11,CO SD-11,D,William Jones,D,2019,7.0,-11.6,Likely D,True,False,attack,35,18,284832.0,256349.0,298424.0,268582.0,256349.0,242108.0,268582.0,253661.0,242108.0,227866.0,253661.0,238739.0,253300.0,"{""office"": ""CO Senate District 11"", ""source"": ""mock"", ""candidates"": [{""name"": ""William Jones"", ""party"": ""D""}, {""name"": ""Jennifer Wilson"", ""party"": ""R""}]}",Synthetic state-leg row — replace via OpenStates / FTM pipeline,mock
CO-U-012,CO,upper,12,ocd-division/country:us/state:co/sldu:12,CO SD-12,D,Barbara Garcia,D,2022,4.0,-29.8,Likely D,True,False,safe,35,18,145051.0,130546.0,193675.0,174308.0,130546.0,123294.0,174308.0,164624.0,123294.0,116041.0,164624.0,154940.0,84004.0,"{""office"": ""CO Senate District 12"", ""source"": ""mock"", ""candidates"": [{""name"": ""Barbara Garcia"", ""party"": ""D""}]}",Synthetic state-leg row — replace via OpenStates / FTM pipeline,mock
CO-U-013,CO,upper,13,ocd-division/country:us/state:co/sldu:13,CO SD-13,R,Richard Miller,R,2017,9.0,-0.7,Toss-up,True,False,defend,35,18,757507.0,681756.0,701001.0,630901.0,681756.0,643881.0,630901.0,595851.0,643881.0,606006.0,595851.0,560801.0,860520.0,"{""office"": ""CO Senate District 13"", ""source"": ""mock"", ""candidates"": [{""name"": ""Richard Miller"", ""party"": ""R""}, {""name"": ""Barbara Davis"", ""party"": ""D""}]}",Synthetic state-leg row — replace via OpenStates / FTM pipeline,mock
CO-U-014,CO,upper,14,ocd-division/country:us/state:co/sldu:14,CO SD-14,D,Susan Davis,D,2024,2.0,-4.5,Lean D,True,False,attack,35,18,917025.0,825323.0,948152.0,853337.0,825323.0,779471.0,853337.0,805929.0,779471.0,733620.0,805929.0,758521.0,999202.0,"{""office"": ""CO Senate District 14"", ""source"": ""mock"", ""candidates"": [{""name"": ""Susan Davis"", ""party"": ""D""}, {""name"": ""James Garcia"", ""party"": ""R""}]}",Synthetic state-leg row — replace via OpenStates / FTM pipeline,mock
CO-U-015,CO,upper,15,ocd-division/country:us/state:co/sldu:15,CO SD-15,D,Joseph Rodriguez,D,2024,2.0,-9.8,Likely D,True,False,attack,35,18,344191.0,309772.0,482032.0,433829.0,309772.0,292562.0,433829.0,409727.0,292562.0,275353.0,409727.0,385625.0,380062.0,"{""office"": ""CO Senate District 15"", ""source"": ""mock"", ""candidates"": [{""name"": ""Joseph Rodriguez"", ""party"": ""D""}, {""name"": ""Susan Hernandez"", ""party"": ""R""}]}",Synthetic state-leg row — replace via OpenStates / FTM pipeline,mock
CO-U-016,CO,upper,16,ocd-division/country:us/state:co/sldu:16,CO SD-16,R,Jessica Martinez,R,2024,2.0,8.1,Likely R,True,False,defend,35,18,300727.0,270655.0,241990.0,217791.0,270655.0,255618.0,217791.0,205691.0,255618.0,240582.0,205691.0,193592.0,262830.0,"{""office"": ""CO Senate District 16"", ""source"": ""mock"", ""candidates"": [{""name"": ""Jessica Martinez"", ""party"": ""R""}, {""name"": ""James Williams"", ""party"": ""D""}]}",Synthetic state-leg row — replace via OpenStates / FTM pipeline,mock
CO-U-017,CO,upper,17,ocd-division/country:us/state:co/sldu:17,CO SD-17,R,James Hernandez,R,2017,9.0,3.6,Lean R,True,False,defend,35,18,807606.0,726846.0,626659.0,563993.0,726846.0,686465.0,563993.0,532660.0,686465.0,646085.0,532660.0,501327.0,786797.0,"{""office"": ""CO Senate District 17"", ""source"": ""mock"", ""candidates"": [{""name"": ""James Hernandez"", ""party"": ""R""}, {""name"": ""Jessica Williams"", ""party"": ""D""}]}",Synthetic state-leg row — replace via OpenStates / FTM pipeline,mock
CO-U-018,CO,upper,18,ocd-division/country:us/state:co/sldu:18,CO SD-18,R,OPEN SEAT,,,0.0,0.8,Toss-up,False,True,defend,35,18,680267.0,612240.0,738456.0,664611.0,612240.0,578227.0,664611.0,627688.0,578227.0,544214.0,627688.0,590765.0,835020.0,"{""office"": ""CO Senate District 18"", ""source"": ""mock"", ""candidates"": [{""name"": ""Richard Martinez"", ""party"": ""D""}]}",Synthetic state-leg row — replace via OpenStates / FTM pipeline,mock
CO-U-019,CO,upper,19,ocd-division/country:us/state:co/sldu:19,CO SD-19,D,Mary Lopez,D,2024,2.0,-21.0,Likely D,True,False,safe,35,18,245141.0,220627.0,324542.0,292087.0,220627.0,208370.0,292087.0,275860.0,208370.0,196113.0,275860.0,259633.0,170905.0,"{""office"": ""CO Senate District 19"", ""source"": ""mock"", ""candidates"": [{""name"": ""Mary Lopez"", ""party"": ""D""}]}",Synthetic state-leg row — replace via OpenStates / FTM pipeline,mock
CO-U-020,CO,upper,20,ocd-division/country:us/state:co/sldu:20,CO SD-20,R,Robert Wilson,R,2012,14.0,17.6,Likely R,True,False,safe,35,18,407099.0,366389.0,292470.0,263223.0,366389.0,346034.0,263223.0,248599.0,346034.0,325679.0,248599.0,233976.0,243850.0,"{""office"": ""CO Senate District 20"", ""source"": ""mock"", ""candidates"": [{""name"": ""Robert Wilson"", ""party"": ""R""}, {""name"": ""Linda Jones"", ""party"": ""D""}]}",Synthetic state-leg row — replace via OpenStates / FTM pipeline,mock
CO-U-021,CO,upper,21,ocd-division/country:us/state:co/sldu:21,CO SD-21,D,Patricia Anderson,D,2012,14.0,-5.4,Lean D,True,False,attack,35,18,434948.0,391453.0,513284.0,461956.0,391453.0,369706.0,461956.0,436291.0,369706.0,347958.0,436291.0,410627.0,495790.0,"{""office"": ""CO Senate District 21"", ""source"": ""mock"", ""candidates"": [{""name"": ""Patricia Anderson"", ""party"": ""D""}, {""name"": ""Elizabeth Martinez"", ""party"": ""R""}]}",Synthetic state-leg row — replace via OpenStates / FTM pipeline,mock
CO-U-022,CO,upper,22,ocd-division/country:us/state:co/sldu:22,CO SD-22,D,John Thomas,D,2017,9.0,-11.3,Likely D,True,False,attack,35,18,331978.0,298780.0,414997.0,373497.0,298780.0,282181.0,373497.0,352747.0,282181.0,265582.0,352747.0,331998.0,327602.0,"{""office"": ""CO Senate District 22"", ""source"": ""mock"", ""candidates"": [{""name"": ""John Thomas"", ""party"": ""D""}, {""name"": ""Richard Hernandez"", ""party"": ""R""}]}",Synthetic state-leg row — replace via OpenStates / FTM pipeline,mock
CO-U-023,CO,upper,23,ocd-division/country:us/state:co/sldu:23,CO SD-23,D,Jennifer Smith,D,2020,6.0,-7.4,Likely D,True,False,attack,35,18,279352.0,251417.0,412401.0,371161.0,251417.0,237449.0,371161.0,350541.0,237449.0,223482.0,350541.0,329921.0,341924.0,"{""office"": ""CO Senate District 23"", ""source"": ""mock"", ""candidates"": [{""name"": ""Jennifer Smith"", ""party"": ""D""}, {""name"": ""Barbara Thomas"", ""party"": ""R""}]}",Synthetic state-leg row — replace via OpenStates / FTM pipeline,mock
CO-U-024,CO,upper,24,ocd-division/country:us/state:co/sldu:24,CO SD-24,R,Michael Johnson,R,2015,11.0,4.3,Lean R,True,False,defend,35,18,386480.0,347832.0,375789.0,338210.0,347832.0,328508.0,338210.0,319421.0,328508.0,309184.0,319421.0,300631.0,410536.0,"{""office"": ""CO Senate District 24"", ""source"": ""mock"", ""candidates"": [{""name"": ""Michael Johnson"", ""party"": ""R""}, {""name"": ""Jessica Davis"", ""party"": ""D""}]}",Synthetic state-leg row — replace via OpenStates / FTM pipeline,mock
CO-U-025,CO,upper,25,ocd-division/country:us/state:co/sldu:25,CO SD-25,D,OPEN SEAT,,,0.0,-19.7,Likely D,False,True,safe,35,18,219733.0,197760.0,278795.0,250915.0,197760.0,186773.0,250915.0,236976.0,186773.0,175787.0,236976.0,223036.0,158817.0,"{""office"": ""CO Senate District 25"", ""source"": ""mock"", ""candidates"": []}",Synthetic state-leg row — replace via OpenStates / FTM pipeline,mock
CO-U-026,CO,upper,26,ocd-division/country:us/state:co/sldu:26,CO SD-26,D,Linda Williams,D,2012,14.0,3.5,Lean R,True,False,attack,35,18,586108.0,527498.0,464199.0,417779.0,527498.0,498192.0,417779.0,394569.0,498192.0,468887.0,394569.0,371359.0,577669.0,"{""office"": ""CO Senate District 26"", ""source"": ""mock"", ""candidates"": [{""name"": ""Linda Williams"", ""party"": ""D""}, {""name"": ""James Rodriguez"", ""party"": ""R""}]}",Synthetic state-leg row — replace via OpenStates / FTM pipeline,mock
CO-U-027,CO,upper,27,ocd-division/country:us/state:co/sldu:27,CO SD-27,D,David Brown,D,2017,9.0,-13.7,Likely D,True,False,attack,35,18,433749.0,390374.0,778177.0,700359.0,390374.0,368687.0,700359.0,661450.0,368687.0,346999.0,661450.0,622541.0,489964.0,"{""office"": ""CO Senate District 27"", ""source"": ""mock"", ""candidates"": [{""name"": ""David Brown"", ""party"": ""D""}, {""name"": ""Joseph Garcia"", ""party"": ""R""}]}",Synthetic state-leg row — replace via OpenStates / FTM pipeline,mock
CO-U-028,CO,upper,28,ocd-division/country:us/state:co/sldu:28,CO SD-28,D,Elizabeth Jones,D,2014,12.0,-12.3,Likely D,False,False,attack,35,18,549671.0,494703.0,563435.0,507092.0,494703.0,467220.0,507092.0,478920.0,467220.0,439736.0,478920.0,450748.0,472275.0,"{""office"": ""CO Senate District 28"", ""source"": ""mock"", ""candidates"": [{""name"": ""Elizabeth Jones"", ""party"": ""D""}, {""name"": ""Jennifer Garcia"", ""party"": ""R""}]}",Synthetic state-leg row — replace via OpenStates / FTM pipeline,mock
CO-U-029,CO,upper,29,ocd-division/country:us/state:co/sldu:29,CO SD-29,D,William Garcia,D,2017,9.0,-10.5,Likely D,True,False,attack,35,18,319143.0,287229.0,386696.0,348027.0,287229.0,271272.0,348027.0,328692.0,271272.0,255315.0,328692.0,309357.0,317628.0,"{""office"": ""CO Senate District 29"", ""source"": ""mock"", ""candidates"": [{""name"": ""William Garcia"", ""party"": ""D""}, {""name"": ""Mary Brown"", ""party"": ""R""}]}",Synthetic state-leg row — replace via OpenStates / FTM pipeline,mock
CO-U-030,CO,upper,30,ocd-division/country:us/state:co/sldu:30,CO SD-30,D,Barbara Miller,D,2013,13.0,-13.3,Likely D,True,False,attack,35,18,323280.0,290952.0,498622.0,448760.0,290952.0,274788.0,448760.0,423829.0,274788.0,258624.0,423829.0,398898.0,336980.0,"{""office"": ""CO Senate District 30"", ""source"": ""mock"", ""candidates"": [{""name"": ""Barbara Miller"", ""party"": ""D""}, {""name"": ""John Smith"", ""party"": ""R""}]}",Synthetic state-leg row — replace via OpenStates / FTM pipeline,mock
CO-U-031,CO,upper,31,ocd-division/country:us/state:co/sldu:31,CO SD-31,R,Richard Davis,R,2015,11.0,6.5,Lean R,True,False,defend,35,18,294909.0,265418.0,289545.0,260591.0,265418.0,250673.0,260591.0,246114.0,250673.0,235927.0,246114.0,231636.0,296402.0,"{""office"": ""CO Senate District 31"", ""source"": ""mock"", ""candidates"": [{""name"": ""Richard Davis"", ""party"": ""R""}, {""name"": ""Susan Anderson"", ""party"": ""D""}]}",Synthetic state-leg row — replace via OpenStates / FTM pipeline,mock
CO-U-032,CO,upper,32,ocd-division/country:us/state:co/sldu:32,CO SD-32,D,Susan Rodriguez,D,2019,7.0,-5.7,Lean D,True,False,attack,35,18,575695.0,518126.0,714681.0,643213.0,518126.0,489341.0,643213.0,607479.0,489341.0,460556.0,607479.0,571745.0,669152.0,"{""office"": ""CO Senate District 32"", ""source"": ""mock"", ""candidates"": [{""name"": ""Susan Rodriguez"", ""party"": ""D""}, {""name"": ""William Garcia"", ""party"": ""R""}]}",Synthetic state-leg row — replace via OpenStates / FTM pipeline,mock
CO-U-033,CO,upper,33,ocd-division/country:us/state:co/sldu:33,CO SD-33,R,Joseph Martinez,R,2010,16.0,4.8,Lean R,True,False,defend,35,18,666228.0,599606.0,373420.0,336078.0,599606.0,566294.0,336078.0,317407.0,566294.0,532983.0,317407.0,298736.0,552499.0,"{""office"": ""CO Senate District 33"", ""source"": ""mock"", ""candidates"": [{""name"": ""Joseph Martinez"", ""party"": ""R""}, {""name"": ""Patricia Garcia"", ""party"": ""D""}]}",Synthetic state-leg row — replace via OpenStates / FTM pipeline,mock
CO-U-034,CO,upper,34,ocd-division/country:us/state:co/sldu:34,CO SD-34,R,Jessica Hernandez,R,2010,16.0,5.0,Lean R,True,False,defend,35,18,334889.0,301400.0,367176.0,330458.0,301400.0,284655.0,330458.0,312099.0,284655.0,267911.0,312099.0,293741.0,371091.0,"{""office"": ""CO Senate District 34"", ""source"": ""mock"", ""candidates"": [{""name"": ""Jessica Hernandez"", ""party"": ""R""}, {""name"": ""James Johnson"", ""party"": ""D""}]}",Synthetic state-leg row — replace via OpenStates / FTM pipeline,mock
CO-U-035,CO,upper,35,ocd-division/country:us/state:co/sldu:35,CO SD-35,D,James Lopez,D,2008,18.0,1.1,Toss-up,True,False,attack,35,18,794052.0,714647.0,997318.0,897586.0,714647.0,674944.0,897586.0,847720.0,674944.0,635242.0,847720.0,797854.0,1046672.0,"{""office"": ""CO Senate District 35"", ""source"": ""mock"", ""candidates"": [{""name"": ""James Lopez"", ""party"": ""D""}, {""name"": ""James Thomas"", ""party"": ""R""}]}",Synthetic state-leg row — replace via OpenStates / FTM pipeline,mock
CT-U-001,CT,upper,1,ocd-division/country:us/state:ct/sldu:1,CT SD-1,D,Mary Wilson,D,2022,4.0,-9.0,Likely D,True,False,attack,36,19,220918.0,198826.0,203971.0,183574.0,198826.0,187780.0,183574.0,173375.0,187780.0,176734.0,173375.0,163177.0,200305.0,"{""office"": ""CT Senate District 1"", ""source"": ""mock"", ""candidates"": [{""name"": ""Mary Wilson"", ""party"": ""D""}, {""name"": ""John Brown"", ""party"": ""R""}]}",Synthetic state-leg row — replace via OpenStates / FTM pipeline,mock
CT-U-002,CT,upper,2,ocd-division/country:us/state:ct/sldu:2,CT SD-2,D,Robert Anderson,D,2015,11.0,-6.5,Lean D,False,False,attack,36,19,211360.0,190224.0,260016.0,234014.0,190224.0,179656.0,234014.0,221014.0,179656.0,169088.0,221014.0,208013.0,239055.0,"{""office"": ""CT Senate District 2"", ""source"": ""mock"", ""candidates"": [{""name"": ""Robert Anderson"", ""party"": ""D""}, {""name"": ""Jessica Miller"", ""party"": ""R""}]}",Synthetic state-leg row — replace via OpenStates / FTM pipeline,mock
CT-U-003,CT,upper,3,ocd-division/country:us/state:ct/sldu:3,CT SD-3,D,Patricia Thomas,D,2014,12.0,-6.9,Lean D,True,False,attack,36,19,125960.0,113364.0,210021.0,189019.0,113364.0,107066.0,189019.0,178518.0,107066.0,100768.0,178518.0,168017.0,168470.0,"{""office"": ""CT Senate District 3"", ""source"": ""mock"", ""candidates"": [{""name"": ""Patricia Thomas"", ""party"": ""D""}, {""name"": ""Patricia Rodriguez"", ""party"": ""R""}]}",Synthetic state-leg row — replace via OpenStates / FTM pipeline,mock
CT-U-004,CT,upper,4,ocd-division/country:us/state:ct/sldu:4,CT SD-4,D,John Smith,D,2022,4.0,-8.7,Likely D,True,False,attack,36,19,300832.0,270749.0,399200.0,359280.0,270749.0,255707.0,359280.0,339320.0,255707.0,240666.0,339320.0,319360.0,333015.0,"{""office"": ""CT Senate District 4"", ""source"": ""mock"", ""candidates"": [{""name"": ""John Smith"", ""party"": ""D""}, {""name"": ""David Garcia"", ""party"": ""R""}]}",Synthetic state-leg row — replace via OpenStates / FTM pipeline,mock
CT-U-005,CT,upper,5,ocd-division/country:us/state:ct/sldu:5,CT SD-5,R,Jennifer Johnson,R,2023,3.0,-0.8,Toss-up,True,False,defend,36,19,528962.0,476066.0,613281.0,551953.0,476066.0,449618.0,551953.0,521289.0,449618.0,423170.0,521289.0,490625.0,672292.0,"{""office"": ""CT Senate District 5"", ""source"": ""mock"", ""candidates"": [{""name"": ""Jennifer Johnson"", ""party"": ""R""}, {""name"": ""Robert Smith"", ""party"": ""D""}]}",Synthetic state-leg row — replace via OpenStates / FTM pipeline,mock
CT-U-006,CT,upper,6,ocd-division/country:us/state:ct/sldu:6,CT SD-6,D,Michael Williams,D,2023,3.0,3.9,Lean R,True,False,attack,36,19,945427.0,850885.0,1219296.0,1097366.0,850885.0,803613.0,1097366.0,1036402.0,803613.0,756342.0,1036402.0,975437.0,1178228.0,"{""office"": ""CT Senate District 6"", ""source"": ""mock"", ""candidates"": [{""name"": ""Michael Williams"", ""party"": ""D""}, {""name"": ""Mary Davis"", ""party"": ""R""}]}",Synthetic state-leg row — replace via OpenStates / FTM pipeline,mock
CT-U-007,CT,upper,7,ocd-division/country:us/state:ct/sldu:7,CT SD-7,D,Linda Brown,D,2018,8.0,-4.9,Lean D,True,False,attack,36,19,215831.0,194248.0,220807.0,198726.0,194248.0,183456.0,198726.0,187686.0,183456.0,172665.0,187686.0,176646.0,231418.0,"{""office"": ""CT Senate District 7"", ""source"": ""mock"", ""candidates"": [{""name"": ""Linda Brown"", ""party"": ""D""}, {""name"": ""Susan Anderson"", ""party"": ""R""}]}",Synthetic state-leg row — replace via OpenStates / FTM pipeline,mock
CT-U-008,CT,upper,8,ocd-division/country:us/state:ct/sldu:8,CT SD-8,R,David Jones,R,2011,15.0,-1.5,Toss-up,True,False,defend,36,19,368575.0,331717.0,198488.0,178640.0,331717.0,313289.0,178640.0,168715.0,313289.0,294860.0,168715.0,158791.0,328087.0,"{""office"": ""CT Senate District 8"", ""source"": ""mock"", ""candidates"": [{""name"": ""David Jones"", ""party"": ""R""}, {""name"": ""Jessica Lopez"", ""party"": ""D""}]}",Synthetic state-leg row — replace via OpenStates / FTM pipeline,mock
CT-U-009,CT,upper,9,ocd-division/country:us/state:ct/sldu:9,CT SD-9,R,Elizabeth Garcia,R,2014,12.0,10.1,Likely R,True,False,defend,36,19,318350.0,286515.0,363254.0,326929.0,286515.0,270598.0,326929.0,308766.0,270598.0,254680.0,308766.0,290603.0,310617.0,"{""office"": ""CT Senate District 9"", ""source"": ""mock"", ""candidates"": [{""name"": ""Elizabeth Garcia"", ""party"": ""R""}, {""name"": ""Jessica Davis"", ""party"": ""D""}]}",Synthetic state-leg row — replace via OpenStates / FTM pipeline,mock
CT-U-010,CT,upper,10,ocd-division/country:us/state:ct/sldu:10,CT SD-10,R,William Miller,R,2011,15.0,5.5,Lean R,True,False,defend,36,19,784163.0,705746.0,605001.0,544501.0,705746.0,666538.0,544501.0,514251.0,666538.0,627330.0,514251.0,484001.0,724350.0,"{""office"": ""CT Senate District 10"", ""source"": ""mock"", ""candidates"": [{""name"": ""William Miller"", ""party"": ""R""}, {""name"": ""William Brown"", ""party"": ""D""}]}",Synthetic state-leg row — replace via OpenStates / FTM pipeline,mock
CT-U-011,CT,upper,11,ocd-division/country:us/state:ct/sldu:11,CT SD-11,D,Barbara Davis,D,2009,17.0,-18.9,Likely D,True,False,safe,36,19,270296.0,243266.0,240919.0,216827.0,243266.0,229751.0,216827.0,204781.0,229751.0,216236.0,204781.0,192735.0,168701.0,"{""office"": ""CT Senate District 11"", ""source"": ""mock"", ""candidates"": [{""name"": ""Barbara Davis"", ""party"": ""D""}]}",Synthetic state-leg row — replace via OpenStates / FTM pipeline,mock
CT-U-012,CT,upper,12,ocd-division/country:us/state:ct/sldu:12,CT SD-12,D,Richard Rodriguez,D,2011,15.0,-4.1,Lean D,True,False,attack,36,19,801495.0,721345.0,826537.0,743883.0,721345.0,681270.0,743883.0,702556.0,681270.0,641196.0,702556.0,661229.0,881463.0,"{""office"": ""CT Senate District 12"", ""source"": ""mock"", ""candidates"": [{""name"": ""Richard Rodriguez"", ""party"": ""D""}, {""name"": ""Mary Brown"", ""party"": ""R""}]}",Synthetic state-leg row — replace via OpenStates / FTM pipeline,mock
CT-U-013,CT,upper,13,ocd-division/country:us/state:ct/sldu:13,CT SD-13,D,Susan Martinez,D,2022,4.0,-20.4,Likely D,True,False,safe,36,19,230988.0,207889.0,301188.0,271069.0,207889.0,196340.0,271069.0,256010.0,196340.0,184790.0,256010.0,240950.0,164214.0,"{""office"": ""CT Senate District 13"", ""source"": ""mock"", ""candidates"": [{""name"": ""Susan Martinez"", ""party"": ""D""}]}",Synthetic state-leg row — replace via OpenStates / FTM pipeline,mock
CT-U-014,CT,upper,14,ocd-division/country:us/state:ct/sldu:14,CT SD-14,R,Joseph Hernandez,R,2024,2.0,7.2,Likely R,True,False,defend,36,19,410367.0,369330.0,378695.0,340825.0,369330.0,348812.0,340825.0,321891.0,348812.0,328293.0,321891.0,302956.0,392276.0,"{""office"": ""CT Senate District 14"", ""source"": ""mock"", ""candidates"": [{""name"": ""Joseph Hernandez"", ""party"": ""R""}, {""name"": ""David Brown"", ""party"": ""D""}]}",Synthetic state-leg row — replace via OpenStates / FTM pipeline,mock
CT-U-015,CT,upper,15,ocd-division/country:us/state:ct/sldu:15,CT SD-15,R,Jessica Lopez,R,2012,14.0,12.9,Likely R,True,False,defend,36,19,157200.0,141480.0,111276.0,100148.0,141480.0,133620.0,100148.0,94584.0,133620.0,125760.0,94584.0,89021.0,111609.0,"{""office"": ""CT Senate District 15"", ""source"": ""mock"", ""candidates"": [{""name"": ""Jessica Lopez"", ""party"": ""R""}, {""name"": ""Jessica Brown"", ""party"": ""D""}]}",Synthetic state-leg row — replace via OpenStates / FTM pipeline,mock
CT-U-016,CT,upper,16,ocd-division/country:us/state:ct/sldu:16,CT SD-16,D,James Wilson,D,2021,5.0,0.1,Toss-up,True,False,attack,36,19,258003.0,232202.0,315364.0,283827.0,232202.0,219302.0,283827.0,268059.0,219302.0,206402.0,268059.0,252291.0,343201.0,"{""office"": ""CT Senate District 16"", ""source"": ""mock"", ""candidates"": [{""name"": ""James Wilson"", ""party"": ""D""}, {""name"": ""James Smith"", ""party"": ""R""}]}",Synthetic state-leg row — replace via OpenStates / FTM pipeline,mock
CT-U-017,CT,upper,17,ocd-division/country:us/state:ct/sldu:17,CT SD-17,R,Mary Anderson,R,2008,18.0,1.2,Toss-up,True,False,defend,36,19,611724.0,550552.0,441657.0,397491.0,550552.0,519965.0,397491.0,375408.0,519965.0,489379.0,375408.0,353326.0,613971.0,"{""office"": ""CT Senate District 17"", ""source"": ""mock"", ""candidates"": [{""name"": ""Mary Anderson"", ""party"": ""R""}, {""name"": ""Robert Smith"", ""party"": ""D""}]}",Synthetic state-leg row — replace via OpenStates / FTM pipeline,mock
CT-U-018,CT,upper,18,ocd-division/country:us/state:ct/sldu:18,CT SD-18,D,Robert Thomas,D,2008,18.0,-13.6,Likely D,True,False,attack,36,19,170445.0,153401.0,158108.0,142298.0,153401.0,144879.0,142298.0,134392.0,144879.0,136356.0,134392.0,126487.0,133299.0,"{""office"": ""CT Senate District 18"", ""source"": ""mock"", ""candidates"": [{""name"": ""Robert Thomas"", ""party"": ""D""}, {""name"": ""David Davis"", ""party"": ""R""}]}",Synthetic state-leg row — replace via OpenStates / FTM pipeline,mock
CT-U-019,CT,upper,19,ocd-division/country:us/state:ct/sldu:19,CT SD-19,D,Patricia Smith,D,2023,3.0,-12.2,Likely D,True,False,attack,36,19,254537.0,229083.0,371434.0,334291.0,229083.0,216356.0,334291.0,315719.0,216356.0,203629.0,315719.0,297148.0,266485.0,"{""office"": ""CT Senate District 19"", ""source"": ""mock"", ""candidates"": [{""name"": ""Patricia Smith"", ""party"": ""D""}, {""name"": ""Mary Davis"", ""party"": ""R""}]}",Synthetic state-leg row — replace via OpenStates / FTM pipeline,mock
CT-U-020,CT,upper,20,ocd-division/country:us/state:ct/sldu:20,CT SD-20,D,John Johnson,D,2024,2.0,-8.2,Likely D,True,False,attack,36,19,632220.0,568998.0,865678.0,779110.0,568998.0,537387.0,779110.0,735826.0,537387.0,505776.0,735826.0,692542.0,723271.0,"{""office"": ""CT Senate District 20"", ""source"": ""mock"", ""candidates"": [{""name"": ""John Johnson"", ""party"": ""D""}, {""name"": ""Elizabeth Smith"", ""party"": ""R""}]}",Synthetic state-leg row — replace via OpenStates / FTM pipeline,mock
CT-U-021,CT,upper,21,ocd-division/country:us/state:ct/sldu:21,CT SD-21,R,Jennifer Williams,R,2009,17.0,2.5,Lean R,True,False,defend,36,19,515387.0,463848.0,390122.0,351110.0,463848.0,438079.0,351110.0,331604.0,438079.0,412310.0,331604.0,312098.0,510966.0,"{""office"": ""CT Senate District 21"", ""source"": ""mock"", ""candidates"": [{""name"": ""Jennifer Williams"", ""party"": ""R""}, {""name"": ""Robert Miller"", ""party"": ""D""}]}",Synthetic state-leg row — replace via OpenStates / FTM pipeline,mock
CT-U-022,CT,upper,22,ocd-division/country:us/state:ct/sldu:22,CT SD-22,D,Michael Brown,D,2016,10.0,-13.0,Likely D,True,False,attack,36,19,507004.0,456303.0,789081.0,710173.0,456303.0,430953.0,710173.0,670719.0,430953.0,405603.0,670719.0,631265.0,536949.0,"{""office"": ""CT Senate District 22"", ""source"": ""mock"", ""candidates"": [{""name"": ""Michael Brown"", ""party"": ""D""}, {""name"": ""Jessica Hernandez"", ""party"": ""R""}]}",Synthetic state-leg row — replace via OpenStates / FTM pipeline,mock
CT-U-023,CT,upper,23,ocd-division/country:us/state:ct/sldu:23,CT SD-23,D,Linda Jones,D,2010,16.0,-7.1,Likely D,True,False,attack,36,19,750342.0,675308.0,876395.0,788755.0,675308.0,637791.0,788755.0,744936.0,637791.0,600274.0,744936.0,701116.0,811045.0,"{""office"": ""CT Senate District 23"", ""source"": ""mock"", ""candidates"": [{""name"": ""Linda Jones"", ""party"": ""D""}, {""name"": ""Michael Davis"", ""party"": ""R""}]}",Synthetic state-leg row — replace via OpenStates / FTM pipeline,mock
CT-U-024,CT,upper,24,ocd-division/country:us/state:ct/sldu:24,CT SD-24,D,David Garcia,D,2012,14.0,-7.8,Likely D,True,False,attack,36,19,620004.0,558003.0,727497.0,654747.0,558003.0,527003.0,654747.0,618372.0,527003.0,496003.0,618372.0,581997.0,658350.0,"{""office"": ""CT Senate District 24"", ""source"": ""mock"", ""candidates"": [{""name"": ""David Garcia"", ""party"": ""D""}, {""name"": ""John Rodriguez"", ""party"": ""R""}]}",Synthetic state-leg row — replace via OpenStates / FTM pipeline,mock
CT-U-025,CT,upper,25,ocd-division/country:us/state:ct/sldu:25,CT SD-25,R,OPEN SEAT,,,0.0,2.4,Lean R,False,True,defend,36,19,856920.0,771228.0,734067.0,660660.0,771228.0,728382.0,660660.0,623957.0,728382.0,685536.0,623957.0,587254.0,900044.0,"{""office"": ""CT Senate District 25"", ""source"": ""mock"", ""candidates"": [{""name"": ""Jessica Johnson"", ""party"": ""D""}]}",Synthetic state-leg row — replace via OpenStates / FTM pipeline,mock
CT-U-026,CT,upper,26,ocd-division/country:us/state:ct/sldu:26,CT SD-26,D,Elizabeth Miller,D,2008,18.0,-24.0,Likely D,True,False,safe,36,19,114820.0,103338.0,88403.0,79563.0,103338.0,97597.0,79563.0,75143.0,97597.0,91856.0,75143.0,70722.0,52257.0,"{""office"": ""CT Senate District 26"", ""source"": ""mock"", ""candidates"": [{""name"": ""Elizabeth Miller"", ""party"": ""D""}]}",Synthetic state-leg row — replace via OpenStates / FTM pipeline,mock
CT-U-027,CT,upper,27,ocd-division/country:us/state:ct/sldu:27,CT SD-27,R,William Davis,R,2012,14.0,1.1,Toss-up,True,False,defend,36,19,1465561.0,1319005.0,998338.0,898504.0,1319005.0,1245727.0,898504.0,848587.0,1245727.0,1172449.0,848587.0,798671.0,1439621.0,"{""office"": ""CT Senate District 27"", ""source"": ""mock"", ""candidates"": [{""name"": ""William Davis"", ""party"": ""R""}, {""name"": ""Jessica Martinez"", ""party"": ""D""}]}",Synthetic state-leg row — replace via OpenStates / FTM pipeline,mock
CT-U-028,CT,upper,28,ocd-division/country:us/state:ct/sldu:28,CT SD-28,D,Barbara Rodriguez,D,2012,14.0,-10.4,Likely D,True,False,attack,36,19,287511.0,258760.0,374158.0,336742.0,258760.0,244384.0,336742.0,318034.0,244384.0,230009.0,318034.0,299326.0,298696.0,"{""office"": ""CT Senate District 28"", ""source"": ""mock"", ""candidates"": [{""name"": ""Barbara Rodriguez"", ""party"": ""D""}, {""name"": ""Linda Davis"", ""party"": ""R""}]}",Synthetic state-leg row — replace via OpenStates / FTM pipeline,mock
CT-U-029,CT,upper,29,ocd-division/country:us/state:ct/sldu:29,CT SD-29,D,Richard Martinez,D,2019,7.0,-5.6,Lean D,True,False,attack,36,19,310448.0,279403.0,276612.0,248951.0,279403.0,263880.0,248951.0,235120.0,263880.0,248358.0,235120.0,221290.0,305271.0,"{""office"": ""CT Senate District 29"", ""source"": ""mock"", ""candidates"": [{""name"": ""Richard Martinez"", ""party"": ""D""}, {""name"": ""Joseph Miller"", ""party"": ""R""}]}",Synthetic state-leg row — replace via OpenStates / FTM pipeline,mock
CT-U-030,CT,upper,30,ocd-division/country:us/state:ct/sldu:30,CT SD-30,D,Susan Hernandez,D,2012,14.0,-18.2,Likely D,False,False,safe,36,19,222721.0,200449.0,209520.0,188568.0,200449.0,189313.0,188568.0,178092.0,189313.0,178177.0,178092.0,167616.0,146962.0,"{""office"": ""CT Senate District 30"", ""source"": ""mock"", ""candidates"": [{""name"": ""Susan Hernandez"", ""party"": ""D""}]}",Synthetic state-leg row — replace via OpenStates / FTM pipeline,mock
CT-U-031,CT,upper,31,ocd-division/country:us/state:ct/sldu:31,CT SD-31,D,Joseph Lopez,D,2014,12.0,2.6,Lean R,True,False,attack,36,19,250743.0,225669.0,444272.0,399845.0,225669.0,213132.0,399845.0,377631.0,213132.0,200594.0,377631.0,355418.0,391194.0,"{""office"": ""CT Senate District 31"", ""source"": ""mock"", ""candidates"": [{""name"": ""Joseph Lopez"", ""party"": ""D""}, {""name"": ""Jessica Rodriguez"", ""party"": ""R""}]}",Synthetic state-leg row — replace via OpenStates / FTM pipeline,mock
CT-U-032,CT,upper,32,ocd-division/country:us/state:ct/sldu:32,CT SD-32,R,Jessica Wilson,R,2020,6.0,0.6,Toss-up,True,False,defend,36,19,829842.0,746857.0,675471.0,607924.0,746857.0,705365.0,607924.0,574150.0,705365.0,663873.0,574150.0,540377.0,890285.0,"{""office"": ""CT Senate District 32"", ""source"": ""mock"", ""candidates"": [{""name"": ""Jessica Wilson"", ""party"": ""R""}, {""name"": ""James Jones"", ""party"": ""D""}]}",Synthetic state-leg row — replace via OpenStates / FTM pipeline,mock
CT-U-033,CT,upper,33,ocd-division/country:us/state:ct/sldu:33,CT SD-33,R,James Anderson,R,2009,17.0,5.6,Lean R,True,False,defend,36,19,319551.0,287596.0,211545.0,190390.0,287596.0,271618.0,190390.0,179813.0,271618.0,255641.0,179813.0,169236.0,276170.0,"{""office"": ""CT Senate District 33"", ""source"": ""mock"", ""candidates"": [{""name"": ""James Anderson"", ""party"": ""R""}, {""name"": ""Mary Garcia"", ""party"": ""D""}]}",Synthetic state-leg row — replace via OpenStates / FTM pipeline,mock
CT-U-034,CT,upper,34,ocd-division/country:us/state:ct/sldu:34,CT SD-34,D,Mary Thomas,D,2012,14.0,-30.3,Likely D,True,False,safe,36,19,78744.0,70870.0,86345.0,77710.0,70870.0,66933.0,77710.0,73393.0,66933.0,62995.0,73393.0,69076.0,40942.0,"{""office"": ""CT Senate District 34"", ""source"": ""mock"", ""candidates"": [{""name"": ""Mary Thomas"", ""party"": ""D""}]}",Synthetic state-leg row — replace via OpenStates / FTM pipeline,mock
CT-U-035,CT,upper,35,ocd-division/country:us/state:ct/sldu:35,CT SD-35,D,Robert Smith,D,2009,17.0,-23.2,Likely D,True,False,safe,36,19,168105.0,151295.0,168392.0,151552.0,151295.0,142889.0,151552.0,143133.0,142889.0,134484.0,143133.0,134713.0,90373.0,"{""office"": ""CT Senate District 35"", ""source"": ""mock"", ""candidates"": [{""name"": ""Robert Smith"", ""party"": ""D""}, {""name"": ""James Hernandez"", ""party"": ""R""}]}",Synthetic state-leg row — replace via OpenStates / FTM pipeline,mock
CT-U-036,CT,upper,36,ocd-division/country:us/state:ct/sldu:36,CT SD-36,D,Patricia Johnson,D,2010,16.0,-4.3,Lean D,True,False,attack,36,19,684683.0,616215.0,842147.0,757932.0,616215.0,581980.0,757932.0,715825.0,581980.0,547746.0,715825.0,673717.0,822307.0,"{""office"": ""CT Senate District 36"", ""source"": ""mock"", ""candidates"": [{""name"": ""Patricia Johnson"", ""party"": ""D""}, {""name"": ""Jessica Smith"", ""party"": ""R""}]}",Synthetic state-leg row — replace via OpenStates / FTM pipeline,mock
DE-U-001,DE,upper,1,ocd-division/country:us/state:de/sldu:1,DE SD-1,D,John Williams,D,2016,10.0,-7.8,Likely D,True,False,attack,21,11,723962.0,651566.0,864014.0,777613.0,651566.0,615368.0,777613.0,734412.0,615368.0,579170.0,734412.0,691211.0,775840.0,"{""office"": ""DE Senate District 1"", ""source"": ""mock"", ""candidates"": [{""name"": ""John Williams"", ""party"": ""D""}, {""name"": ""Michael Anderson"", ""party"": ""R""}]}",Synthetic state-leg row — replace via OpenStates / FTM pipeline,mock
DE-U-002,DE,upper,2,ocd-division/country:us/state:de/sldu:2,DE SD-2,D,Jennifer Brown,D,2016,10.0,-9.9,Likely D,True,False,attack,21,11,267764.0,240987.0,221327.0,199195.0,240987.0,227599.0,199195.0,188128.0,227599.0,214211.0,188128.0,177062.0,224283.0,"{""office"": ""DE Senate District 2"", ""source"": ""mock"", ""candidates"": [{""name"": ""Jennifer Brown"", ""party"": ""D""}, {""name"": ""Richard Smith"", ""party"": ""R""}]}",Synthetic state-leg row — replace via OpenStates / FTM pipeline,mock
DE-U-003,DE,upper,3,ocd-division/country:us/state:de/sldu:3,DE SD-3,D,Michael Jones,D,2019,7.0,-20.5,Likely D,True,False,safe,21,11,249614.0,224653.0,280999.0,252899.0,224653.0,212172.0,252899.0,238849.0,212172.0,199692.0,238849.0,224799.0,162974.0,"{""office"": ""DE Senate District 3"", ""source"": ""mock"", ""candidates"": [{""name"": ""Michael Jones"", ""party"": ""D""}]}",Synthetic state-leg row — replace via OpenStates / FTM pipeline,mock
DE-U-004,DE,upper,4,ocd-division/country:us/state:de/sldu:4,DE SD-4,D,OPEN SEAT,,,0.0,-3.0,Lean D,False,True,attack,21,11,785927.0,707334.0,946833.0,852150.0,707334.0,668038.0,852150.0,804808.0,668038.0,628741.0,804808.0,757466.0,965395.0,"{""office"": ""DE Senate District 4"", ""source"": ""mock"", ""candidates"": [{""name"": ""Linda Williams"", ""party"": ""R""}]}",Synthetic state-leg row — replace via OpenStates / FTM pipeline,mock
DE-U-005,DE,upper,5,ocd-division/country:us/state:de/sldu:5,DE SD-5,D,Linda Garcia,D,2016,10.0,4.0,Lean R,True,False,attack,21,11,650175.0,585157.0,998668.0,898802.0,585157.0,552648.0,898802.0,848868.0,552648.0,520140.0,848868.0,798935.0,895086.0,"{""office"": ""DE Senate District 5"", ""source"": ""mock"", ""candidates"": [{""name"": ""Linda Garcia"", ""party"": ""D""}, {""name"": ""Patricia Brown"", ""party"": ""R""}]}",Synthetic state-leg row — replace via OpenStates / FTM pipeline,mock
DE-U-006,DE,upper,6,ocd-division/country:us/state:de/sldu:6,DE SD-6,R,David Miller,R,2017,9.0,-2.7,Lean D,True,False,defend,21,11,601667.0,541501.0,694169.0,624753.0,541501.0,511417.0,624753.0,590044.0,511417.0,481334.0,590044.0,555336.0,727520.0,"{""office"": ""DE Senate District 6"", ""source"": ""mock"", ""candidates"": [{""name"": ""David Miller"", ""party"": ""R""}, {""name"": ""David Wilson"", ""party"": ""D""}]}",Synthetic state-leg row — replace via OpenStates / FTM pipeline,mock
DE-U-007,DE,upper,7,ocd-division/country:us/state:de/sldu:7,DE SD-7,D,Elizabeth Davis,D,2009,17.0,-7.1,Likely D,True,False,attack,21,11,467805.0,421025.0,671230.0,604107.0,421025.0,397635.0,604107.0,570545.0,397635.0,374244.0,570545.0,536984.0,567890.0,"{""office"": ""DE Senate District 7"", ""source"": ""mock"", ""candidates"": [{""name"": ""Elizabeth Davis"", ""party"": ""D""}, {""name"": ""Linda Thomas"", ""party"": ""R""}]}",Synthetic state-leg row — replace via OpenStates / FTM pipeline,mock
DE-U-008,DE,upper,8,ocd-division/country:us/state:de/sldu:8,DE SD-8,R,William Rodriguez,R,2023,3.0,20.0,Likely R,True,False,safe,21,11,153906.0,138515.0,129292.0,116363.0,138515.0,130820.0,116363.0,109898.0,130820.0,123125.0,109898.0,103433.0,89005.0,"{""office"": ""DE Senate District 8"", ""source"": ""mock"", ""candidates"": [{""name"": ""William Rodriguez"", ""party"": ""R""}]}",Synthetic state-leg row — replace via OpenStates / FTM pipeline,mock
DE-U-009,DE,upper,9,ocd-division/country:us/state:de/sldu:9,DE SD-9,R,Barbara Martinez,R,2020,6.0,-1.3,Toss-up,False,False,defend,21,11,299036.0,269132.0,284545.0,256090.0,269132.0,254180.0,256090.0,241863.0,254180.0,239228.0,241863.0,227636.0,339310.0,"{""office"": ""DE Senate District 9"", ""source"": ""mock"", ""candidates"": [{""name"": ""Barbara Martinez"", ""party"": ""R""}, {""name"": ""Mary Hernandez"", ""party"": ""D""}]}",Synthetic state-leg row — replace via OpenStates / FTM pipeline,mock
DE-U-010,DE,upper,10,ocd-division/country:us/state:de/sldu:10,DE SD-10,D,OPEN SEAT,,,0.0,-4.7,Lean D,False,True,attack,21,11,669970.0,602973.0,847356.0,762620.0,602973.0,569474.0,762620.0,720253.0,569474.0,535976.0,720253.0,677885.0,808518.0,"{""office"": ""DE Senate District 10"", ""source"": ""mock"", ""candidates"": [{""name"": ""James Martinez"", ""party"": ""R""}]}",Synthetic state-leg row — replace via OpenStates / FTM pipeline,mock
DE-U-011,DE,upper,11,ocd-division/country:us/state:de/sldu:11,DE SD-11,D,Richard Hernandez,D,2019,7.0,-11.2,Likely D,True,False,attack,21,11,238720.0,214848.0,233914.0,210523.0,214848.0,202912.0,210523.0,198827.0,202912.0,190976.0,198827.0,187132.0,207959.0,"{""office"": ""DE Senate District 11"", ""source"": ""mock"", ""candidates"": [{""name"": ""Richard Hernandez"", ""party"": ""D""}, {""name"": ""James Jones"", ""party"": ""R""}]}",Synthetic state-leg row — replace via OpenStates / FTM pipeline,mock
DE-U-012,DE,upper,12,ocd-division/country:us/state:de/sldu:12,DE SD-12,D,Susan Lopez,D,2021,5.0,-24.8,Likely D,True,False,safe,21,11,147931.0,133138.0,150989.0,135890.0,133138.0,125742.0,135890.0,128340.0,125742.0,118345.0,128340.0,120791.0,74132.0,"{""office"": ""DE Senate District 12"", ""source"": ""mock"", ""candidates"": [{""name"": ""Susan Lopez"", ""party"": ""D""}]}",Synthetic state-leg row — replace via OpenStates / FTM pipeline,mock
DE-U-013,DE,upper,13,ocd-division/country:us/state:de/sldu:13,DE SD-13,D,Joseph Wilson,D,2018,8.0,-20.4,Likely D,True,False,safe,21,11,263018.0,236716.0,300434.0,270391.0,236716.0,223565.0,270391.0,255369.0,223565.0,210414.0,255369.0,240348.0,173865.0,"{""office"": ""DE Senate District 13"", ""source"": ""mock"", ""candidates"": [{""name"": ""Joseph Wilson"", ""party"": ""D""}, {""name"": ""Patricia Johnson"", ""party"": ""R""}]}",Synthetic state-leg row — replace via OpenStates / FTM pipeline,mock
DE-U-014,DE,upper,14,ocd-division/country:us/state:de/sldu:14,DE SD-14,D,Jessica Anderson,D,2008,18.0,-19.5,Likely D,True,False,safe,21,11,91578.0,82420.0,143803.0,129423.0,82420.0,77841.0,129423.0,122232.0,77841.0,73262.0,122232.0,115042.0,75658.0,"{""office"": ""DE Senate District 14"", ""source"": ""mock"", ""candidates"": [{""name"": ""Jessica Anderson"", ""party"": ""D""}]}",Synthetic state-leg row — replace via OpenStates / FTM pipeline,mock
DE-U-015,DE,upper,15,ocd-division/country:us/state:de/sldu:15,DE SD-15,D,James Thomas,D,2015,11.0,-8.7,Likely D,True,False,attack,21,11,864609.0,778148.0,950964.0,855868.0,778148.0,734917.0,855868.0,808320.0,734917.0,691687.0,808320.0,760771.0,863694.0,"{""office"": ""DE Senate District 15"", ""source"": ""mock"", ""candidates"": [{""name"": ""James Thomas"", ""party"": ""D""}, {""name"": ""Barbara Smith"", ""party"": ""R""}]}",Synthetic state-leg row — replace via OpenStates / FTM pipeline,mock
DE-U-016,DE,upper,16,ocd-division/country:us/state:de/sldu:16,DE SD-16,D,Mary Smith,D,2011,15.0,-12.3,Likely D,True,False,attack,21,11,580205.0,522184.0,718558.0,646702.0,522184.0,493174.0,646702.0,610774.0,493174.0,464164.0,610774.0,574846.0,551046.0,"{""office"": ""DE Senate District 16"", ""source"": ""mock"", ""candidates"": [{""name"": ""Mary Smith"", ""party"": ""D""}, {""name"": ""Jessica Smith"", ""party"": ""R""}]}",Synthetic state-leg row — replace via OpenStates / FTM pipeline,mock
DE-U-017,DE,upper,17,ocd-division/country:us/state:de/sldu:17,DE SD-17,D,Robert Johnson,D,2020,6.0,-9.1,Likely D,True,False,attack,21,11,492889.0,443600.0,631770.0,568593.0,443600.0,418956.0,568593.0,537004.0,418956.0,394311.0,537004.0,505416.0,528590.0,"{""office"": ""DE Senate District 17"", ""source"": ""mock"", ""candidates"": [{""name"": ""Robert Johnson"", ""party"": ""D""}, {""name"": ""Robert Lopez"", ""party"": ""R""}]}",Synthetic state-leg row — replace via OpenStates / FTM pipeline,mock
DE-U-018,DE,upper,18,ocd-division/country:us/state:de/sldu:18,DE SD-18,D,Patricia Williams,D,2012,14.0,-16.6,Likely D,True,False,safe,21,11,511978.0,460780.0,638567.0,574710.0,460780.0,435181.0,574710.0,542782.0,435181.0,409582.0,542782.0,510854.0,417484.0,"{""office"": ""DE Senate District 18"", ""source"": ""mock"", ""candidates"": [{""name"": ""Patricia Williams"", ""party"": ""D""}]}",Synthetic state-leg row — replace via OpenStates / FTM pipeline,mock
DE-U-019,DE,upper,19,ocd-division/country:us/state:de/sldu:19,DE SD-19,R,John Brown,R,2013,13.0,6.3,Lean R,True,False,defend,21,11,427994.0,385195.0,454275.0,408847.0,385195.0,363795.0,408847.0,386134.0,363795.0,342395.0,386134.0,363420.0,449957.0,"{""office"": ""DE Senate District 19"", ""source"": ""mock"", ""candidates"": [{""name"": ""John Brown"", ""party"": ""R""}, {""name"": ""Richard Rodriguez"", ""party"": ""D""}]}",Synthetic state-leg row — replace via OpenStates / FTM pipeline,mock
DE-U-020,DE,upper,20,ocd-division/country:us/state:de/sldu:20,DE SD-20,D,Jennifer Jones,D,2010,16.0,1.3,Toss-up,True,False,attack,21,11,515877.0,464289.0,856840.0,771156.0,464289.0,438495.0,771156.0,728314.0,438495.0,412702.0,728314.0,685472.0,798137.0,"{""office"": ""DE Senate District 20"", ""source"": ""mock"", ""candidates"": [{""name"": ""Jennifer Jones"", ""party"": ""D""}, {""name"": ""Mary Smith"", ""party"": ""R""}]}",Synthetic state-leg row — replace via OpenStates / FTM pipeline,mock
DE-U-021,DE,upper,21,ocd-division/country:us/state:de/sldu:21,DE SD-21,D,Michael Garcia,D,2017,9.0,-20.9,Likely D,True,False,safe,21,11,365194.0,328675.0,493931.0,444538.0,328675.0,310415.0,444538.0,419841.0,310415.0,292156.0,419841.0,395145.0,258965.0,"{""office"": ""DE Senate District 21"", ""source"": ""mock"", ""candidates"": [{""name"": ""Michael Garcia"", ""party"": ""D""}]}",Synthetic state-leg row — replace via OpenStates / FTM pipeline,mock
FL-U-001,FL,upper,1,ocd-division/country:us/state:fl/sldu:1,FL SD-1,R,Linda Miller,R,2011,15.0,-1.6,Toss-up,True,False,defend,40,21,577453.0,519708.0,368802.0,331921.0,519708.0,490835.0,331921.0,313481.0,490835.0,461962.0,313481.0,295041.0,546124.0,"{""office"": ""FL Senate District 1"", ""source"": ""mock"", ""candidates"": [{""name"": ""Linda Miller"", ""party"": ""R""}, {""name"": ""Robert Brown"", ""party"": ""D""}]}",Synthetic state-leg row — replace via OpenStates / FTM pipeline,mock
FL-U-002,FL,upper,2,ocd-division/country:us/state:fl/sldu:2,FL SD-2,R,David Davis,R,2016,10.0,4.6,Lean R,True,False,defend,40,21,377798.0,340018.0,335209.0,301688.0,340018.0,321128.0,301688.0,284928.0,321128.0,302238.0,284928.0,268167.0,380949.0,"{""office"": ""FL Senate District 2"", ""source"": ""mock"", ""candidates"": [{""name"": ""David Davis"", ""party"": ""R""}, {""name"": ""Susan Williams"", ""party"": ""D""}]}",Synthetic state-leg row — replace via OpenStates / FTM pipeline,mock
FL-U-003,FL,upper,3,ocd-division/country:us/state:fl/sldu:3,FL SD-3,R,Elizabeth Rodriguez,R,2022,4.0,5.9,Lean R,True,False,defend,40,21,480167.0,432151.0,277509.0,249758.0,432151.0,408142.0,249758.0,235883.0,408142.0,384134.0,235883.0,222007.0,390745.0,"{""office"": ""FL Senate District 3"", ""source"": ""mock"", ""candidates"": [{""name"": ""Elizabeth Rodriguez"", ""party"": ""R""}, {""name"": ""Joseph Lopez"", ""party"": ""D""}]}",Synthetic state-leg row — replace via OpenStates / FTM pipeline,mock
FL-U-004,FL,upper,4,ocd-division/country:us/state:fl/sldu:4,FL SD-4,D,William Martinez,D,2023,3.0,-4.0,Lean D,True,False,attack,40,21,393959.0,354563.0,396287.0,356658.0,354563.0,334865.0,356658.0,336844.0,334865.0,315167.0,336844.0,317030.0,428991.0,"{""office"": ""FL Senate District 4"", ""source"": ""mock"", ""candidates"": [{""name"": ""William Martinez"", ""party"": ""D""}, {""name"": ""Linda Jones"", ""party"": ""R""}]}",Synthetic state-leg row — replace via OpenStates / FTM pipeline,mock
FL-U-005,FL,upper,5,ocd-division/country:us/state:fl/sldu:5,FL SD-5,R,Barbara Hernandez,R,2014,12.0,3.9,Lean R,True,False,defend,40,21,238086.0,214278.0,243853.0,219468.0,214278.0,202373.0,219468.0,207275.0,202373.0,190469.0,207275.0,195083.0,262313.0,"{""office"": ""FL Senate District 5"", ""source"": ""mock"", ""candidates"": [{""name"": ""Barbara Hernandez"", ""party"": ""R""}, {""name"": ""John Rodriguez"", ""party"": ""D""}]}",Synthetic state-leg row — replace via OpenStates / FTM pipeline,mock
FL-U-006,FL,upper,6,ocd-division/country:us/state:fl/sldu:6,FL SD-6,R,OPEN SEAT,,,0.0,15.9,Likely R,False,True,safe,40,21,757575.0,681817.0,524366.0,471930.0,681817.0,643939.0,471930.0,445711.0,643939.0,606060.0,445711.0,419493.0,477981.0,"{""office"": ""FL Senate District 6"", ""source"": ""mock"", ""candidates"": [{""name"": ""Jessica Johnson"", ""party"": ""D""}]}",Synthetic state-leg row — replace via OpenStates / FTM pipeline,mock
FL-U-007,FL,upper,7,ocd-division/country:us/state:fl/sldu:7,FL SD-7,D,Richard Lopez,D,2020,6.0,-7.5,Likely D,True,False,attack,40,21,264857.0,238371.0,518627.0,466765.0,238371.0,225128.0,466765.0,440833.0,225128.0,211885.0,440833.0,414902.0,386146.0,"{""office"": ""FL Senate District 7"", ""source"": ""mock"", ""candidates"": [{""name"": ""Richard Lopez"", ""party"": ""D""}, {""name"": ""Patricia Williams"", ""party"": ""R""}]}",Synthetic state-leg row — replace via OpenStates / FTM pipeline,mock
FL-U-008,FL,upper,8,ocd-division/country:us/state:fl/sldu:8,FL SD-8,R,Susan Wilson,R,2017,9.0,27.9,Likely R,True,False,safe,40,21,103260.0,92934.0,119548.0,107593.0,92934.0,87771.0,107593.0,101616.0,87771.0,82608.0,101616.0,95638.0,55256.0,"{""office"": ""FL Senate District 8"", ""source"": ""mock"", ""candidates"": [{""name"": ""Susan Wilson"", ""party"": ""R""}]}",Synthetic state-leg row — replace via OpenStates / FTM pipeline,mock
FL-U-009,FL,upper,9,ocd-division/country:us/state:fl/sldu:9,FL SD-9,R,Joseph Anderson,R,2013,13.0,5.7,Lean R,False,False,defend,40,21,371843.0,334658.0,187200.0,168480.0,334658.0,316066.0,168480.0,159120.0,316066.0,297474.0,159120.0,149760.0,289903.0,"{""office"": ""FL Senate District 9"", ""source"": ""mock"", ""candidates"": [{""name"": ""Joseph Anderson"", ""party"": ""R""}, {""name"": ""Barbara Jones"", ""party"": ""D""}]}",Synthetic state-leg row — replace via OpenStates / FTM pipeline,mock
FL-U-010,FL,upper,10,ocd-division/country:us/state:fl/sldu:10,FL SD-10,R,Jessica Thomas,R,2021,5.0,0.1,Toss-up,True,False,defend,40,21,1088199.0,979379.0,874769.0,787292.0,979379.0,924969.0,787292.0,743554.0,924969.0,870559.0,743554.0,699815.0,1174977.0,"{""office"": ""FL Senate District 10"", ""source"": ""mock"", ""candidates"": [{""name"": ""Jessica Thomas"", ""party"": ""R""}, {""name"": ""Elizabeth Smith"", ""party"": ""D""}]}",Synthetic state-leg row — replace via OpenStates / FTM pipeline,mock
FL-U-011,FL,upper,11,ocd-division/country:us/state:fl/sldu:11,FL SD-11,R,James Smith,R,2018,8.0,5.6,Lean R,False,False,defend,40,21,572857.0,515572.0,413057.0,371751.0,515572.0,486929.0,371751.0,351099.0,486929.0,458286.0,351099.0,330446.0,512676.0,"{""office"": ""FL Senate District 11"", ""source"": ""mock"", ""candidates"": [{""name"": ""James Smith"", ""party"": ""R""}, {""name"": ""Susan Garcia"", ""party"": ""D""}]}",Synthetic state-leg row — replace via OpenStates / FTM pipeline,mock
FL-U-012,FL,upper,12,ocd-division/country:us/state:fl/sldu:12,FL SD-12,R,Mary Johnson,R,2016,10.0,11.7,Likely R,True,False,defend,40,21,371438.0,334294.0,275339.0,247805.0,334294.0,315722.0,247805.0,234038.0,315722.0,297150.0,234038.0,220271.0,279962.0,"{""office"": ""FL Senate District 12"", ""source"": ""mock"", ""candidates"": [{""name"": ""Mary Johnson"", ""party"": ""R""}, {""name"": ""David Williams"", ""party"": ""D""}]}",Synthetic state-leg row — replace via OpenStates / FTM pipeline,mock
FL-U-013,FL,upper,13,ocd-division/country:us/state:fl/sldu:13,FL SD-13,D,Robert Williams,D,2019,7.0,-19.7,Likely D,True,False,safe,40,21,145479.0,130931.0,228670.0,205803.0,130931.0,123657.0,205803.0,194370.0,123657.0,116383.0,194370.0,182936.0,119193.0,"{""office"": ""FL Senate District 13"", ""source"": ""mock"", ""candidates"": [{""name"": ""Robert Williams"", ""party"": ""D""}, {""name"": ""Michael Anderson"", ""party"": ""R""}]}",Synthetic state-leg row — replace via OpenStates / FTM pipeline,mock
FL-U-014,FL,upper,14,ocd-division/country:us/state:fl/sldu:14,FL SD-14,R,Patricia Brown,R,2018,8.0,13.6,Likely R,True,False,defend,40,21,437659.0,393893.0,315166.0,283649.0,393893.0,372010.0,283649.0,267891.0,372010.0,350127.0,267891.0,252133.0,305432.0,"{""office"": ""FL Senate District 14"", ""source"": ""mock"", ""candidates"": [{""name"": ""Patricia Brown"", ""party"": ""R""}, {""name"": ""Michael Smith"", ""party"": ""D""}]}",Synthetic state-leg row — replace via OpenStates / FTM pipeline,mock
FL-U-015,FL,upper,15,ocd-division/country:us/state:fl/sldu:15,FL SD-15,R,John Jones,R,2014,12.0,6.9,Lean R,True,False,defend,40,21,257692.0,231923.0,187561.0,168805.0,231923.0,219038.0,168805.0,159427.0,219038.0,206154.0,159427.0,150049.0,223263.0,"{""office"": ""FL Senate District 15"", ""source"": ""mock"", ""candidates"": [{""name"": ""John Jones"", ""party"": ""R""}, {""name"": ""Jessica Hernandez"", ""party"": ""D""}]}",Synthetic state-leg row — replace via OpenStates / FTM pipeline,mock
FL-U-016,FL,upper,16,ocd-division/country:us/state:fl/sldu:16,FL SD-16,R,Jennifer Garcia,R,2020,6.0,12.5,Likely R,True,False,defend,40,21,379752.0,341776.0,305791.0,275212.0,341776.0,322789.0,275212.0,259922.0,322789.0,303801.0,259922.0,244633.0,288907.0,"{""office"": ""FL Senate District 16"", ""source"": ""mock"", ""candidates"": [{""name"": ""Jennifer Garcia"", ""party"": ""R""}, {""name"": ""James Smith"", ""party"": ""D""}]}",Synthetic state-leg row — replace via OpenStates / FTM pipeline,mock
FL-U-017,FL,upper,17,ocd-division/country:us/state:fl/sldu:17,FL SD-17,D,Michael Miller,D,2019,7.0,-2.2,Lean D,True,False,attack,40,21,257761.0,231985.0,283471.0,255124.0,231985.0,219097.0,255124.0,240950.0,219097.0,206209.0,240950.0,226777.0,307729.0,"{""office"": ""FL Senate District 17"", ""source"": ""mock"", ""candidates"": [{""name"": ""Michael Miller"", ""party"": ""D""}, {""name"": ""Michael Davis"", ""party"": ""R""}]}",Synthetic state-leg row — replace via OpenStates / FTM pipeline,mock
FL-U-018,FL,upper,18,ocd-division/country:us/state:fl/sldu:18,FL SD-18,D,Linda Davis,D,2013,13.0,1.5,Toss-up,True,False,attack,40,21,787641.0,708877.0,1183437.0,1065093.0,708877.0,669495.0,1065093.0,1005922.0,669495.0,630113.0,1005922.0,946750.0,1140409.0,"{""office"": ""FL Senate District 18"", ""source"": ""mock"", ""candidates"": [{""name"": ""Linda Davis"", ""party"": ""D""}, {""name"": ""William Lopez"", ""party"": ""R""}]}",Synthetic state-leg row — replace via OpenStates / FTM pipeline,mock
FL-U-019,FL,upper,19,ocd-division/country:us/state:fl/sldu:19,FL SD-19,D,David Rodriguez,D,2017,9.0,-9.7,Likely D,True,False,attack,40,21,427452.0,384707.0,431323.0,388191.0,384707.0,363334.0,388191.0,366624.0,363334.0,341962.0,366624.0,345058.0,396263.0,"{""office"": ""FL Senate District 19"", ""source"": ""mock"", ""candidates"": [{""name"": ""David Rodriguez"", ""party"": ""D""}, {""name"": ""Patricia Rodriguez"", ""party"": ""R""}]}",Synthetic state-leg row — replace via OpenStates / FTM pipeline,mock
FL-U-020,FL,upper,20,ocd-division/country:us/state:fl/sldu:20,FL SD-20,D,Elizabeth Martinez,D,2018,8.0,-11.0,Likely D,True,False,attack,40,21,629391.0,566452.0,635272.0,571744.0,566452.0,534982.0,571744.0,539981.0,534982.0,503513.0,539981.0,508217.0,560065.0,"{""office"": ""FL Senate District 20"", ""source"": ""mock"", ""candidates"": [{""name"": ""Elizabeth Martinez"", ""party"": ""D""}, {""name"": ""Mary Smith"", ""party"": ""R""}]}",Synthetic state-leg row — replace via OpenStates / FTM pipeline,mock
FL-U-021,FL,upper,21,ocd-division/country:us/state:fl/sldu:21,FL SD-21,R,William Hernandez,R,2012,14.0,4.3,Lean R,True,False,defend,40,21,1091281.0,982153.0,836867.0,753180.0,982153.0,927589.0,753180.0,711337.0,927589.0,873025.0,711337.0,669494.0,1038446.0,"{""office"": ""FL Senate District 21"", ""source"": ""mock"", ""candidates"": [{""name"": ""William Hernandez"", ""party"": ""R""}, {""name"": ""Michael Hernandez"", ""party"": ""D""}]}",Synthetic state-leg row — replace via OpenStates / FTM pipeline,mock
FL-U-022,FL,upper,22,ocd-division/country:us/state:fl/sldu:22,FL SD-22,R,Barbara Lopez,R,2012,14.0,-4.7,Lean D,True,False,defend,40,21,848326.0,763494.0,671678.0,604510.0,763494.0,721077.0,604510.0,570926.0,721077.0,678661.0,570926.0,537342.0,809945.0,"{""office"": ""FL Senate District 22"", ""source"": ""mock"", ""candidates"": [{""name"": ""Barbara Lopez"", ""party"": ""R""}, {""name"": ""James Miller"", ""party"": ""D""}]}",Synthetic state-leg row — replace via OpenStates / FTM pipeline,mock
FL-U-023,FL,upper,23,ocd-division/country:us/state:fl/sldu:23,FL SD-23,D,Richard Wilson,D,2023,3.0,-6.3,Lean D,False,False,attack,40,21,562877.0,506589.0,668100.0,601290.0,506589.0,478445.0,601290.0,567885.0,478445.0,450301.0,567885.0,534480.0,627798.0,"{""office"": ""FL Senate District 23"", ""source"": ""mock"", ""candidates"": [{""name"": ""Richard Wilson"", ""party"": ""D""}, {""name"": ""Robert Davis"", ""party"": ""R""}]}",Synthetic state-leg row — replace via OpenStates / FTM pipeline,mock
FL-U-024,FL,upper,24,ocd-division/country:us/state:fl/sldu:24,FL SD-24,R,Susan Anderson,R,2017,9.0,5.6,Lean R,True,False,defend,40,21,503170.0,452853.0,579432.0,521489.0,452853.0,427694.0,521489.0,492517.0,427694.0,402536.0,492517.0,463546.0,562953.0,"{""office"": ""FL Senate District 24"", ""source"": ""mock"", ""candidates"": [{""name"": ""Susan Anderson"", ""party"": ""R""}, {""name"": ""Joseph Johnson"", ""party"": ""D""}]}",Synthetic state-leg row — replace via OpenStates / FTM pipeline,mock
FL-U-025,FL,upper,25,ocd-division/country:us/state:fl/sldu:25,FL SD-25,R,Joseph Thomas,R,2018,8.0,2.7,Lean R,True,False,defend,40,21,388194.0,349375.0,281496.0,253346.0,349375.0,329965.0,253346.0,239272.0,329965.0,310555.0,239272.0,225197.0,375983.0,"{""office"": ""FL Senate District 25"", ""source"": ""mock"", ""candidates"": [{""name"": ""Joseph Thomas"", ""party"": ""R""}, {""name"": ""Joseph Hernandez"", ""party"": ""D""}]}",Synthetic state-leg row — replace via OpenStates / FTM pipeline,mock
FL-U-026,FL,upper,26,ocd-division/country:us/state:fl/sldu:26,FL SD-26,R,Jessica Smith,R,2015,11.0,5.1,Lean R,True,False,defend,40,21,242838.0,218554.0,321173.0,289055.0,218554.0,206412.0,289055.0,272997.0,206412.0,194270.0,272997.0,256938.0,297314.0,"{""office"": ""FL Senate District 26"", ""source"": ""mock"", ""candidates"": [{""name"": ""Jessica Smith"", ""party"": ""R""}, {""name"": ""Barbara Wilson"", ""party"": ""D""}]}",Synthetic state-leg row — replace via OpenStates / FTM pipeline,mock
FL-U-027,FL,upper,27,ocd-division/country:us/state:fl/sldu:27,FL SD-27,D,James Johnson,D,2022,4.0,-9.4,Likely D,True,False,attack,40,21,252785.0,227506.0,282067.0,253860.0,227506.0,214867.0,253860.0,239757.0,214867.0,202228.0,239757.0,225653.0,249088.0,"{""office"": ""FL Senate District 27"", ""source"": ""mock"", ""candidates"": [{""name"": ""James Johnson"", ""party"": ""D""}, {""name"": ""John Martinez"", ""party"": ""R""}]}",Synthetic state-leg row — replace via OpenStates / FTM pipeline,mock
FL-U-028,FL,upper,28,ocd-division/country:us/state:fl/sldu:28,FL SD-28,D,Mary Williams,D,2013,13.0,-0.8,Toss-up,True,False,attack,40,21,396939.0,357245.0,328820.0,295938.0,357245.0,337398.0,295938.0,279497.0,337398.0,317551.0,279497.0,263056.0,427161.0,"{""office"": ""FL Senate District 28"", ""source"": ""mock"", ""candidates"": [{""name"": ""Mary Williams"", ""party"": ""D""}, {""name"": ""Patricia Thomas"", ""party"": ""R""}]}",Synthetic state-leg row — replace via OpenStates / FTM pipeline,mock
FL-U-029,FL,upper,29,ocd-division/country:us/state:fl/sldu:29,FL SD-29,D,Robert Brown,D,2008,18.0,-13.1,Likely D,True,False,attack,40,21,150880.0,135792.0,184124.0,165711.0,135792.0,128248.0,165711.0,156505.0,128248.0,120704.0,156505.0,147299.0,138309.0,"{""office"": ""FL Senate District 29"", ""source"": ""mock"", ""candidates"": [{""name"": ""Robert Brown"", ""party"": ""D""}, {""name"": ""Joseph Rodriguez"", ""party"": ""R""}]}",Synthetic state-leg row — replace via OpenStates / FTM pipeline,mock
FL-U-030,FL,upper,30,ocd-division/country:us/state:fl/sldu:30,FL SD-30,D,Patricia Jones,D,2016,10.0,-5.2,Lean D,True,False,attack,40,21,713752.0,642377.0,972337.0,875103.0,642377.0,606689.0,875103.0,826487.0,606689.0,571002.0,826487.0,777870.0,886401.0,"{""office"": ""FL Senate District 30"", ""source"": ""mock"", ""candidates"": [{""name"": ""Patricia Jones"", ""party"": ""D""}, {""name"": ""William Johnson"", ""party"": ""R""}]}",Synthetic state-leg row — replace via OpenStates / FTM pipeline,mock
FL-U-031,FL,upper,31,ocd-division/country:us/state:fl/sldu:31,FL SD-31,R,John Garcia,R,2015,11.0,5.1,Lean R,True,False,defend,40,21,1024068.0,921661.0,642044.0,577840.0,921661.0,870458.0,577840.0,545737.0,870458.0,819254.0,545737.0,513635.0,878279.0,"{""office"": ""FL Senate District 31"", ""source"": ""mock"", ""candidates"": [{""name"": ""John Garcia"", ""party"": ""R""}, {""name"": ""Mary Brown"", ""party"": ""D""}]}",Synthetic state-leg row — replace via OpenStates / FTM pipeline,mock
FL-U-032,FL,upper,32,ocd-division/country:us/state:fl/sldu:32,FL SD-32,R,Jennifer Miller,R,2024,2.0,-0.5,Toss-up,True,False,defend,40,21,1411240.0,1270116.0,1144407.0,1029966.0,1270116.0,1199554.0,1029966.0,972746.0,1199554.0,1128992.0,972746.0,915525.0,1515133.0,"{""office"": ""FL Senate District 32"", ""source"": ""mock"", ""candidates"": [{""name"": ""Jennifer Miller"", ""party"": ""R""}, {""name"": ""David Garcia"", ""party"": ""D""}]}",Synthetic state-leg row — replace via OpenStates / FTM pipeline,mock
FL-U-033,FL,upper,33,ocd-division/country:us/state:fl/sldu:33,FL SD-33,D,Michael Davis,D,2017,9.0,-12.9,Likely D,True,False,attack,40,21,429489.0,386540.0,522182.0,469964.0,386540.0,365065.0,469964.0,443855.0,365065.0,343591.0,443855.0,417746.0,395623.0,"{""office"": ""FL Senate District 33"", ""source"": ""mock"", ""candidates"": [{""name"": ""Michael Davis"", ""party"": ""D""}, {""name"": ""Michael Davis"", ""party"": ""R""}]}",Synthetic state-leg row — replace via OpenStates / FTM pipeline,mock
FL-U-034,FL,upper,34,ocd-division/country:us/state:fl/sldu:34,FL SD-34,R,Linda Rodriguez,R,2012,14.0,16.4,Likely R,True,False,safe,40,21,398008.0,358208.0,261561.0,235405.0,358208.0,338307.0,235405.0,222327.0,338307.0,318407.0,222327.0,209249.0,241214.0,"{""office"": ""FL Senate District 34"", ""source"": ""mock"", ""candidates"": [{""name"": ""Linda Rodriguez"", ""party"": ""R""}, {""name"": ""Elizabeth Thomas"", ""party"": ""D""}]}",Synthetic state-leg row — replace via OpenStates / FTM pipeline,mock
FL-U-035,FL,upper,35,ocd-division/country:us/state:fl/sldu:35,FL SD-35,R,David Martinez,R,2017,9.0,19.7,Likely R,True,False,safe,40,21,174088.0,156679.0,181132.0,163019.0,156679.0,147975.0,163019.0,153962.0,147975.0,139270.0,153962.0,144906.0,113163.0,"{""office"": ""FL Senate District 35"", ""source"": ""mock"", ""candidates"": [{""name"": ""David Martinez"", ""party"": ""R""}, {""name"": ""Patricia Brown"", ""party"": ""D""}]}",Synthetic state-leg row — replace via OpenStates / FTM pipeline,mock
FL-U-036,FL,upper,36,ocd-division/country:us/state:fl/sldu:36,FL SD-36,D,Elizabeth Hernandez,D,2008,18.0,-4.7,Lean D,True,False,attack,40,21,558863.0,502977.0,597359.0,537623.0,502977.0,475034.0,537623.0,507755.0,475034.0,447090.0,507755.0,477887.0,616101.0,"{""office"": ""FL Senate District 36"", ""source"": ""mock"", ""candidates"": [{""name"": ""Elizabeth Hernandez"", ""party"": ""D""}, {""name"": ""David Anderson"", ""party"": ""R""}]}",Synthetic state-leg row — replace via OpenStates / FTM pipeline,mock
FL-U-037,FL,upper,37,ocd-division/country:us/state:fl/sldu:37,FL SD-37,D,William Lopez,D,2008,18.0,1.7,Toss-up,True,False,attack,40,21,323294.0,290965.0,445325.0,400793.0,290965.0,274800.0,400793.0,378527.0,274800.0,258635.0,378527.0,356260.0,442505.0,"{""office"": ""FL Senate District 37"", ""source"": ""mock"", ""candidates"": [{""name"": ""William Lopez"", ""party"": ""D""}, {""name"": ""James Rodriguez"", ""party"": ""R""}]}",Synthetic state-leg row — replace via OpenStates / FTM pipeline,mock
FL-U-038,FL,upper,38,ocd-division/country:us/state:fl/sldu:38,FL SD-38,D,Barbara Wilson,D,2020,6.0,-12.1,Likely D,True,False,attack,40,21,160021.0,144019.0,249294.0,224364.0,144019.0,136018.0,224364.0,211900.0,136018.0,128017.0,211900.0,199435.0,174836.0,"{""office"": ""FL Senate District 38"", ""source"": ""mock"", ""candidates"": [{""name"": ""Barbara Wilson"", ""party"": ""D""}, {""name"": ""Jennifer Williams"", ""party"": ""R""}]}",Synthetic state-leg row — replace via OpenStates / FTM pipeline,mock
FL-U-039,FL,upper,39,ocd-division/country:us/state:fl/sldu:39,FL SD-39,R,Richard Anderson,R,2014,12.0,2.0,Lean R,True,False,defend,40,21,215725.0,194153.0,193705.0,174334.0,194153.0,183366.0,174334.0,164649.0,183366.0,172580.0,164649.0,154964.0,233960.0,"{""office"": ""FL Senate District 39"", ""source"": ""mock"", ""candidates"": [{""name"": ""Richard Anderson"", ""party"": ""R""}, {""name"": ""Robert Lopez"", ""party"": ""D""}]}",Synthetic state-leg row — replace via OpenStates / FTM pipeline,mock
FL-U-040,FL,upper,40,ocd-division/country:us/state:fl/sldu:40,FL SD-40,D,Susan Thomas,D,2009,17.0,-11.3,Likely D,True,False,attack,40,21,456806.0,411126.0,452553.0,407298.0,411126.0,388285.0,407298.0,384670.0,388285.0,365445.0,384670.0,362043.0,398819.0,"{""office"": ""FL Senate District 40"", ""source"": ""mock"", ""candidates"": [{""name"": ""Susan Thomas"", ""party"": ""D""}, {""name"": ""Mary Johnson"", ""party"": ""R""}]}",Synthetic state-leg row — replace via OpenStates / FTM pipeline,mock
GA-U-001,GA,upper,1,ocd-division/country:us/state:ga/sldu:1,GA SD-1,R,Joseph Smith,R,2014,12.0,0.1,Toss-up,True,False,defend,56,29,517530.0,465777.0,430566.0,387510.0,465777.0,439901.0,387510.0,365981.0,439901.0,414024.0,365981.0,344453.0,567504.0,"{""office"": ""GA Senate District 1"", ""source"": ""mock"", ""candidates"": [{""name"": ""Joseph Smith"", ""party"": ""R""}, {""name"": ""Michael Wilson"", ""party"": ""D""}]}",Synthetic state-leg row — replace via OpenStates / FTM pipeline,mock
GA-U-002,GA,upper,2,ocd-division/country:us/state:ga/sldu:2,GA SD-2,D,Jessica Johnson,D,2022,4.0,-4.9,Lean D,True,False,attack,56,29,237232.0,213509.0,386921.0,348229.0,213509.0,201647.0,348229.0,328883.0,201647.0,189786.0,328883.0,309537.0,330801.0,"{""office"": ""GA Senate District 2"", ""source"": ""mock"", ""candidates"": [{""name"": ""Jessica Johnson"", ""party"": ""D""}, {""name"": ""Elizabeth Brown"", ""party"": ""R""}]}",Synthetic state-leg row — replace via OpenStates / FTM pipeline,mock
GA-U-003,GA,upper,3,ocd-division/country:us/state:ga/sldu:3,GA SD-3,D,James Williams,D,2010,16.0,-2.0,Lean D,True,False,attack,56,29,645647.0,581082.0,748682.0,673814.0,581082.0,548800.0,673814.0,636380.0,548800.0,516518.0,636380.0,598946.0,796759.0,"{""office"": ""GA Senate District 3"", ""source"": ""mock"", ""candidates"": [{""name"": ""James Williams"", ""party"": ""D""}, {""name"": ""Robert Smith"", ""party"": ""R""}]}",Synthetic state-leg row — replace via OpenStates / FTM pipeline,mock
GA-U-004,GA,upper,4,ocd-division/country:us/state:ga/sldu:4,GA SD-4,R,Mary Brown,R,2015,11.0,-4.1,Lean D,True,False,defend,56,29,1161918.0,1045726.0,723654.0,651289.0,1045726.0,987630.0,651289.0,615106.0,987630.0,929534.0,615106.0,578923.0,1020903.0,"{""office"": ""GA Senate District 4"", ""source"": ""mock"", ""candidates"": [{""name"": ""Mary Brown"", ""party"": ""R""}, {""name"": ""Jennifer Anderson"", ""party"": ""D""}]}",Synthetic state-leg row — replace via OpenStates / FTM pipeline,mock
GA-U-005,GA,upper,5,ocd-division/country:us/state:ga/sldu:5,GA SD-5,D,Robert Jones,D,2008,18.0,0.3,Toss-up,True,False,attack,56,29,938628.0,844765.0,1275958.0,1148362.0,844765.0,797833.0,1148362.0,1084564.0,797833.0,750902.0,1084564.0,1020766.0,1319260.0,"{""office"": ""GA Senate District 5"", ""source"": ""mock"", ""candidates"": [{""name"": ""Robert Jones"", ""party"": ""D""}, {""name"": ""Joseph Miller"", ""party"": ""R""}]}",Synthetic state-leg row — replace via OpenStates / FTM pipeline,mock
GA-U-006,GA,upper,6,ocd-division/country:us/state:ga/sldu:6,GA SD-6,R,Patricia Garcia,R,2010,16.0,3.9,Lean R,True,False,defend,56,29,441270.0,397143.0,367564.0,330808.0,397143.0,375080.0,330808.0,312430.0,375080.0,353016.0,312430.0,294052.0,440237.0,"{""office"": ""GA Senate District 6"", ""source"": ""mock"", ""candidates"": [{""name"": ""Patricia Garcia"", ""party"": ""R""}, {""name"": ""David Williams"", ""party"": ""D""}]}",Synthetic state-leg row — replace via OpenStates / FTM pipeline,mock
GA-U-007,GA,upper,7,ocd-division/country:us/state:ga/sldu:7,GA SD-7,R,John Miller,R,2008,18.0,0.4,Toss-up,True,False,defend,56,29,1344455.0,1210009.0,963425.0,867083.0,1210009.0,1142787.0,867083.0,818911.0,1142787.0,1075564.0,818911.0,770740.0,1371540.0,"{""office"": ""GA Senate District 7"", ""source"": ""mock"", ""candidates"": [{""name"": ""John Miller"", ""party"": ""R""}, {""name"": ""Linda Hernandez"", ""party"": ""D""}]}",Synthetic state-leg row — replace via OpenStates / FTM pipeline,mock
GA-U-008,GA,upper,8,ocd-division/country:us/state:ga/sldu:8,GA SD-8,D,Jennifer Davis,D,2009,17.0,-4.7,Lean D,True,False,attack,56,29,368732.0,331859.0,338875.0,304987.0,331859.0,313422.0,304987.0,288043.0,313422.0,294986.0,288043.0,271100.0,377053.0,"{""office"": ""GA Senate District 8"", ""source"": ""mock"", ""candidates"": [{""name"": ""Jennifer Davis"", ""party"": ""D""}, {""name"": ""Barbara Anderson"", ""party"": ""R""}]}",Synthetic state-leg row — replace via OpenStates / FTM pipeline,mock
GA-U-009,GA,upper,9,ocd-division/country:us/state:ga/sldu:9,GA SD-9,R,Michael Rodriguez,R,2009,17.0,6.2,Lean R,True,False,defend,56,29,858883.0,772995.0,851660.0,766494.0,772995.0,730050.0,766494.0,723911.0,730050.0,687106.0,723911.0,681328.0,874821.0,"{""office"": ""GA Senate District 9"", ""source"": ""mock"", ""candidates"": [{""name"": ""Michael Rodriguez"", ""party"": ""R""}, {""name"": ""Robert Davis"", ""party"": ""D""}]}",Synthetic state-leg row — replace via OpenStates / FTM pipeline,mock
GA-U-010,GA,upper,10,ocd-division/country:us/state:ga/sldu:10,GA SD-10,R,Linda Martinez,R,2018,8.0,7.7,Likely R,True,False,defend,56,29,969299.0,872369.0,791147.0,712033.0,872369.0,823904.0,712033.0,672475.0,823904.0,775439.0,672475.0,632918.0,862619.0,"{""office"": ""GA Senate District 10"", ""source"": ""mock"", ""candidates"": [{""name"": ""Linda Martinez"", ""party"": ""R""}, {""name"": ""John Thomas"", ""party"": ""D""}]}",Synthetic state-leg row — replace via OpenStates / FTM pipeline,mock
GA-U-011,GA,upper,11,ocd-division/country:us/state:ga/sldu:11,GA SD-11,R,David Hernandez,R,2021,5.0,16.5,Likely R,False,False,safe,56,29,297272.0,267545.0,249671.0,224704.0,267545.0,252682.0,224704.0,212221.0,252682.0,237818.0,212221.0,199737.0,199244.0,"{""office"": ""GA Senate District 11"", ""source"": ""mock"", ""candidates"": [{""name"": ""David Hernandez"", ""party"": ""R""}, {""name"": ""Richard Johnson"", ""party"": ""D""}]}",Synthetic state-leg row — replace via OpenStates / FTM pipeline,mock
GA-U-012,GA,upper,12,ocd-division/country:us/state:ga/sldu:12,GA SD-12,D,Elizabeth Lopez,D,2023,3.0,-4.5,Lean D,True,False,attack,56,29,597458.0,537713.0,734720.0,661248.0,537713.0,507840.0,661248.0,624512.0,507840.0,477967.0,624512.0,587776.0,713667.0,"{""office"": ""GA Senate District 12"", ""source"": ""mock"", ""candidates"": [{""name"": ""Elizabeth Lopez"", ""party"": ""D""}, {""name"": ""John Johnson"", ""party"": ""R""}]}",Synthetic state-leg row — replace via OpenStates / FTM pipeline,mock
GA-U-013,GA,upper,13,ocd-division/country:us/state:ga/sldu:13,GA SD-13,R,William Wilson,R,2014,12.0,0.6,Toss-up,True,False,defend,56,29,1005169.0,904652.0,619010.0,557109.0,904652.0,854394.0,557109.0,526158.0,854394.0,804135.0,526158.0,495208.0,960586.0,"{""office"": ""GA Senate District 13"", ""source"": ""mock"", ""candidates"": [{""name"": ""William Wilson"", ""party"": ""R""}, {""name"": ""John Johnson"", ""party"": ""D""}]}",Synthetic state-leg row — replace via OpenStates / FTM pipeline,mock
GA-U-014,GA,upper,14,ocd-division/country:us/state:ga/sldu:14,GA SD-14,D,Barbara Anderson,D,2019,7.0,-3.0,Lean D,True,False,attack,56,29,342788.0,308510.0,315850.0,284265.0,308510.0,291370.0,284265.0,268472.0,291370.0,274231.0,268472.0,252680.0,366956.0,"{""office"": ""GA Senate District 14"", ""source"": ""mock"", ""candidates"": [{""name"": ""Barbara Anderson"", ""party"": ""D""}, {""name"": ""Elizabeth Davis"", ""party"": ""R""}]}",Synthetic state-leg row — replace via OpenStates / FTM pipeline,mock
GA-U-015,GA,upper,15,ocd-division/country:us/state:ga/sldu:15,GA SD-15,D,Richard Thomas,D,2023,3.0,-3.2,Lean D,False,False,attack,56,29,205163.0,184646.0,413870.0,372483.0,184646.0,174388.0,372483.0,351789.0,174388.0,164130.0,351789.0,331096.0,343121.0,"{""office"": ""GA Senate District 15"", ""source"": ""mock"", ""candidates"": [{""name"": ""Richard Thomas"", ""party"": ""D""}, {""name"": ""David Martinez"", ""party"": ""R""}]}",Synthetic state-leg row — replace via OpenStates / FTM pipeline,mock
GA-U-016,GA,upper,16,ocd-division/country:us/state:ga/sldu:16,GA SD-16,R,Susan Smith,R,2019,7.0,5.1,Lean R,True,False,defend,56,29,287246.0,258521.0,197584.0,177825.0,258521.0,244159.0,177825.0,167946.0,244159.0,229797.0,167946.0,158067.0,255574.0,"{""office"": ""GA Senate District 16"", ""source"": ""mock"", ""candidates"": [{""name"": ""Susan Smith"", ""party"": ""R""}, {""name"": ""Mary Miller"", ""party"": ""D""}]}",Synthetic state-leg row — replace via OpenStates / FTM pipeline,mock
GA-U-017,GA,upper,17,ocd-division/country:us/state:ga/sldu:17,GA SD-17,D,OPEN SEAT,,,0.0,-3.1,Lean D,False,True,attack,56,29,306131.0,275518.0,490067.0,441060.0,275518.0,260211.0,441060.0,416557.0,260211.0,244905.0,416557.0,392053.0,442458.0,"{""office"": ""GA Senate District 17"", ""source"": ""mock"", ""candidates"": [{""name"": ""Jennifer Brown"", ""party"": ""R""}]}",Synthetic state-leg row — replace via OpenStates / FTM pipeline,mock
GA-U-018,GA,upper,18,ocd-division/country:us/state:ga/sldu:18,GA SD-18,R,Joseph Johnson,R,2023,3.0,20.5,Likely R,True,False,safe,56,29,120471.0,108424.0,110275.0,99248.0,108424.0,102400.0,99248.0,93734.0,102400.0,96376.0,93734.0,88220.0,70872.0,"{""office"": ""GA Senate District 18"", ""source"": ""mock"", ""candidates"": [{""name"": ""Joseph Johnson"", ""party"": ""R""}]}",Synthetic state-leg row — replace via OpenStates / FTM pipeline,mock
GA-U-019,GA,upper,19,ocd-division/country:us/state:ga/sldu:19,GA SD-19,R,Jessica Williams,R,2014,12.0,10.9,Likely R,False,False,defend,56,29,772995.0,695696.0,667388.0,600650.0,695696.0,657046.0,600650.0,567280.0,657046.0,618396.0,567280.0,533911.0,639942.0,"{""office"": ""GA Senate District 19"", ""source"": ""mock"", ""candidates"": [{""name"": ""Jessica Williams"", ""party"": ""R""}, {""name"": ""William Brown"", ""party"": ""D""}]}",Synthetic state-leg row — replace via OpenStates / FTM pipeline,mock
GA-U-020,GA,upper,20,ocd-division/country:us/state:ga/sldu:20,GA SD-20,D,James Brown,D,2009,17.0,-7.2,Likely D,True,False,attack,56,29,409970.0,368973.0,677329.0,609596.0,368973.0,348475.0,609596.0,575730.0,348475.0,327976.0,575730.0,541863.0,540543.0,"{""office"": ""GA Senate District 20"", ""source"": ""mock"", ""candidates"": [{""name"": ""James Brown"", ""party"": ""D""}, {""name"": ""Linda Thomas"", ""party"": ""R""}]}",Synthetic state-leg row — replace via OpenStates / FTM pipeline,mock
GA-U-021,GA,upper,21,ocd-division/country:us/state:ga/sldu:21,GA SD-21,R,Mary Jones,R,2019,7.0,9.8,Likely R,True,False,defend,56,29,390163.0,351147.0,341626.0,307464.0,351147.0,331639.0,307464.0,290382.0,331639.0,312131.0,290382.0,273301.0,336623.0,"{""office"": ""GA Senate District 21"", ""source"": ""mock"", ""candidates"": [{""name"": ""Mary Jones"", ""party"": ""R""}, {""name"": ""Michael Miller"", ""party"": ""D""}]}",Synthetic state-leg row — replace via OpenStates / FTM pipeline,mock
GA-U-022,GA,upper,22,ocd-division/country:us/state:ga/sldu:22,GA SD-22,R,Robert Garcia,R,2017,9.0,11.4,Likely R,True,False,defend,56,29,215757.0,194181.0,209269.0,188342.0,194181.0,183393.0,188342.0,177879.0,183393.0,172605.0,177879.0,167415.0,185797.0,"{""office"": ""GA Senate District 22"", ""source"": ""mock"", ""candidates"": [{""name"": ""Robert Garcia"", ""party"": ""R""}, {""name"": ""Elizabeth Wilson"", ""party"": ""D""}]}",Synthetic state-leg row — replace via OpenStates / FTM pipeline,mock
GA-U-023,GA,upper,23,ocd-division/country:us/state:ga/sldu:23,GA SD-23,R,Patricia Miller,R,2023,3.0,16.5,Likely R,True,False,safe,56,29,423398.0,381058.0,363903.0,327513.0,381058.0,359888.0,327513.0,309317.0,359888.0,338718.0,309317.0,291122.0,286803.0,"{""office"": ""GA Senate District 23"", ""source"": ""mock"", ""candidates"": [{""name"": ""Patricia Miller"", ""party"": ""R""}, {""name"": ""John Davis"", ""party"": ""D""}]}",Synthetic state-leg row — replace via OpenStates / FTM pipeline,mock
GA-U-024,GA,upper,24,ocd-division/country:us/state:ga/sldu:24,GA SD-24,D,John Davis,D,2023,3.0,-6.3,Lean D,True,False,attack,56,29,170712.0,153640.0,244813.0,220332.0,153640.0,145105.0,220332.0,208091.0,145105.0,136569.0,208091.0,195850.0,211918.0,"{""office"": ""GA Senate District 24"", ""source"": ""mock"", ""candidates"": [{""name"": ""John Davis"", ""party"": ""D""}, {""name"": ""James Davis"", ""party"": ""R""}]}",Synthetic state-leg row — replace via OpenStates / FTM pipeline,mock
GA-U-025,GA,upper,25,ocd-division/country:us/state:ga/sldu:25,GA SD-25,R,Jennifer Rodriguez,R,2021,5.0,-2.0,Lean D,False,False,defend,56,29,483121.0,434809.0,522416.0,470174.0,434809.0,410653.0,470174.0,444054.0,410653.0,386497.0,444054.0,417933.0,574593.0,"{""office"": ""GA Senate District 25"", ""source"": ""mock"", ""candidates"": [{""name"": ""Jennifer Rodriguez"", ""party"": ""R""}, {""name"": ""Barbara Johnson"", ""party"": ""D""}]}",Synthetic state-leg row — replace via OpenStates / FTM pipeline,mock
GA-U-026,GA,upper,26,ocd-division/country:us/state:ga/sldu:26,GA SD-26,R,Michael Martinez,R,2023,3.0,14.6,Likely R,True,False,safe,56,29,439796.0,395817.0,327937.0,295143.0,395817.0,373827.0,295143.0,278746.0,373827.0,351837.0,278746.0,262349.0,300513.0,"{""office"": ""GA Senate District 26"", ""source"": ""mock"", ""candidates"": [{""name"": ""Michael Martinez"", ""party"": ""R""}]}",Synthetic state-leg row — replace via OpenStates / FTM pipeline,mock
GA-U-027,GA,upper,27,ocd-division/country:us/state:ga/sldu:27,GA SD-27,R,Linda Hernandez,R,2020,6.0,17.1,Likely R,True,False,safe,56,29,302010.0,271809.0,334555.0,301099.0,271809.0,256709.0,301099.0,284371.0,256709.0,241608.0,284371.0,267644.0,226435.0,"{""office"": ""GA Senate District 27"", ""source"": ""mock"", ""candidates"": [{""name"": ""Linda Hernandez"", ""party"": ""R""}]}",Synthetic state-leg row — replace via OpenStates / FTM pipeline,mock
GA-U-028,GA,upper,28,ocd-division/country:us/state:ga/sldu:28,GA SD-28,D,David Lopez,D,2011,15.0,-2.2,Lean D,True,False,attack,56,29,660784.0,594706.0,575679.0,518111.0,594706.0,561666.0,518111.0,489327.0,561666.0,528627.0,489327.0,460543.0,703017.0,"{""office"": ""GA Senate District 28"", ""source"": ""mock"", ""candidates"": [{""name"": ""David Lopez"", ""party"": ""D""}, {""name"": ""Mary Brown"", ""party"": ""R""}]}",Synthetic state-leg row — replace via OpenStates / FTM pipeline,mock
GA-U-029,GA,upper,29,ocd-division/country:us/state:ga/sldu:29,GA SD-29,D,Elizabeth Wilson,D,2013,13.0,3.7,Lean R,True,False,attack,56,29,1049492.0,944543.0,1243939.0,1119545.0,944543.0,892069.0,1119545.0,1057348.0,892069.0,839594.0,1057348.0,995151.0,1254835.0,"{""office"": ""GA Senate District 29"", ""source"": ""mock"", ""candidates"": [{""name"": ""Elizabeth Wilson"", ""party"": ""D""}, {""name"": ""John Garcia"", ""party"": ""R""}]}",Synthetic state-leg row — replace via OpenStates / FTM pipeline,mock
GA-U-030,GA,upper,30,ocd-division/country:us/state:ga/sldu:30,GA SD-30,D,William Anderson,D,2022,4.0,-10.6,Likely D,False,False,attack,56,29,652272.0,587045.0,803125.0,722812.0,587045.0,554431.0,722812.0,682656.0,554431.0,521817.0,682656.0,642500.0,652849.0,"{""office"": ""GA Senate District 30"", ""source"": ""mock"", ""candidates"": [{""name"": ""William Anderson"", ""party"": ""D""}, {""name"": ""Richard Jones"", ""party"": ""R""}]}",Synthetic state-leg row — replace via OpenStates / FTM pipeline,mock
GA-U-031,GA,upper,31,ocd-division/country:us/state:ga/sldu:31,GA SD-31,R,Barbara Thomas,R,2008,18.0,11.2,Likely R,True,False,defend,56,29,429054.0,386149.0,498837.0,448953.0,386149.0,364696.0,448953.0,424011.0,364696.0,343243.0,424011.0,399069.0,408272.0,"{""office"": ""GA Senate District 31"", ""source"": ""mock"", ""candidates"": [{""name"": ""Barbara Thomas"", ""party"": ""R""}, {""name"": ""John Hernandez"", ""party"": ""D""}]}",Synthetic state-leg row — replace via OpenStates / FTM pipeline,mock
GA-U-032,GA,upper,32,ocd-division/country:us/state:ga/sldu:32,GA SD-32,R,Richard Smith,R,2009,17.0,3.6,Lean R,True,False,defend,56,29,408211.0,367390.0,291854.0,262669.0,367390.0,346979.0,262669.0,248076.0,346979.0,326569.0,248076.0,233483.0,384036.0,"{""office"": ""GA Senate District 32"", ""source"": ""mock"", ""candidates"": [{""name"": ""Richard Smith"", ""party"": ""R""}, {""name"": ""Michael Anderson"", ""party"": ""D""}]}",Synthetic state-leg row — replace via OpenStates / FTM pipeline,mock
GA-U-033,GA,upper,33,ocd-division/country:us/state:ga/sldu:33,GA SD-33,D,Susan Johnson,D,2014,12.0,3.0,Lean R,True,False,attack,56,29,838605.0,754744.0,1180535.0,1062481.0,754744.0,712814.0,1062481.0,1003455.0,712814.0,670884.0,1003455.0,944428.0,1124949.0,"{""office"": ""GA Senate District 33"", ""source"": ""mock"", ""candidates"": [{""name"": ""Susan Johnson"", ""party"": ""D""}, {""name"": ""Patricia Williams"", ""party"": ""R""}]}",Synthetic state-leg row — replace via OpenStates / FTM pipeline,mock
GA-U-034,GA,upper,34,ocd-division/country:us/state:ga/sldu:34,GA SD-34,R,Joseph Williams,R,2010,16.0,2.4,Lean R,False,False,defend,56,29,925447.0,832902.0,898983.0,809084.0,832902.0,786630.0,809084.0,764135.0,786630.0,740357.0,764135.0,719186.0,1032106.0,"{""office"": ""GA Senate District 34"", ""source"": ""mock"", ""candidates"": [{""name"": ""Joseph Williams"", ""party"": ""R""}, {""name"": ""Elizabeth Miller"", ""party"": ""D""}]}",Synthetic state-leg row — replace via OpenStates / FTM pipeline,mock
GA-U-035,GA,upper,35,ocd-division/country:us/state:ga/sldu:35,GA SD-35,D,OPEN SEAT,,,0.0,-12.2,Likely D,False,True,attack,56,29,701576.0,631418.0,892340.0,803106.0,631418.0,596339.0,803106.0,758489.0,596339.0,561261.0,758489.0,713872.0,678553.0,"{""office"": ""GA Senate District 35"", ""source"": ""mock"", ""candidates"": [{""name"": ""William Jones"", ""party"": ""R""}]}",Synthetic state-leg row — replace via OpenStates / FTM pipeline,mock
GA-U-036,GA,upper,36,ocd-division/country:us/state:ga/sldu:36,GA SD-36,R,Jessica Brown,R,2022,4.0,7.1,Likely R,True,False,defend,56,29,306283.0,275655.0,231598.0,208438.0,275655.0,260341.0,208438.0,196858.0,260341.0,245027.0,196858.0,185278.0,268172.0,"{""office"": ""GA Senate District 36"", ""source"": ""mock"", ""candidates"": [{""name"": ""Jessica Brown"", ""party"": ""R""}, {""name"": ""Richard Jones"", ""party"": ""D""}]}",Synthetic state-leg row — replace via OpenStates / FTM pipeline,mock
GA-U-037,GA,upper,37,ocd-division/country:us/state:ga/sldu:37,GA SD-37,D,James Jones,D,2023,3.0,1.4,Toss-up,True,False,attack,56,29,515737.0,464164.0,592046.0,532842.0,464164.0,438377.0,532842.0,503239.0,438377.0,412590.0,503239.0,473637.0,642515.0,"{""office"": ""GA Senate District 37"", ""source"": ""mock"", ""candidates"": [{""name"": ""James Jones"", ""party"": ""D""}, {""name"": ""Joseph Garcia"", ""party"": ""R""}]}",Synthetic state-leg row — replace via OpenStates / FTM pipeline,mock
GA-U-038,GA,upper,38,ocd-division/country:us/state:ga/sldu:38,GA SD-38,R,Mary Garcia,R,2022,4.0,3.1,Lean R,True,False,defend,56,29,322132.0,289919.0,346120.0,311508.0,289919.0,273813.0,311508.0,294202.0,273813.0,257706.0,294202.0,276896.0,371357.0,"{""office"": ""GA Senate District 38"", ""source"": ""mock"", ""candidates"": [{""name"": ""Mary Garcia"", ""party"": ""R""}, {""name"": ""John Rodriguez"", ""party"": ""D""}]}",Synthetic state-leg row — replace via OpenStates / FTM pipeline,mock
GA-U-039,GA,upper,39,ocd-division/country:us/state:ga/sldu:39,GA SD-39,R,Robert Miller,R,2010,16.0,22.8,Likely R,True,False,safe,56,29,204107.0,183696.0,185940.0,167346.0,183696.0,173491.0,167346.0,158049.0,173491.0,163285.0,158049.0,148752.0,106984.0,"{""office"": ""GA Senate District 39"", ""source"": ""mock"", ""candidates"": [{""name"": ""Robert Miller"", ""party"": ""R""}]}",Synthetic state-leg row — replace via OpenStates / FTM pipeline,mock
GA-U-040,GA,upper,40,ocd-division/country:us/state:ga/sldu:40,GA SD-40,R,Patricia Davis,R,2024,2.0,22.5,Likely R,True,False,safe,56,29,273107.0,245796.0,219068.0,197162.0,245796.0,232141.0,197162.0,186208.0,232141.0,218485.0,186208.0,175255.0,137106.0,"{""office"": ""GA Senate District 40"", ""source"": ""mock"", ""candidates"": [{""name"": ""Patricia Davis"", ""party"": ""R""}]}",Synthetic state-leg row — replace via OpenStates / FTM pipeline,mock
GA-U-041,GA,upper,41,ocd-division/country:us/state:ga/sldu:41,GA SD-41,R,John Rodriguez,R,2023,3.0,5.5,Lean R,False,False,defend,56,29,983494.0,885145.0,734601.0,661141.0,885145.0,835970.0,661141.0,624411.0,835970.0,786796.0,624411.0,587681.0,895864.0,"{""office"": ""GA Senate District 41"", ""source"": ""mock"", ""candidates"": [{""name"": ""John Rodriguez"", ""party"": ""R""}, {""name"": ""Mary Johnson"", ""party"": ""D""}]}",Synthetic state-leg row — replace via OpenStates / FTM pipeline,mock
GA-U-042,GA,upper,42,ocd-division/country:us/state:ga/sldu:42,GA SD-42,R,Jennifer Martinez,R,2020,6.0,0.1,Toss-up,True,False,defend,56,29,419672.0,377705.0,243057.0,218752.0,377705.0,356721.0,218752.0,206599.0,356721.0,335737.0,206599.0,194446.0,396691.0,"{""office"": ""GA Senate District 42"", ""source"": ""mock"", ""candidates"": [{""name"": ""Jennifer Martinez"", ""party"": ""R""}, {""name"": ""Robert Anderson"", ""party"": ""D""}]}",Synthetic state-leg row — replace via OpenStates / FTM pipeline,mock
GA-U-043,GA,upper,43,ocd-division/country:us/state:ga/sldu:43,GA SD-43,D,Michael Hernandez,D,2012,14.0,-3.6,Lean D,True,False,attack,56,29,450908.0,405818.0,738635.0,664771.0,405818.0,383272.0,664771.0,627840.0,383272.0,360727.0,627840.0,590908.0,652549.0,"{""office"": ""GA Senate District 43"", ""source"": ""mock"", ""candidates"": [{""name"": ""Michael Hernandez"", ""party"": ""D""}, {""name"": ""Robert Smith"", ""party"": ""R""}]}",Synthetic state-leg row — replace via OpenStates / FTM pipeline,mock
GA-U-044,GA,upper,44,ocd-division/country:us/state:ga/sldu:44,GA SD-44,R,Linda Lopez,R,2011,15.0,6.6,Lean R,True,False,defend,56,29,682585.0,614327.0,569861.0,512875.0,614327.0,580197.0,512875.0,484382.0,580197.0,546068.0,484382.0,455889.0,633380.0,"{""office"": ""GA Senate District 44"", ""source"": ""mock"", ""candidates"": [{""name"": ""Linda Lopez"", ""party"": ""R""}, {""name"": ""William Thomas"", ""party"": ""D""}]}",Synthetic state-leg row — replace via OpenStates / FTM pipeline,mock
GA-U-045,GA,upper,45,ocd-division/country:us/state:ga/sldu:45,GA SD-45,R,David Wilson,R,2017,9.0,12.5,Likely R,False,False,defend,56,29,164604.0,148143.0,151614.0,136453.0,148143.0,139913.0,136453.0,128872.0,139913.0,131683.0,128872.0,121292.0,133263.0,"{""office"": ""GA Senate District 45"", ""source"": ""mock"", ""candidates"": [{""name"": ""David Wilson"", ""party"": ""R""}, {""name"": ""Jessica Anderson"", ""party"": ""D""}]}",Synthetic state-leg row — replace via OpenStates / FTM pipeline,mock
GA-U-046,GA,upper,46,ocd-division/country:us/state:ga/sldu:46,GA SD-46,R,Elizabeth Anderson,R,2016,10.0,18.0,Likely R,True,False,safe,56,29,373169.0,335852.0,429558.0,386602.0,335852.0,317194.0,386602.0,365124.0,317194.0,298536.0,365124.0,343646.0,275221.0,"{""office"": ""GA Senate District 46"", ""source"": ""mock"", ""candidates"": [{""name"": ""Elizabeth Anderson"", ""party"": ""R""}]}",Synthetic state-leg row — replace via OpenStates / FTM pipeline,mock
GA-U-047,GA,upper,47,ocd-division/country:us/state:ga/sldu:47,GA SD-47,D,William Thomas,D,2016,10.0,-5.5,Lean D,True,False,attack,56,29,450094.0,405084.0,746732.0,672059.0,405084.0,382580.0,672059.0,634722.0,382580.0,360075.0,634722.0,597385.0,624059.0,"{""office"": ""GA Senate District 47"", ""source"": ""mock"", ""candidates"": [{""name"": ""William Thomas"", ""party"": ""D""}, {""name"": ""Joseph Jones"", ""party"": ""R""}]}",Synthetic state-leg row — replace via OpenStates / FTM pipeline,mock
GA-U-048,GA,upper,48,ocd-division/country:us/state:ga/sldu:48,GA SD-48,D,Barbara Smith,D,2013,13.0,-13.7,Likely D,True,False,attack,56,29,181210.0,163089.0,230976.0,207878.0,163089.0,154028.0,207878.0,196329.0,154028.0,144968.0,196329.0,184780.0,166641.0,"{""office"": ""GA Senate District 48"", ""source"": ""mock"", ""candidates"": [{""name"": ""Barbara Smith"", ""party"": ""D""}, {""name"": ""Elizabeth Thomas"", ""party"": ""R""}]}",Synthetic state-leg row — replace via OpenStates / FTM pipeline,mock
GA-U-049,GA,upper,49,ocd-division/country:us/state:ga/sldu:49,GA SD-49,D,Richard Johnson,D,2009,17.0,-27.7,Likely D,True,False,safe,56,29,94253.0,84828.0,109490.0,98541.0,84828.0,80115.0,98541.0,93066.0,80115.0,75402.0,93066.0,87592.0,50528.0,"{""office"": ""GA Senate District 49"", ""source"": ""mock"", ""candidates"": [{""name"": ""Richard Johnson"", ""party"": ""D""}, {""name"": ""Jessica Anderson"", ""party"": ""R""}]}",Synthetic state-leg row — replace via OpenStates / FTM pipeline,mock
GA-U-050,GA,upper,50,ocd-division/country:us/state:ga/sldu:50,GA SD-50,D,Susan Williams,D,2023,3.0,-4.2,Lean D,True,False,attack,56,29,613528.0,552175.0,1043722.0,939350.0,552175.0,521499.0,939350.0,887163.0,521499.0,490823.0,887163.0,834977.0,894915.0,"{""office"": ""GA Senate District 50"", ""source"": ""mock"", ""candidates"": [{""name"": ""Susan Williams"", ""party"": ""D""}, {""name"": ""Michael Miller"", ""party"": ""R""}]}",Synthetic state-leg row — replace via OpenStates / FTM pipeline,mock
GA-U-051,GA,upper,51,ocd-division/country:us/state:ga/sldu:51,GA SD-51,R,Joseph Brown,R,2018,8.0,-4.1,Lean D,True,False,defend,56,29,468532.0,421679.0,536435.0,482791.0,421679.0,398252.0,482791.0,455970.0,398252.0,374826.0,455970.0,429148.0,544118.0,"{""office"": ""GA Senate District 51"", ""source"": ""mock"", ""candidates"": [{""name"": ""Joseph Brown"", ""party"": ""R""}, {""name"": ""Susan Rodriguez"", ""party"": ""D""}]}",Synthetic state-leg row — replace via OpenStates / FTM pipeline,mock
GA-U-052,GA,upper,52,ocd-division/country:us/state:ga/sldu:52,GA SD-52,R,Jessica Jones,R,2017,9.0,0.8,Toss-up,True,False,defend,56,29,402014.0,361813.0,331714.0,298542.0,361813.0,341712.0,298542.0,281957.0,341712.0,321611.0,281957.0,265371.0,431851.0,"{""office"": ""GA Senate District 52"", ""source"": ""mock"", ""candidates"": [{""name"": ""Jessica Jones"", ""party"": ""R""}, {""name"": ""Richard Brown"", ""party"": ""D""}]}",Synthetic state-leg row — replace via OpenStates / FTM pipeline,mock
GA-U-053,GA,upper,53,ocd-division/country:us/state:ga/sldu:53,GA SD-53,R,James Garcia,R,2021,5.0,8.5,Likely R,True,False,defend,56,29,345678.0,311110.0,221647.0,199483.0,311110.0,293826.0,199483.0,188400.0,293826.0,276542.0,188400.0,177318.0,271506.0,"{""office"": ""GA Senate District 53"", ""source"": ""mock"", ""candidates"": [{""name"": ""James Garcia"", ""party"": ""R""}, {""name"": ""Robert Martinez"", ""party"": ""D""}]}",Synthetic state-leg row — replace via OpenStates / FTM pipeline,mock
GA-U-054,GA,upper,54,ocd-division/country:us/state:ga/sldu:54,GA SD-54,R,OPEN SEAT,,,0.0,20.6,Likely R,False,True,safe,56,29,340309.0,306278.0,279545.0,251590.0,306278.0,289263.0,251590.0,237613.0,289263.0,272247.0,237613.0,223636.0,189498.0,"{""office"": ""GA Senate District 54"", ""source"": ""mock"", ""candidates"": []}",Synthetic state-leg row — replace via OpenStates / FTM pipeline,mock
GA-U-055,GA,upper,55,ocd-division/country:us/state:ga/sldu:55,GA SD-55,D,Mary Miller,D,2019,7.0,-12.3,Likely D,True,False,attack,56,29,562571.0,506314.0,782858.0,704572.0,506314.0,478185.0,704572.0,665429.0,478185.0,450057.0,665429.0,626287.0,570846.0,"{""office"": ""GA Senate District 55"", ""source"": ""mock"", ""candidates"": [{""name"": ""Mary Miller"", ""party"": ""D""}, {""name"": ""Elizabeth Williams"", ""party"": ""R""}]}",Synthetic state-leg row — replace via OpenStates / FTM pipeline,mock
GA-U-056,GA,upper,56,ocd-division/country:us/state:ga/sldu:56,GA SD-56,R,OPEN SEAT,,,0.0,0.6,Toss-up,False,True,defend,56,29,671303.0,604172.0,662791.0,596512.0,604172.0,570607.0,596512.0,563373.0,570607.0,537042.0,563373.0,530233.0,789021.0,"{""office"": ""GA Senate District 56"", ""source"": ""mock"", ""candidates"": [{""name"": ""Michael Garcia"", ""party"": ""D""}]}",Synthetic state-leg row — replace via OpenStates / FTM pipeline,mock
HI-U-001,HI,upper,1,ocd-division/country:us/state:hi/sldu:1,HI SD-1,D,OPEN SEAT,,,0.0,-9.9,Likely D,False,True,attack,25,13,423900.0,381510.0,624553.0,562098.0,381510.0,360315.0,562098.0,530870.0,360315.0,339120.0,530870.0,499642.0,480790.0,"{""office"": ""HI Senate District 1"", ""source"": ""mock"", ""candidates"": [{""name"": ""William Garcia"", ""party"": ""R""}]}",Synthetic state-leg row — replace via OpenStates / FTM pipeline,mock
HI-U-002,HI,upper,2,ocd-division/country:us/state:hi/sldu:2,HI SD-2,D,Robert Davis,D,2009,17.0,-7.6,Likely D,True,False,attack,25,13,344441.0,309997.0,301502.0,271352.0,309997.0,292775.0,271352.0,256277.0,292775.0,275553.0,256277.0,241201.0,317435.0,"{""office"": ""HI Senate District 2"", ""source"": ""mock"", ""candidates"": [{""name"": ""Robert Davis"", ""party"": ""D""}, {""name"": ""David Hernandez"", ""party"": ""R""}]}",Synthetic state-leg row — replace via OpenStates / FTM pipeline,mock
HI-U-003,HI,upper,3,ocd-division/country:us/state:hi/sldu:3,HI SD-3,D,Patricia Rodriguez,D,2018,8.0,-8.2,Likely D,True,False,attack,25,13,851757.0,766582.0,692473.0,623226.0,766582.0,723994.0,623226.0,588602.0,723994.0,681406.0,588602.0,553979.0,745643.0,"{""office"": ""HI Senate District 3"", ""source"": ""mock"", ""candidates"": [{""name"": ""Patricia Rodriguez"", ""party"": ""D""}, {""name"": ""Susan Jones"", ""party"": ""R""}]}",Synthetic state-leg row — replace via OpenStates / FTM pipeline,mock
HI-U-004,HI,upper,4,ocd-division/country:us/state:hi/sldu:4,HI SD-4,R,John Martinez,R,2009,17.0,12.0,Likely R,True,False,defend,25,13,150008.0,135007.0,137799.0,124019.0,135007.0,127507.0,124019.0,117129.0,127507.0,120006.0,117129.0,110239.0,123346.0,"{""office"": ""HI Senate District 4"", ""source"": ""mock"", ""candidates"": [{""name"": ""John Martinez"", ""party"": ""R""}, {""name"": ""James Williams"", ""party"": ""D""}]}",Synthetic state-leg row — replace via OpenStates / FTM pipeline,mock
HI-U-005,HI,upper,5,ocd-division/country:us/state:hi/sldu:5,HI SD-5,R,Jennifer Hernandez,R,2023,3.0,-3.3,Lean D,True,False,defend,25,13,1234639.0,1111175.0,736290.0,662661.0,1111175.0,1049443.0,662661.0,625846.0,1049443.0,987711.0,625846.0,589032.0,1089642.0,"{""office"": ""HI Senate District 5"", ""source"": ""mock"", ""candidates"": [{""name"": ""Jennifer Hernandez"", ""party"": ""R""}, {""name"": ""Patricia Anderson"", ""party"": ""D""}]}",Synthetic state-leg row — replace via OpenStates / FTM pipeline,mock
HI-U-006,HI,upper,6,ocd-division/country:us/state:hi/sldu:6,HI SD-6,D,Michael Lopez,D,2022,4.0,-34.0,Likely D,True,False,safe,25,13,144677.0,130209.0,157902.0,142111.0,130209.0,122975.0,142111.0,134216.0,122975.0,115742.0,134216.0,126321.0,75039.0,"{""office"": ""HI Senate District 6"", ""source"": ""mock"", ""candidates"": [{""name"": ""Michael Lopez"", ""party"": ""D""}, {""name"": ""Robert Jones"", ""party"": ""R""}]}",Synthetic state-leg row — replace via OpenStates / FTM pipeline,mock
HI-U-007,HI,upper,7,ocd-division/country:us/state:hi/sldu:7,HI SD-7,D,Linda Wilson,D,2009,17.0,-21.5,Likely D,True,False,safe,25,13,225437.0,202894.0,303539.0,273185.0,202894.0,191622.0,273185.0,258008.0,191622.0,180350.0,258008.0,242831.0,154915.0,"{""office"": ""HI Senate District 7"", ""source"": ""mock"", ""candidates"": [{""name"": ""Linda Wilson"", ""party"": ""D""}]}",Synthetic state-leg row — replace via OpenStates / FTM pipeline,mock
HI-U-008,HI,upper,8,ocd-division/country:us/state:hi/sldu:8,HI SD-8,D,David Anderson,D,2022,4.0,-6.2,Lean D,True,False,attack,25,13,572065.0,514858.0,668288.0,601459.0,514858.0,486255.0,601459.0,568045.0,486255.0,457652.0,568045.0,534630.0,634352.0,"{""office"": ""HI Senate District 8"", ""source"": ""mock"", ""candidates"": [{""name"": ""David Anderson"", ""party"": ""D""}, {""name"": ""Barbara Garcia"", ""party"": ""R""}]}",Synthetic state-leg row — replace via OpenStates / FTM pipeline,mock
HI-U-009,HI,upper,9,ocd-division/country:us/state:hi/sldu:9,HI SD-9,D,Elizabeth Thomas,D,2020,6.0,-32.1,Likely D,True,False,safe,25,13,121202.0,109081.0,203967.0,183570.0,109081.0,103021.0,183570.0,173372.0,103021.0,96961.0,173372.0,163174.0,80642.0,"{""office"": ""HI Senate District 9"", ""source"": ""mock"", ""candidates"": [{""name"": ""Elizabeth Thomas"", ""party"": ""D""}, {""name"": ""Mary Davis"", ""party"": ""R""}]}",Synthetic state-leg row — replace via OpenStates / FTM pipeline,mock
HI-U-010,HI,upper,10,ocd-division/country:us/state:hi/sldu:10,HI SD-10,D,William Smith,D,2022,4.0,-26.6,Likely D,True,False,safe,25,13,93806.0,84425.0,187008.0,168307.0,84425.0,79735.0,168307.0,158957.0,79735.0,75045.0,158957.0,149607.0,69642.0,"{""office"": ""HI Senate District 10"", ""source"": ""mock"", ""candidates"": [{""name"": ""William Smith"", ""party"": ""D""}]}",Synthetic state-leg row — replace via OpenStates / FTM pipeline,mock
HI-U-011,HI,upper,11,ocd-division/country:us/state:hi/sldu:11,HI SD-11,D,Barbara Johnson,D,2021,5.0,-16.2,Likely D,True,False,safe,25,13,305914.0,275323.0,303588.0,273229.0,275323.0,260027.0,273229.0,258050.0,260027.0,244731.0,258050.0,242870.0,224645.0,"{""office"": ""HI Senate District 11"", ""source"": ""mock"", ""candidates"": [{""name"": ""Barbara Johnson"", ""party"": ""D""}]}",Synthetic state-leg row — replace via OpenStates / FTM pipeline,mock
HI-U-012,HI,upper,12,ocd-division/country:us/state:hi/sldu:12,HI SD-12,D,Richard Williams,D,2022,4.0,-20.9,Likely D,True,False,safe,25,13,93715.0,84344.0,102721.0,92449.0,84344.0,79658.0,92449.0,87313.0,79658.0,74972.0,87313.0,82176.0,59211.0,"{""office"": ""HI Senate District 12"", ""source"": ""mock"", ""candidates"": [{""name"": ""Richard Williams"", ""party"": ""D""}, {""name"": ""Mary Rodriguez"", ""party"": ""R""}]}",Synthetic state-leg row — replace via OpenStates / FTM pipeline,mock
HI-U-013,HI,upper,13,ocd-division/country:us/state:hi/sldu:13,HI SD-13,D,Susan Brown,D,2016,10.0,-39.6,Likely D,False,False,safe,25,13,151982.0,136784.0,159137.0,143223.0,136784.0,129185.0,143223.0,135266.0,129185.0,121586.0,135266.0,127309.0,77157.0,"{""office"": ""HI Senate District 13"", ""source"": ""mock"", ""candidates"": [{""name"": ""Susan Brown"", ""party"": ""D""}, {""name"": ""Robert Thomas"", ""party"": ""R""}]}",Synthetic state-leg row — replace via OpenStates / FTM pipeline,mock
HI-U-014,HI,upper,14,ocd-division/country:us/state:hi/sldu:14,HI SD-14,D,Joseph Jones,D,2015,11.0,-6.3,Lean D,True,False,attack,25,13,971207.0,874086.0,1238452.0,1114607.0,874086.0,825526.0,1114607.0,1052684.0,825526.0,776965.0,1052684.0,990762.0,1126926.0,"{""office"": ""HI Senate District 14"", ""source"": ""mock"", ""candidates"": [{""name"": ""Joseph Jones"", ""party"": ""D""}, {""name"": ""Richard Smith"", ""party"": ""R""}]}",Synthetic state-leg row — replace via OpenStates / FTM pipeline,mock
HI-U-015,HI,upper,15,ocd-division/country:us/state:hi/sldu:15,HI SD-15,D,Jessica Garcia,D,2021,5.0,-4.2,Lean D,True,False,attack,25,13,338963.0,305067.0,514329.0,462896.0,305067.0,288119.0,462896.0,437180.0,288119.0,271170.0,437180.0,411463.0,460778.0,"{""office"": ""HI Senate District 15"", ""source"": ""mock"", ""candidates"": [{""name"": ""Jessica Garcia"", ""party"": ""D""}, {""name"": ""Joseph Thomas"", ""party"": ""R""}]}",Synthetic state-leg row — replace via OpenStates / FTM pipeline,mock
HI-U-016,HI,upper,16,ocd-division/country:us/state:hi/sldu:16,HI SD-16,D,OPEN SEAT,,,0.0,-7.2,Likely D,False,True,attack,25,13,858410.0,772569.0,1024706.0,922235.0,772569.0,729648.0,922235.0,871000.0,729648.0,686728.0,871000.0,819765.0,936178.0,"{""office"": ""HI Senate District 16"", ""source"": ""mock"", ""candidates"": [{""name"": ""Mary Johnson"", ""party"": ""R""}]}",Synthetic state-leg row — replace via OpenStates / FTM pipeline,mock
HI-U-017,HI,upper,17,ocd-division/country:us/state:hi/sldu:17,HI SD-17,D,James Miller,D,2024,2.0,-6.5,Lean D,True,False,attack,25,13,576787.0,519108.0,647290.0,582561.0,519108.0,490269.0,582561.0,550197.0,490269.0,461430.0,550197.0,517832.0,620782.0,"{""office"": ""HI Senate District 17"", ""source"": ""mock"", ""candidates"": [{""name"": ""James Miller"", ""party"": ""D""}, {""name"": ""Barbara Miller"", ""party"": ""R""}]}",Synthetic state-leg row — replace via OpenStates / FTM pipeline,mock
HI-U-018,HI,upper,18,ocd-division/country:us/state:hi/sldu:18,HI SD-18,D,Mary Davis,D,2019,7.0,-8.0,Likely D,True,False,attack,25,13,425402.0,382862.0,432136.0,388922.0,382862.0,361592.0,388922.0,367316.0,361592.0,340322.0,367316.0,345709.0,416518.0,"{""office"": ""HI Senate District 18"", ""source"": ""mock"", ""candidates"": [{""name"": ""Mary Davis"", ""party"": ""D""}, {""name"": ""David Lopez"", ""party"": ""R""}]}",Synthetic state-leg row — replace via OpenStates / FTM pipeline,mock
HI-U-019,HI,upper,19,ocd-division/country:us/state:hi/sldu:19,HI SD-19,D,Robert Rodriguez,D,2011,15.0,-9.0,Likely D,True,False,attack,25,13,816037.0,734433.0,722822.0,650540.0,734433.0,693631.0,650540.0,614399.0,693631.0,652829.0,614399.0,578257.0,725462.0,"{""office"": ""HI Senate District 19"", ""source"": ""mock"", ""candidates"": [{""name"": ""Robert Rodriguez"", ""party"": ""D""}, {""name"": ""Richard Anderson"", ""party"": ""R""}]}",Synthetic state-leg row — replace via OpenStates / FTM pipeline,mock
HI-U-020,HI,upper,20,ocd-division/country:us/state:hi/sldu:20,HI SD-20,D,Patricia Martinez,D,2016,10.0,-15.5,Likely D,True,False,safe,25,13,214754.0,193278.0,190114.0,171102.0,193278.0,182541.0,171102.0,161597.0,182541.0,171803.0,161597.0,152091.0,153271.0,"{""office"": ""HI Senate District 20"", ""source"": ""mock"", ""candidates"": [{""name"": ""Patricia Martinez"", ""party"": ""D""}]}",Synthetic state-leg row — replace via OpenStates / FTM pipeline,mock
HI-U-021,HI,upper,21,ocd-division/country:us/state:hi/sldu:21,HI SD-21,D,John Hernandez,D,2009,17.0,-28.7,Likely D,True,False,safe,25,13,120482.0,108434.0,128753.0,115877.0,108434.0,102410.0,115877.0,109440.0,102410.0,96386.0,109440.0,103002.0,61810.0,"{""office"": ""HI Senate District 21"", ""source"": ""mock"", ""candidates"": [{""name"": ""John Hernandez"", ""party"": ""D""}]}",Synthetic state-leg row — replace via OpenStates / FTM pipeline,mock
HI-U-022,HI,upper,22,ocd-division/country:us/state:hi/sldu:22,HI SD-22,D,Jennifer Lopez,D,2015,11.0,-20.1,Likely D,True,False,safe,25,13,310936.0,279842.0,332702.0,299432.0,279842.0,264296.0,299432.0,282797.0,264296.0,248749.0,282797.0,266162.0,201367.0,"{""office"": ""HI Senate District 22"", ""source"": ""mock"", ""candidates"": [{""name"": ""Jennifer Lopez"", ""party"": ""D""}]}",Synthetic state-leg row — replace via OpenStates / FTM pipeline,mock
HI-U-023,HI,upper,23,ocd-division/country:us/state:hi/sldu:23,HI SD-23,D,Michael Wilson,D,2016,10.0,-13.9,Likely D,True,False,attack,25,13,479070.0,431163.0,711067.0,639960.0,431163.0,407209.0,639960.0,604407.0,407209.0,383256.0,604407.0,568853.0,477755.0,"{""office"": ""HI Senate District 23"", ""source"": ""mock"", ""candidates"": [{""name"": ""Michael Wilson"", ""party"": ""D""}, {""name"": ""James Garcia"", ""party"": ""R""}]}",Synthetic state-leg row — replace via OpenStates / FTM pipeline,mock
HI-U-024,HI,upper,24,ocd-division/country:us/state:hi/sldu:24,HI SD-24,D,Linda Anderson,D,2010,16.0,-4.3,Lean D,True,False,attack,25,13,420818.0,378736.0,396316.0,356685.0,378736.0,357696.0,356685.0,336869.0,357696.0,336655.0,336869.0,317053.0,440085.0,"{""office"": ""HI Senate District 24"", ""source"": ""mock"", ""candidates"": [{""name"": ""Linda Anderson"", ""party"": ""D""}, {""name"": ""Linda Williams"", ""party"": ""R""}]}",Synthetic state-leg row — replace via OpenStates / FTM pipeline,mock
HI-U-025,HI,upper,25,ocd-division/country:us/state:hi/sldu:25,HI SD-25,D,David Thomas,D,2021,5.0,-22.8,Likely D,True,False,safe,25,13,162608.0,146347.0,300915.0,270823.0,146347.0,138216.0,270823.0,255777.0,138216.0,130086.0,255777.0,240732.0,127137.0,"{""office"": ""HI Senate District 25"", ""source"": ""mock"", ""candidates"": [{""name"": ""David Thomas"", ""party"": ""D""}]}",Synthetic state-leg row — replace via OpenStates / FTM pipeline,mock
IA-U-001,IA,upper,1,ocd-division/country:us/state:ia/sldu:1,IA SD-1,R,Elizabeth Smith,R,2011,15.0,-2.8,Lean D,False,False,defend,50,26,742909.0,668618.0,549831.0,494848.0,668618.0,631472.0,494848.0,467356.0,631472.0,594327.0,467356.0,439865.0,723934.0,"{""office"": ""IA Senate District 1"", ""source"": ""mock"", ""candidates"": [{""name"": ""Elizabeth Smith"", ""party"": ""R""}, {""name"": ""David Jones"", ""party"": ""D""}]}",Synthetic state-leg row — replace via OpenStates / FTM pipeline,mock
IA-U-002,IA,upper,2,ocd-division/country:us/state:ia/sldu:2,IA SD-2,R,William Johnson,R,2012,14.0,-0.3,Toss-up,True,False,defend,50,26,891640.0,802476.0,881484.0,793336.0,802476.0,757894.0,793336.0,749262.0,757894.0,713312.0,749262.0,705188.0,1056276.0,"{""office"": ""IA Senate District 2"", ""source"": ""mock"", ""candidates"": [{""name"": ""William Johnson"", ""party"": ""R""}, {""name"": ""Susan Smith"", ""party"": ""D""}]}",Synthetic state-leg row — replace via OpenStates / FTM pipeline,mock
IA-U-003,IA,upper,3,ocd-division/country:us/state:ia/sldu:3,IA SD-3,R,Barbara Williams,R,2023,3.0,7.0,Likely R,False,False,defend,50,26,975235.0,877711.0,840000.0,756000.0,877711.0,828950.0,756000.0,714000.0,828950.0,780188.0,714000.0,672000.0,907618.0,"{""office"": ""IA Senate District 3"", ""source"": ""mock"", ""candidates"": [{""name"": ""Barbara Williams"", ""party"": ""R""}, {""name"": ""Susan Rodriguez"", ""party"": ""D""}]}",Synthetic state-leg row — replace via OpenStates / FTM pipeline,mock
IA-U-004,IA,upper,4,ocd-division/country:us/state:ia/sldu:4,IA SD-4,R,Richard Brown,R,2008,18.0,-0.7,Toss-up,True,False,defend,50,26,839391.0,755452.0,876772.0,789095.0,755452.0,713482.0,789095.0,745256.0,713482.0,671513.0,745256.0,701418.0,1012536.0,"{""office"": ""IA Senate District 4"", ""source"": ""mock"", ""candidates"": [{""name"": ""Richard Brown"", ""party"": ""R""}, {""name"": ""Robert Smith"", ""party"": ""D""}]}",Synthetic state-leg row — replace via OpenStates / FTM pipeline,mock
IA-U-005,IA,upper,5,ocd-division/country:us/state:ia/sldu:5,IA SD-5,D,Susan Jones,D,2012,14.0,2.8,Lean R,True,False,attack,50,26,197676.0,177908.0,345246.0,310721.0,177908.0,168024.0,310721.0,293459.0,168024.0,158140.0,293459.0,276196.0,304036.0,"{""office"": ""IA Senate District 5"", ""source"": ""mock"", ""candidates"": [{""name"": ""Susan Jones"", ""party"": ""D""}, {""name"": ""David Thomas"", ""party"": ""R""}]}",Synthetic state-leg row — replace via OpenStates / FTM pipeline,mock
IA-U-006,IA,upper,6,ocd-division/country:us/state:ia/sldu:6,IA SD-6,R,Joseph Garcia,R,2017,9.0,0.5,Toss-up,True,False,defend,50,26,285311.0,256780.0,352815.0,317534.0,256780.0,242514.0,317534.0,299893.0,242514.0,228249.0,299893.0,282252.0,378318.0,"{""office"": ""IA Senate District 6"", ""source"": ""mock"", ""candidates"": [{""name"": ""Joseph Garcia"", ""party"": ""R""}, {""name"": ""Jessica Brown"", ""party"": ""D""}]}",Synthetic state-leg row — replace via OpenStates / FTM pipeline,mock
IA-U-007,IA,upper,7,ocd-division/country:us/state:ia/sldu:7,IA SD-7,R,Jessica Miller,R,2009,17.0,3.2,Lean R,True,False,defend,50,26,1347841.0,1213057.0,993987.0,894588.0,1213057.0,1145665.0,894588.0,844889.0,1145665.0,1078273.0,844889.0,795189.0,1298041.0,"{""office"": ""IA Senate District 7"", ""source"": ""mock"", ""candidates"": [{""name"": ""Jessica Miller"", ""party"": ""R""}, {""name"": ""Susan Anderson"", ""party"": ""D""}]}",Synthetic state-leg row — replace via OpenStates / FTM pipeline,mock
IA-U-008,IA,upper,8,ocd-division/country:us/state:ia/sldu:8,IA SD-8,R,James Davis,R,2022,4.0,17.5,Likely R,True,False,safe,50,26,180813.0,162732.0,123954.0,111559.0,162732.0,153691.0,111559.0,105361.0,153691.0,144651.0,105361.0,99163.0,106669.0,"{""office"": ""IA Senate District 8"", ""source"": ""mock"", ""candidates"": [{""name"": ""James Davis"", ""party"": ""R""}, {""name"": ""William Johnson"", ""party"": ""D""}]}",Synthetic state-leg row — replace via OpenStates / FTM pipeline,mock
IA-U-009,IA,upper,9,ocd-division/country:us/state:ia/sldu:9,IA SD-9,R,OPEN SEAT,,,0.0,14.7,Likely R,False,True,safe,50,26,658954.0,593059.0,552934.0,497641.0,593059.0,560111.0,497641.0,469994.0,560111.0,527164.0,469994.0,442347.0,472637.0,"{""office"": ""IA Senate District 9"", ""source"": ""mock"", ""candidates"": []}",Synthetic state-leg row — replace via OpenStates / FTM pipeline,mock
IA-U-010,IA,upper,10,ocd-division/country:us/state:ia/sldu:10,IA SD-10,R,Mary Rodriguez,R,2024,2.0,34.2,Likely R,False,False,safe,50,26,204829.0,184346.0,129024.0,116122.0,184346.0,174104.0,116122.0,109670.0,174104.0,163863.0,109670.0,103219.0,82795.0,"{""office"": ""IA Senate District 10"", ""source"": ""mock"", ""candidates"": [{""name"": ""Mary Rodriguez"", ""party"": ""R""}]}",Synthetic state-leg row — replace via OpenStates / FTM pipeline,mock
IA-U-011,IA,upper,11,ocd-division/country:us/state:ia/sldu:11,IA SD-11,R,Robert Martinez,R,2014,12.0,2.1,Lean R,True,False,defend,50,26,290022.0,261020.0,299893.0,269904.0,261020.0,246519.0,269904.0,254909.0,246519.0,232018.0,254909.0,239915.0,336252.0,"{""office"": ""IA Senate District 11"", ""source"": ""mock"", ""candidates"": [{""name"": ""Robert Martinez"", ""party"": ""R""}, {""name"": ""Linda Martinez"", ""party"": ""D""}]}",Synthetic state-leg row — replace via OpenStates / FTM pipeline,mock
IA-U-012,IA,upper,12,ocd-division/country:us/state:ia/sldu:12,IA SD-12,R,Patricia Hernandez,R,2016,10.0,11.4,Likely R,True,False,defend,50,26,655682.0,590113.0,380612.0,342551.0,590113.0,557329.0,342551.0,323520.0,557329.0,524545.0,323520.0,304489.0,453008.0,"{""office"": ""IA Senate District 12"", ""source"": ""mock"", ""candidates"": [{""name"": ""Patricia Hernandez"", ""party"": ""R""}, {""name"": ""Mary Thomas"", ""party"": ""D""}]}",Synthetic state-leg row — replace via OpenStates / FTM pipeline,mock
IA-U-013,IA,upper,13,ocd-division/country:us/state:ia/sldu:13,IA SD-13,D,John Lopez,D,2024,2.0,-0.8,Toss-up,True,False,attack,50,26,403751.0,363376.0,385201.0,346681.0,363376.0,343188.0,346681.0,327421.0,343188.0,323001.0,327421.0,308161.0,464355.0,"{""office"": ""IA Senate District 13"", ""source"": ""mock"", ""candidates"": [{""name"": ""John Lopez"", ""party"": ""D""}, {""name"": ""Linda Martinez"", ""party"": ""R""}]}",Synthetic state-leg row — replace via OpenStates / FTM pipeline,mock
IA-U-014,IA,upper,14,ocd-division/country:us/state:ia/sldu:14,IA SD-14,D,Jennifer Wilson,D,2023,3.0,-0.7,Toss-up,True,False,attack,50,26,725243.0,652719.0,1146251.0,1031626.0,652719.0,616457.0,1031626.0,974313.0,616457.0,580195.0,974313.0,917001.0,1104182.0,"{""office"": ""IA Senate District 14"", ""source"": ""mock"", ""candidates"": [{""name"": ""Jennifer Wilson"", ""party"": ""D""}, {""name"": ""Linda Wilson"", ""party"": ""R""}]}",Synthetic state-leg row — replace via OpenStates / FTM pipeline,mock
IA-U-015,IA,upper,15,ocd-division/country:us/state:ia/sldu:15,IA SD-15,R,Michael Anderson,R,2023,3.0,-1.3,Toss-up,True,False,defend,50,26,766116.0,689504.0,892538.0,803284.0,689504.0,651199.0,803284.0,758657.0,651199.0,612893.0,758657.0,714031.0,964389.0,"{""office"": ""IA Senate District 15"", ""source"": ""mock"", ""candidates"": [{""name"": ""Michael Anderson"", ""party"": ""R""}, {""name"": ""John Smith"", ""party"": ""D""}]}",Synthetic state-leg row — replace via OpenStates / FTM pipeline,mock
IA-U-016,IA,upper,16,ocd-division/country:us/state:ia/sldu:16,IA SD-16,R,Linda Thomas,R,2017,9.0,11.1,Likely R,True,False,defend,50,26,371047.0,333942.0,251444.0,226300.0,333942.0,315390.0,226300.0,213727.0,315390.0,296838.0,213727.0,201155.0,274785.0,"{""office"": ""IA Senate District 16"", ""source"": ""mock"", ""candidates"": [{""name"": ""Linda Thomas"", ""party"": ""R""}, {""name"": ""Michael Garcia"", ""party"": ""D""}]}",Synthetic state-leg row — replace via OpenStates / FTM pipeline,mock
IA-U-017,IA,upper,17,ocd-division/country:us/state:ia/sldu:17,IA SD-17,R,OPEN SEAT,,,0.0,11.4,Likely R,False,True,defend,50,26,243851.0,219466.0,212785.0,191507.0,219466.0,207274.0,191507.0,180867.0,207274.0,195081.0,180867.0,170228.0,199615.0,"{""office"": ""IA Senate District 17"", ""source"": ""mock"", ""candidates"": [{""name"": ""David Lopez"", ""party"": ""D""}]}",Synthetic state-leg row — replace via OpenStates / FTM pipeline,mock
IA-U-018,IA,upper,18,ocd-division/country:us/state:ia/sldu:18,IA SD-18,D,David Smith,D,2013,13.0,0.3,Toss-up,True,False,attack,50,26,870388.0,783350.0,1076473.0,968825.0,783350.0,739830.0,968825.0,915002.0,739830.0,696311.0,915002.0,861178.0,1159773.0,"{""office"": ""IA Senate District 18"", ""source"": ""mock"", ""candidates"": [{""name"": ""David Smith"", ""party"": ""D""}, {""name"": ""William Martinez"", ""party"": ""R""}]}",Synthetic state-leg row — replace via OpenStates / FTM pipeline,mock
IA-U-019,IA,upper,19,ocd-division/country:us/state:ia/sldu:19,IA SD-19,R,Elizabeth Johnson,R,2015,11.0,15.5,Likely R,True,False,safe,50,26,236160.0,212544.0,144071.0,129664.0,212544.0,200736.0,129664.0,122461.0,200736.0,188928.0,122461.0,115257.0,143945.0,"{""office"": ""IA Senate District 19"", ""source"": ""mock"", ""candidates"": [{""name"": ""Elizabeth Johnson"", ""party"": ""R""}, {""name"": ""Elizabeth Smith"", ""party"": ""D""}]}",Synthetic state-leg row — replace via OpenStates / FTM pipeline,mock
IA-U-020,IA,upper,20,ocd-division/country:us/state:ia/sldu:20,IA SD-20,R,William Williams,R,2019,7.0,17.8,Likely R,True,False,safe,50,26,491583.0,442425.0,447786.0,403008.0,442425.0,417846.0,403008.0,380618.0,417846.0,393266.0,380618.0,358229.0,324753.0,"{""office"": ""IA Senate District 20"", ""source"": ""mock"", ""candidates"": [{""name"": ""William Williams"", ""party"": ""R""}]}",Synthetic state-leg row — replace via OpenStates / FTM pipeline,mock
IA-U-021,IA,upper,21,ocd-division/country:us/state:ia/sldu:21,IA SD-21,D,Barbara Brown,D,2012,14.0,-12.1,Likely D,True,False,attack,50,26,190761.0,171685.0,266389.0,239750.0,171685.0,162147.0,239750.0,226431.0,162147.0,152609.0,226431.0,213111.0,195269.0,"{""office"": ""IA Senate District 21"", ""source"": ""mock"", ""candidates"": [{""name"": ""Barbara Brown"", ""party"": ""D""}, {""name"": ""Michael Lopez"", ""party"": ""R""}]}",Synthetic state-leg row — replace via OpenStates / FTM pipeline,mock
IA-U-022,IA,upper,22,ocd-division/country:us/state:ia/sldu:22,IA SD-22,D,Richard Jones,D,2012,14.0,-2.4,Lean D,True,False,attack,50,26,402534.0,362281.0,498721.0,448848.0,362281.0,342154.0,448848.0,423912.0,342154.0,322027.0,423912.0,398976.0,509852.0,"{""office"": ""IA Senate District 22"", ""source"": ""mock"", ""candidates"": [{""name"": ""Richard Jones"", ""party"": ""D""}, {""name"": ""Jessica Jones"", ""party"": ""R""}]}",Synthetic state-leg row — replace via OpenStates / FTM pipeline,mock
IA-U-023,IA,upper,23,ocd-division/country:us/state:ia/sldu:23,IA SD-23,R,Susan Garcia,R,2016,10.0,6.7,Lean R,True,False,defend,50,26,648812.0,583931.0,601483.0,541335.0,583931.0,551490.0,541335.0,511261.0,551490.0,519049.0,511261.0,481187.0,630506.0,"{""office"": ""IA Senate District 23"", ""source"": ""mock"", ""candidates"": [{""name"": ""Susan Garcia"", ""party"": ""R""}, {""name"": ""Robert Hernandez"", ""party"": ""D""}]}",Synthetic state-leg row — replace via OpenStates / FTM pipeline,mock
IA-U-024,IA,upper,24,ocd-division/country:us/state:ia/sldu:24,IA SD-24,R,Joseph Miller,R,2010,16.0,6.6,Lean R,True,False,defend,50,26,315430.0,283887.0,223194.0,200874.0,283887.0,268115.0,200874.0,189715.0,268115.0,252344.0,189715.0,178555.0,272390.0,"{""office"": ""IA Senate District 24"", ""source"": ""mock"", ""candidates"": [{""name"": ""Joseph Miller"", ""party"": ""R""}, {""name"": ""Jennifer Jones"", ""party"": ""D""}]}",Synthetic state-leg row — replace via OpenStates / FTM pipeline,mock
IA-U-025,IA,upper,25,ocd-division/country:us/state:ia/sldu:25,IA SD-25,R,Jessica Davis,R,2013,13.0,-1.2,Toss-up,True,False,defend,50,26,956398.0,860758.0,659934.0,593941.0,860758.0,812939.0,593941.0,560944.0,812939.0,765119.0,560944.0,527947.0,942091.0,"{""office"": ""IA Senate District 25"", ""source"": ""mock"", ""candidates"": [{""name"": ""Jessica Davis"", ""party"": ""R""}, {""name"": ""Patricia Garcia"", ""party"": ""D""}]}",Synthetic state-leg row — replace via OpenStates / FTM pipeline,mock
IA-U-026,IA,upper,26,ocd-division/country:us/state:ia/sldu:26,IA SD-26,R,James Rodriguez,R,2019,7.0,18.8,Likely R,True,False,safe,50,26,234438.0,210994.0,169708.0,152737.0,210994.0,199272.0,152737.0,144252.0,199272.0,187550.0,144252.0,135767.0,133945.0,"{""office"": ""IA Senate District 26"", ""source"": ""mock"", ""candidates"": [{""name"": ""James Rodriguez"", ""party"": ""R""}]}",Synthetic state-leg row — replace via OpenStates / FTM pipeline,mock
IA-U-027,IA,upper,27,ocd-division/country:us/state:ia/sldu:27,IA SD-27,R,Mary Martinez,R,2014,12.0,6.0,Lean R,True,False,defend,50,26,281621.0,253459.0,327725.0,294953.0,253459.0,239378.0,294953.0,278567.0,239378.0,225297.0,278567.0,262180.0,313378.0,"{""office"": ""IA Senate District 27"", ""source"": ""mock"", ""candidates"": [{""name"": ""Mary Martinez"", ""party"": ""R""}, {""name"": ""Mary Davis"", ""party"": ""D""}]}",Synthetic state-leg row — replace via OpenStates / FTM pipeline,mock
IA-U-028,IA,upper,28,ocd-division/country:us/state:ia/sldu:28,IA SD-28,R,Robert Hernandez,R,2021,5.0,7.9,Likely R,True,False,defend,50,26,569107.0,512197.0,448969.0,404072.0,512197.0,483741.0,404072.0,381624.0,483741.0,455286.0,381624.0,359175.0,495949.0,"{""office"": ""IA Senate District 28"", ""source"": ""mock"", ""candidates"": [{""name"": ""Robert Hernandez"", ""party"": ""R""}, {""name"": ""Elizabeth Garcia"", ""party"": ""D""}]}",Synthetic state-leg row — replace via OpenStates / FTM pipeline,mock
IA-U-029,IA,upper,29,ocd-division/country:us/state:ia/sldu:29,IA SD-29,R,Patricia Lopez,R,2013,13.0,3.1,Lean R,True,False,defend,50,26,527478.0,474730.0,369168.0,332251.0,474730.0,448357.0,332251.0,313793.0,448357.0,421983.0,313793.0,295334.0,498279.0,"{""office"": ""IA Senate District 29"", ""source"": ""mock"", ""candidates"": [{""name"": ""Patricia Lopez"", ""party"": ""R""}, {""name"": ""John Brown"", ""party"": ""D""}]}",Synthetic state-leg row — replace via OpenStates / FTM pipeline,mock
IA-U-030,IA,upper,30,ocd-division/country:us/state:ia/sldu:30,IA SD-30,R,John Wilson,R,2009,17.0,5.1,Lean R,False,False,defend,50,26,630143.0,567129.0,653109.0,587799.0,567129.0,535622.0,587799.0,555143.0,535622.0,504114.0,555143.0,522488.0,676457.0,"{""office"": ""IA Senate District 30"", ""source"": ""mock"", ""candidates"": [{""name"": ""John Wilson"", ""party"": ""R""}, {""name"": ""James Lopez"", ""party"": ""D""}]}",Synthetic state-leg row — replace via OpenStates / FTM pipeline,mock
IA-U-031,IA,upper,31,ocd-division/country:us/state:ia/sldu:31,IA SD-31,R,OPEN SEAT,,,0.0,5.8,Lean R,False,True,defend,50,26,715963.0,644367.0,606964.0,546268.0,644367.0,608569.0,546268.0,515920.0,608569.0,572771.0,515920.0,485571.0,684143.0,"{""office"": ""IA Senate District 31"", ""source"": ""mock"", ""candidates"": [{""name"": ""John Williams"", ""party"": ""D""}]}",Synthetic state-leg row — replace via OpenStates / FTM pipeline,mock
IA-U-032,IA,upper,32,ocd-division/country:us/state:ia/sldu:32,IA SD-32,D,Jennifer Anderson,D,2011,15.0,1.8,Toss-up,True,False,attack,50,26,622711.0,560440.0,968034.0,871231.0,560440.0,529304.0,871231.0,822829.0,529304.0,498168.0,822829.0,774428.0,913542.0,"{""office"": ""IA Senate District 32"", ""source"": ""mock"", ""candidates"": [{""name"": ""Jennifer Anderson"", ""party"": ""D""}, {""name"": ""Richard Johnson"", ""party"": ""R""}]}",Synthetic state-leg row — replace via OpenStates / FTM pipeline,mock
IA-U-033,IA,upper,33,ocd-division/country:us/state:ia/sldu:33,IA SD-33,R,Michael Thomas,R,2014,12.0,4.2,Lean R,True,False,defend,50,26,463187.0,416868.0,410427.0,369384.0,416868.0,393709.0,369384.0,348863.0,393709.0,370550.0,348863.0,328342.0,471752.0,"{""office"": ""IA Senate District 33"", ""source"": ""mock"", ""candidates"": [{""name"": ""Michael Thomas"", ""party"": ""R""}, {""name"": ""John Miller"", ""party"": ""D""}]}",Synthetic state-leg row — replace via OpenStates / FTM pipeline,mock
IA-U-034,IA,upper,34,ocd-division/country:us/state:ia/sldu:34,IA SD-34,R,Linda Smith,R,2010,16.0,17.6,Likely R,False,False,safe,50,26,488408.0,439567.0,504714.0,454243.0,439567.0,415147.0,454243.0,429007.0,415147.0,390726.0,429007.0,403771.0,346174.0,"{""office"": ""IA Senate District 34"", ""source"": ""mock"", ""candidates"": [{""name"": ""Linda Smith"", ""party"": ""R""}]}",Synthetic state-leg row — replace via OpenStates / FTM pipeline,mock
IA-U-035,IA,upper,35,ocd-division/country:us/state:ia/sldu:35,IA SD-35,R,David Johnson,R,2012,14.0,2.2,Lean R,True,False,defend,50,26,734374.0,660937.0,509243.0,458318.0,660937.0,624218.0,458318.0,432856.0,624218.0,587499.0,432856.0,407394.0,707085.0,"{""office"": ""IA Senate District 35"", ""source"": ""mock"", ""candidates"": [{""name"": ""David Johnson"", ""party"": ""R""}, {""name"": ""Jennifer Wilson"", ""party"": ""D""}]}",Synthetic state-leg row — replace via OpenStates / FTM pipeline,mock
IA-U-036,IA,upper,36,ocd-division/country:us/state:ia/sldu:36,IA SD-36,R,Elizabeth Williams,R,2012,14.0,15.9,Likely R,True,False,safe,50,26,562763.0,506486.0,385372.0,346835.0,506486.0,478348.0,346835.0,327566.0,478348.0,450210.0,327566.0,308297.0,353519.0,"{""office"": ""IA Senate District 36"", ""source"": ""mock"", ""candidates"": [{""name"": ""Elizabeth Williams"", ""party"": ""R""}, {""name"": ""Elizabeth Garcia"", ""party"": ""D""}]}",Synthetic state-leg row — replace via OpenStates / FTM pipeline,mock
IA-U-037,IA,upper,37,ocd-division/country:us/state:ia/sldu:37,IA SD-37,R,William Brown,R,2020,6.0,13.4,Likely R,False,False,defend,50,26,592648.0,533384.0,592071.0,532864.0,533384.0,503751.0,532864.0,503261.0,503751.0,474119.0,503261.0,473657.0,484043.0,"{""office"": ""IA Senate District 37"", ""source"": ""mock"", ""candidates"": [{""name"": ""William Brown"", ""party"": ""R""}, {""name"": ""David Smith"", ""party"": ""D""}]}",Synthetic state-leg row — replace via OpenStates / FTM pipeline,mock
IA-U-038,IA,upper,38,ocd-division/country:us/state:ia/sldu:38,IA SD-38,R,Barbara Jones,R,2012,14.0,10.7,Likely R,True,False,defend,50,26,572725.0,515452.0,370331.0,333298.0,515452.0,486816.0,333298.0,314781.0,486816.0,458180.0,314781.0,296264.0,421681.0,"{""office"": ""IA Senate District 38"", ""source"": ""mock"", ""candidates"": [{""name"": ""Barbara Jones"", ""party"": ""R""}, {""name"": ""Mary Thomas"", ""party"": ""D""}]}",Synthetic state-leg row — replace via OpenStates / FTM pipeline,mock
IA-U-039,IA,upper,39,ocd-division/country:us/state:ia/sldu:39,IA SD-39,R,Richard Garcia,R,2015,11.0,18.1,Likely R,True,False,safe,50,26,546788.0,492109.0,394354.0,354919.0,492109.0,464770.0,354919.0,335201.0,464770.0,437431.0,335201.0,315484.0,321333.0,"{""office"": ""IA Senate District 39"", ""source"": ""mock"", ""candidates"": [{""name"": ""Richard Garcia"", ""party"": ""R""}, {""name"": ""Robert Brown"", ""party"": ""D""}]}",Synthetic state-leg row — replace via OpenStates / FTM pipeline,mock
IA-U-040,IA,upper,40,ocd-division/country:us/state:ia/sldu:40,IA SD-40,R,Susan Miller,R,2011,15.0,2.3,Lean R,True,False,defend,50,26,831713.0,748542.0,849301.0,764371.0,748542.0,706956.0,764371.0,721906.0,706956.0,665370.0,721906.0,679441.0,953375.0,"{""office"": ""IA Senate District 40"", ""source"": ""mock"", ""candidates"": [{""name"": ""Susan Miller"", ""party"": ""R""}, {""name"": ""Mary Martinez"", ""party"": ""D""}]}",Synthetic state-leg row — replace via OpenStates / FTM pipeline,mock
IA-U-041,IA,upper,41,ocd-division/country:us/state:ia/sldu:41,IA SD-41,R,Joseph Davis,R,2023,3.0,8.7,Likely R,True,False,defend,50,26,573907.0,516516.0,534949.0,481454.0,516516.0,487821.0,481454.0,454706.0,487821.0,459125.0,454706.0,427959.0,527498.0,"{""office"": ""IA Senate District 41"", ""source"": ""mock"", ""candidates"": [{""name"": ""Joseph Davis"", ""party"": ""R""}, {""name"": ""Mary Miller"", ""party"": ""D""}]}",Synthetic state-leg row — replace via OpenStates / FTM pipeline,mock
IA-U-042,IA,upper,42,ocd-division/country:us/state:ia/sldu:42,IA SD-42,R,Jessica Rodriguez,R,2012,14.0,7.6,Likely R,True,False,defend,50,26,909655.0,818689.0,812444.0,731200.0,818689.0,773206.0,731200.0,690578.0,773206.0,727724.0,690578.0,649955.0,846289.0,"{""office"": ""IA Senate District 42"", ""source"": ""mock"", ""candidates"": [{""name"": ""Jessica Rodriguez"", ""party"": ""R""}, {""name"": ""Elizabeth Brown"", ""party"": ""D""}]}",Synthetic state-leg row — replace via OpenStates / FTM pipeline,mock
IA-U-043,IA,upper,43,ocd-division/country:us/state:ia/sldu:43,IA SD-43,R,James Martinez,R,2009,17.0,15.6,Likely R,True,False,safe,50,26,505220.0,454698.0,443219.0,398897.0,454698.0,429437.0,398897.0,376736.0,429437.0,404176.0,376736.0,354575.0,357697.0,"{""office"": ""IA Senate District 43"", ""source"": ""mock"", ""candidates"": [{""name"": ""James Martinez"", ""party"": ""R""}, {""name"": ""Jessica Brown"", ""party"": ""D""}]}",Synthetic state-leg row — replace via OpenStates / FTM pipeline,mock
IA-U-044,IA,upper,44,ocd-division/country:us/state:ia/sldu:44,IA SD-44,R,Mary Hernandez,R,2016,10.0,22.5,Likely R,True,False,safe,50,26,252029.0,226826.0,177319.0,159588.0,226826.0,214225.0,159588.0,150722.0,214225.0,201624.0,150722.0,141856.0,119604.0,"{""office"": ""IA Senate District 44"", ""source"": ""mock"", ""candidates"": [{""name"": ""Mary Hernandez"", ""party"": ""R""}]}",Synthetic state-leg row — replace via OpenStates / FTM pipeline,mock
IA-U-045,IA,upper,45,ocd-division/country:us/state:ia/sldu:45,IA SD-45,D,Robert Lopez,D,2021,5.0,-7.8,Likely D,True,False,attack,50,26,770551.0,693496.0,976332.0,878699.0,693496.0,654968.0,878699.0,829883.0,654968.0,616441.0,829883.0,781066.0,853477.0,"{""office"": ""IA Senate District 45"", ""source"": ""mock"", ""candidates"": [{""name"": ""Robert Lopez"", ""party"": ""D""}, {""name"": ""Michael Williams"", ""party"": ""R""}]}",Synthetic state-leg row — replace via OpenStates / FTM pipeline,mock
IA-U-046,IA,upper,46,ocd-division/country:us/state:ia/sldu:46,IA SD-46,R,Patricia Wilson,R,2019,7.0,2.2,Lean R,True,False,defend,50,26,587304.0,528574.0,628900.0,566010.0,528574.0,499209.0,566010.0,534565.0,499209.0,469843.0,534565.0,503120.0,691499.0,"{""office"": ""IA Senate District 46"", ""source"": ""mock"", ""candidates"": [{""name"": ""Patricia Wilson"", ""party"": ""R""}, {""name"": ""Barbara Smith"", ""party"": ""D""}]}",Synthetic state-leg row — replace via OpenStates / FTM pipeline,mock
IA-U-047,IA,upper,47,ocd-division/country:us/state:ia/sldu:47,IA SD-47,D,John Anderson,D,2015,11.0,-4.4,Lean D,True,False,attack,50,26,741139.0,667025.0,680147.0,612132.0,667025.0,629968.0,612132.0,578125.0,629968.0,592911.0,578125.0,544118.0,763433.0,"{""office"": ""IA Senate District 47"", ""source"": ""mock"", ""candidates"": [{""name"": ""John Anderson"", ""party"": ""D""}, {""name"": ""Joseph Wilson"", ""party"": ""R""}]}",Synthetic state-leg row — replace via OpenStates / FTM pipeline,mock
IA-U-048,IA,upper,48,ocd-division/country:us/state:ia/sldu:48,IA SD-48,R,Jennifer Thomas,R,2023,3.0,-2.5,Lean D,True,False,defend,50,26,334661.0,301195.0,236527.0,212874.0,301195.0,284462.0,212874.0,201048.0,284462.0,267729.0,201048.0,189222.0,322313.0,"{""office"": ""IA Senate District 48"", ""source"": ""mock"", ""candidates"": [{""name"": ""Jennifer Thomas"", ""party"": ""R""}, {""name"": ""Mary Anderson"", ""party"": ""D""}]}",Synthetic state-leg row — replace via OpenStates / FTM pipeline,mock
IA-U-049,IA,upper,49,ocd-division/country:us/state:ia/sldu:49,IA SD-49,D,Michael Smith,D,2008,18.0,-4.7,Lean D,True,False,attack,50,26,680935.0,612842.0,1145978.0,1031381.0,612842.0,578795.0,1031381.0,974082.0,578795.0,544748.0,974082.0,916783.0,973484.0,"{""office"": ""IA Senate District 49"", ""source"": ""mock"", ""candidates"": [{""name"": ""Michael Smith"", ""party"": ""D""}, {""name"": ""David Lopez"", ""party"": ""R""}]}",Synthetic state-leg row — replace via OpenStates / FTM pipeline,mock
IA-U-050,IA,upper,50,ocd-division/country:us/state:ia/sldu:50,IA SD-50,R,Linda Johnson,R,2023,3.0,9.0,Likely R,True,False,defend,50,26,715496.0,643946.0,613794.0,552414.0,643946.0,608171.0,552414.0,521725.0,608171.0,572397.0,521725.0,491035.0,626665.0,"{""office"": ""IA Senate District 50"", ""source"": ""mock"", ""candidates"": [{""name"": ""Linda Johnson"", ""party"": ""R""}, {""name"": ""Jessica Jones"", ""party"": ""D""}]}",Synthetic state-leg row — replace via OpenStates / FTM pipeline,mock
ID-U-001,ID,upper,1,ocd-division/country:us/state:id/sldu:1,ID SD-1,R,OPEN SEAT,,,0.0,7.5,Likely R,False,True,defend,35,18,575758.0,518182.0,606439.0,545795.0,518182.0,489394.0,545795.0,515473.0,489394.0,460606.0,515473.0,485151.0,582654.0,"{""office"": ""ID Senate District 1"", ""source"": ""mock"", ""candidates"": [{""name"": ""Mary Miller"", ""party"": ""D""}]}",Synthetic state-leg row — replace via OpenStates / FTM pipeline,mock
ID-U-002,ID,upper,2,ocd-division/country:us/state:id/sldu:2,ID SD-2,R,David Williams,R,2016,10.0,8.5,Likely R,True,False,defend,35,18,374747.0,337272.0,421215.0,379093.0,337272.0,318535.0,379093.0,358033.0,318535.0,299798.0,358033.0,336972.0,380925.0,"{""office"": ""ID Senate District 2"", ""source"": ""mock"", ""candidates"": [{""name"": ""David Williams"", ""party"": ""R""}, {""name"": ""James Williams"", ""party"": ""D""}]}",Synthetic state-leg row — replace via OpenStates / FTM pipeline,mock
ID-U-003,ID,upper,3,ocd-division/country:us/state:id/sldu:3,ID SD-3,D,Elizabeth Brown,D,2023,3.0,4.3,Lean R,True,False,attack,35,18,377611.0,339850.0,444155.0,399740.0,339850.0,320969.0,399740.0,377532.0,320969.0,302089.0,377532.0,355324.0,442580.0,"{""office"": ""ID Senate District 3"", ""source"": ""mock"", ""candidates"": [{""name"": ""Elizabeth Brown"", ""party"": ""D""}, {""name"": ""Mary Wilson"", ""party"": ""R""}]}",Synthetic state-leg row — replace via OpenStates / FTM pipeline,mock
ID-U-004,ID,upper,4,ocd-division/country:us/state:id/sldu:4,ID SD-4,R,William Jones,R,2024,2.0,3.8,Lean R,True,False,defend,35,18,758665.0,682798.0,607518.0,546766.0,682798.0,644865.0,546766.0,516390.0,644865.0,606932.0,516390.0,486014.0,745545.0,"{""office"": ""ID Senate District 4"", ""source"": ""mock"", ""candidates"": [{""name"": ""William Jones"", ""party"": ""R""}, {""name"": ""Jennifer Williams"", ""party"": ""D""}]}",Synthetic state-leg row — replace via OpenStates / FTM pipeline,mock
ID-U-005,ID,upper,5,ocd-division/country:us/state:id/sldu:5,ID SD-5,D,Barbara Garcia,D,2023,3.0,4.7,Lean R,True,False,attack,35,18,239058.0,215152.0,298473.0,268625.0,215152.0,203199.0,268625.0,253702.0,203199.0,191247.0,253702.0,238778.0,286427.0,"{""office"": ""ID Senate District 5"", ""source"": ""mock"", ""candidates"": [{""name"": ""Barbara Garcia"", ""party"": ""D""}, {""name"": ""John Martinez"", ""party"": ""R""}]}",Synthetic state-leg row — replace via OpenStates / FTM pipeline,mock
ID-U-006,ID,upper,6,ocd-division/country:us/state:id/sldu:6,ID SD-6,R,Richard Miller,R,2020,6.0,32.8,Likely R,True,False,safe,35,18,158754.0,142879.0,125171.0,112654.0,142879.0,134941.0,112654.0,106396.0,134941.0,127003.0,106396.0,100137.0,70413.0,"{""office"": ""ID Senate District 6"", ""source"": ""mock"", ""candidates"": [{""name"": ""Richard Miller"", ""party"": ""R""}]}",Synthetic state-leg row — replace via OpenStates / FTM pipeline,mock
ID-U-007,ID,upper,7,ocd-division/country:us/state:id/sldu:7,ID SD-7,R,Susan Davis,R,2013,13.0,11.7,Likely R,True,False,defend,35,18,171126.0,154014.0,219405.0,197465.0,154014.0,145458.0,197465.0,186494.0,145458.0,136901.0,186494.0,175524.0,169044.0,"{""office"": ""ID Senate District 7"", ""source"": ""mock"", ""candidates"": [{""name"": ""Susan Davis"", ""party"": ""R""}, {""name"": ""Linda Thomas"", ""party"": ""D""}]}",Synthetic state-leg row — replace via OpenStates / FTM pipeline,mock
ID-U-008,ID,upper,8,ocd-division/country:us/state:id/sldu:8,ID SD-8,R,Joseph Rodriguez,R,2024,2.0,23.4,Likely R,True,False,safe,35,18,145979.0,131381.0,109787.0,98808.0,131381.0,124082.0,98808.0,93319.0,124082.0,116783.0,93319.0,87829.0,67961.0,"{""office"": ""ID Senate District 8"", ""source"": ""mock"", ""candidates"": [{""name"": ""Joseph Rodriguez"", ""party"": ""R""}]}",Synthetic state-leg row — replace via OpenStates / FTM pipeline,mock
ID-U-009,ID,upper,9,ocd-division/country:us/state:id/sldu:9,ID SD-9,R,Jessica Martinez,R,2021,5.0,20.8,Likely R,True,False,safe,35,18,138323.0,124491.0,150374.0,135336.0,124491.0,117575.0,135336.0,127818.0,117575.0,110659.0,127818.0,120299.0,87434.0,"{""office"": ""ID Senate District 9"", ""source"": ""mock"", ""candidates"": [{""name"": ""Jessica Martinez"", ""party"": ""R""}, {""name"": ""Joseph Martinez"", ""party"": ""D""}]}",Synthetic state-leg row — replace via OpenStates / FTM pipeline,mock
ID-U-010,ID,upper,10,ocd-division/country:us/state:id/sldu:10,ID SD-10,R,OPEN SEAT,,,0.0,20.7,Likely R,False,True,safe,35,18,396469.0,356822.0,376652.0,338987.0,356822.0,336999.0,338987.0,320154.0,336999.0,317175.0,320154.0,301322.0,235250.0,"{""office"": ""ID Senate District 10"", ""source"": ""mock"", ""candidates"": []}",Synthetic state-leg row — replace via OpenStates / FTM pipeline,mock
ID-U-011,ID,upper,11,ocd-division/country:us/state:id/sldu:11,ID SD-11,R,James Hernandez,R,2017,9.0,40.0,Likely R,True,False,safe,35,18,249824.0,224841.0,150600.0,135540.0,224841.0,212350.0,135540.0,128010.0,212350.0,199859.0,128010.0,120480.0,99305.0,"{""office"": ""ID Senate District 11"", ""source"": ""mock"", ""candidates"": [{""name"": ""James Hernandez"", ""party"": ""R""}, {""name"": ""Mary Williams"", ""party"": ""D""}]}",Synthetic state-leg row — replace via OpenStates / FTM pipeline,mock
ID-U-012,ID,upper,12,ocd-division/country:us/state:id/sldu:12,ID SD-12,R,Mary Lopez,R,2017,9.0,15.8,Likely R,True,False,safe,35,18,373781.0,336403.0,287024.0,258322.0,336403.0,317714.0,258322.0,243971.0,317714.0,299024.0,243971.0,229619.0,247330.0,"{""office"": ""ID Senate District 12"", ""source"": ""mock"", ""candidates"": [{""name"": ""Mary Lopez"", ""party"": ""R""}]}",Synthetic state-leg row — replace via OpenStates / FTM pipeline,mock
ID-U-013,ID,upper,13,ocd-division/country:us/state:id/sldu:13,ID SD-13,R,Robert Wilson,R,2018,8.0,27.4,Likely R,True,False,safe,35,18,97282.0,87554.0,74048.0,66643.0,87554.0,82689.0,66643.0,62941.0,82689.0,77825.0,62941.0,59239.0,42490.0,"{""office"": ""ID Senate District 13"", ""source"": ""mock"", ""candidates"": [{""name"": ""Robert Wilson"", ""party"": ""R""}]}",Synthetic state-leg row — replace via OpenStates / FTM pipeline,mock
ID-U-014,ID,upper,14,ocd-division/country:us/state:id/sldu:14,ID SD-14,R,Patricia Anderson,R,2017,9.0,12.4,Likely R,False,False,defend,35,18,263586.0,237227.0,168034.0,151230.0,237227.0,224048.0,151230.0,142829.0,224048.0,210869.0,142829.0,134427.0,182513.0,"{""office"": ""ID Senate District 14"", ""source"": ""mock"", ""candidates"": [{""name"": ""Patricia Anderson"", ""party"": ""R""}, {""name"": ""John Miller"", ""party"": ""D""}]}",Synthetic state-leg row — replace via OpenStates / FTM pipeline,mock
ID-U-015,ID,upper,15,ocd-division/country:us/state:id/sldu:15,ID SD-15,R,John Thomas,R,2019,7.0,9.9,Likely R,True,False,defend,35,18,253946.0,228552.0,151114.0,136003.0,228552.0,215854.0,136003.0,128447.0,215854.0,203157.0,128447.0,120891.0,185749.0,"{""office"": ""ID Senate District 15"", ""source"": ""mock"", ""candidates"": [{""name"": ""John Thomas"", ""party"": ""R""}, {""name"": ""Joseph Lopez"", ""party"": ""D""}]}",Synthetic state-leg row — replace via OpenStates / FTM pipeline,mock
ID-U-016,ID,upper,16,ocd-division/country:us/state:id/sldu:16,ID SD-16,R,Jennifer Smith,R,2009,17.0,8.6,Likely R,True,False,defend,35,18,674825.0,607342.0,819899.0,737909.0,607342.0,573601.0,737909.0,696914.0,573601.0,539860.0,696914.0,655919.0,713197.0,"{""office"": ""ID Senate District 16"", ""source"": ""mock"", ""candidates"": [{""name"": ""Jennifer Smith"", ""party"": ""R""}, {""name"": ""Richard Smith"", ""party"": ""D""}]}",Synthetic state-leg row — replace via OpenStates / FTM pipeline,mock
ID-U-017,ID,upper,17,ocd-division/country:us/state:id/sldu:17,ID SD-17,R,Michael Johnson,R,2023,3.0,11.2,Likely R,True,False,defend,35,18,606113.0,545501.0,454888.0,409399.0,545501.0,515196.0,409399.0,386655.0,515196.0,484890.0,386655.0,363911.0,466840.0,"{""office"": ""ID Senate District 17"", ""source"": ""mock"", ""candidates"": [{""name"": ""Michael Johnson"", ""party"": ""R""}, {""name"": ""Mary Williams"", ""party"": ""D""}]}",Synthetic state-leg row — replace via OpenStates / FTM pipeline,mock
ID-U-018,ID,upper,18,ocd-division/country:us/state:id/sldu:18,ID SD-18,R,Linda Williams,R,2013,13.0,25.6,Likely R,True,False,safe,35,18,167726.0,150953.0,160353.0,144318.0,150953.0,142567.0,144318.0,136300.0,142567.0,134181.0,136300.0,128282.0,81364.0,"{""office"": ""ID Senate District 18"", ""source"": ""mock"", ""candidates"": [{""name"": ""Linda Williams"", ""party"": ""R""}, {""name"": ""Joseph Williams"", ""party"": ""D""}]}",Synthetic state-leg row — replace via OpenStates / FTM pipeline,mock
ID-U-019,ID,upper,19,ocd-division/country:us/state:id/sldu:19,ID SD-19,R,David Brown,R,2017,9.0,27.8,Likely R,True,False,safe,35,18,154412.0,138971.0,90481.0,81433.0,138971.0,131250.0,81433.0,76909.0,131250.0,123530.0,76909.0,72385.0,60733.0,"{""office"": ""ID Senate District 19"", ""source"": ""mock"", ""candidates"": [{""name"": ""David Brown"", ""party"": ""R""}]}",Synthetic state-leg row — replace via OpenStates / FTM pipeline,mock
ID-U-020,ID,upper,20,ocd-division/country:us/state:id/sldu:20,ID SD-20,R,Elizabeth Jones,R,2014,12.0,28.5,Likely R,True,False,safe,35,18,142962.0,128666.0,108382.0,97544.0,128666.0,121518.0,97544.0,92125.0,121518.0,114370.0,92125.0,86706.0,62333.0,"{""office"": ""ID Senate District 20"", ""source"": ""mock"", ""candidates"": [{""name"": ""Elizabeth Jones"", ""party"": ""R""}, {""name"": ""Michael Anderson"", ""party"": ""D""}]}",Synthetic state-leg row — replace via OpenStates / FTM pipeline,mock
ID-U-021,ID,upper,21,ocd-division/country:us/state:id/sldu:21,ID SD-21,R,William Garcia,R,2018,8.0,15.3,Likely R,True,False,safe,35,18,506006.0,455405.0,433380.0,390042.0,455405.0,430105.0,390042.0,368373.0,430105.0,404804.0,368373.0,346704.0,358308.0,"{""office"": ""ID Senate District 21"", ""source"": ""mock"", ""candidates"": [{""name"": ""William Garcia"", ""party"": ""R""}]}",Synthetic state-leg row — replace via OpenStates / FTM pipeline,mock
ID-U-022,ID,upper,22,ocd-division/country:us/state:id/sldu:22,ID SD-22,R,Barbara Miller,R,2012,14.0,17.0,Likely R,False,False,safe,35,18,250049.0,225044.0,187397.0,168658.0,225044.0,212542.0,168658.0,159288.0,212542.0,200039.0,159288.0,149918.0,156231.0,"{""office"": ""ID Senate District 22"", ""source"": ""mock"", ""candidates"": [{""name"": ""Barbara Miller"", ""party"": ""R""}]}",Synthetic state-leg row — replace via OpenStates / FTM pipeline,mock
ID-U-023,ID,upper,23,ocd-division/country:us/state:id/sldu:23,ID SD-23,R,Richard Davis,R,2015,11.0,20.2,Likely R,True,False,safe,35,18,116522.0,104869.0,118334.0,106501.0,104869.0,99043.0,106501.0,100584.0,99043.0,93217.0,100584.0,94667.0,73141.0,"{""office"": ""ID Senate District 23"", ""source"": ""mock"", ""candidates"": [{""name"": ""Richard Davis"", ""party"": ""R""}]}",Synthetic state-leg row — replace via OpenStates / FTM pipeline,mock
ID-U-024,ID,upper,24,ocd-division/country:us/state:id/sldu:24,ID SD-24,R,Susan Rodriguez,R,2020,6.0,15.9,Likely R,False,False,safe,35,18,327323.0,294590.0,294273.0,264846.0,294590.0,278224.0,264846.0,250132.0,278224.0,261858.0,250132.0,235419.0,231767.0,"{""office"": ""ID Senate District 24"", ""source"": ""mock"", ""candidates"": [{""name"": ""Susan Rodriguez"", ""party"": ""R""}]}",Synthetic state-leg row — replace via OpenStates / FTM pipeline,mock
ID-U-025,ID,upper,25,ocd-division/country:us/state:id/sldu:25,ID SD-25,R,Joseph Martinez,R,2009,17.0,7.9,Likely R,True,False,defend,35,18,364108.0,327697.0,325442.0,292898.0,327697.0,309491.0,292898.0,276626.0,309491.0,291286.0,276626.0,260354.0,335909.0,"{""office"": ""ID Senate District 25"", ""source"": ""mock"", ""candidates"": [{""name"": ""Joseph Martinez"", ""party"": ""R""}, {""name"": ""James Jones"", ""party"": ""D""}]}",Synthetic state-leg row — replace via OpenStates / FTM pipeline,mock
ID-U-026,ID,upper,26,ocd-division/country:us/state:id/sldu:26,ID SD-26,R,Jessica Hernandez,R,2024,2.0,2.8,Lean R,True,False,defend,35,18,944738.0,850265.0,711579.0,640421.0,850265.0,803028.0,640421.0,604842.0,803028.0,755791.0,604842.0,569263.0,927538.0,"{""office"": ""ID Senate District 26"", ""source"": ""mock"", ""candidates"": [{""name"": ""Jessica Hernandez"", ""party"": ""R""}, {""name"": ""Linda Brown"", ""party"": ""D""}]}",Synthetic state-leg row — replace via OpenStates / FTM pipeline,mock
ID-U-027,ID,upper,27,ocd-division/country:us/state:id/sldu:27,ID SD-27,R,James Lopez,R,2012,14.0,2.9,Lean R,True,False,defend,35,18,293736.0,264363.0,207010.0,186309.0,264363.0,249676.0,186309.0,175959.0,249676.0,234989.0,175959.0,165608.0,279703.0,"{""office"": ""ID Senate District 27"", ""source"": ""mock"", ""candidates"": [{""name"": ""James Lopez"", ""party"": ""R""}, {""name"": ""Susan Rodriguez"", ""party"": ""D""}]}",Synthetic state-leg row — replace via OpenStates / FTM pipeline,mock
ID-U-028,ID,upper,28,ocd-division/country:us/state:id/sldu:28,ID SD-28,R,Mary Wilson,R,2014,12.0,32.8,Likely R,True,False,safe,35,18,185960.0,167364.0,186984.0,168286.0,167364.0,158066.0,168286.0,158936.0,158066.0,148768.0,158936.0,149587.0,92490.0,"{""office"": ""ID Senate District 28"", ""source"": ""mock"", ""candidates"": [{""name"": ""Mary Wilson"", ""party"": ""R""}]}",Synthetic state-leg row — replace via OpenStates / FTM pipeline,mock
ID-U-029,ID,upper,29,ocd-division/country:us/state:id/sldu:29,ID SD-29,R,Robert Anderson,R,2023,3.0,15.9,Likely R,True,False,safe,35,18,505460.0,454914.0,548574.0,493716.0,454914.0,429641.0,493716.0,466288.0,429641.0,404368.0,466288.0,438859.0,393004.0,"{""office"": ""ID Senate District 29"", ""source"": ""mock"", ""candidates"": [{""name"": ""Robert Anderson"", ""party"": ""R""}]}",Synthetic state-leg row — replace via OpenStates / FTM pipeline,mock
ID-U-030,ID,upper,30,ocd-division/country:us/state:id/sldu:30,ID SD-30,R,Patricia Thomas,R,2017,9.0,6.7,Lean R,True,False,defend,35,18,947484.0,852735.0,892971.0,803674.0,852735.0,805361.0,803674.0,759025.0,805361.0,757987.0,759025.0,714377.0,928115.0,"{""office"": ""ID Senate District 30"", ""source"": ""mock"", ""candidates"": [{""name"": ""Patricia Thomas"", ""party"": ""R""}, {""name"": ""Patricia Wilson"", ""party"": ""D""}]}",Synthetic state-leg row — replace via OpenStates / FTM pipeline,mock
ID-U-031,ID,upper,31,ocd-division/country:us/state:id/sldu:31,ID SD-31,R,John Smith,R,2017,9.0,32.6,Likely R,True,False,safe,35,18,165553.0,148998.0,105032.0,94528.0,148998.0,140720.0,94528.0,89277.0,140720.0,132443.0,89277.0,84025.0,67105.0,"{""office"": ""ID Senate District 31"", ""source"": ""mock"", ""candidates"": [{""name"": ""John Smith"", ""party"": ""R""}]}",Synthetic state-leg row — replace via OpenStates / FTM pipeline,mock
ID-U-032,ID,upper,32,ocd-division/country:us/state:id/sldu:32,ID SD-32,R,Jennifer Johnson,R,2017,9.0,12.4,Likely R,True,False,defend,35,18,368707.0,331836.0,272845.0,245561.0,331836.0,313401.0,245561.0,231918.0,313401.0,294965.0,231918.0,218276.0,271285.0,"{""office"": ""ID Senate District 32"", ""source"": ""mock"", ""candidates"": [{""name"": ""Jennifer Johnson"", ""party"": ""R""}, {""name"": ""James Martinez"", ""party"": ""D""}]}",Synthetic state-leg row — replace via OpenStates / FTM pipeline,mock
ID-U-033,ID,upper,33,ocd-division/country:us/state:id/sldu:33,ID SD-33,R,Michael Williams,R,2021,5.0,6.2,Lean R,True,False,defend,35,18,455452.0,409907.0,463170.0,416853.0,409907.0,387135.0,416853.0,393694.0,387135.0,364362.0,393694.0,370536.0,469810.0,"{""office"": ""ID Senate District 33"", ""source"": ""mock"", ""candidates"": [{""name"": ""Michael Williams"", ""party"": ""R""}, {""name"": ""William Jones"", ""party"": ""D""}]}",Synthetic state-leg row — replace via OpenStates / FTM pipeline,mock
ID-U-034,ID,upper,34,ocd-division/country:us/state:id/sldu:34,ID SD-34,R,Linda Brown,R,2021,5.0,26.5,Likely R,False,False,safe,35,18,116390.0,104751.0,127450.0,114705.0,104751.0,98932.0,114705.0,108332.0,98932.0,93112.0,108332.0,101960.0,60472.0,"{""office"": ""ID Senate District 34"", ""source"": ""mock"", ""candidates"": [{""name"": ""Linda Brown"", ""party"": ""R""}]}",Synthetic state-leg row — replace via OpenStates / FTM pipeline,mock
ID-U-035,ID,upper,35,ocd-division/country:us/state:id/sldu:35,ID SD-35,R,David Jones,R,2017,9.0,26.0,Likely R,True,False,safe,35,18,131334.0,118201.0,120486.0,108438.0,118201.0,111634.0,108438.0,102413.0,111634.0,105067.0,102413.0,96389.0,62451.0,"{""office"": ""ID Senate District 35"", ""source"": ""mock"", ""candidates"": [{""name"": ""David Jones"", ""party"": ""R""}]}",Synthetic state-leg row — replace via OpenStates / FTM pipeline,mock
IL-U-001,IL,upper,1,ocd-division/country:us/state:il/sldu:1,IL SD-1,D,OPEN SEAT,,,0.0,-6.4,Lean D,False,True,attack,59,30,880853.0,792768.0,930973.0,837875.0,792768.0,748725.0,837875.0,791327.0,748725.0,704683.0,791327.0,744778.0,921443.0,"{""office"": ""IL Senate District 1"", ""source"": ""mock"", ""candidates"": [{""name"": ""Jessica Martinez"", ""party"": ""R""}]}",Synthetic state-leg row — replace via OpenStates / FTM pipeline,mock
IL-U-002,IL,upper,2,ocd-division/country:us/state:il/sldu:2,IL SD-2,R,Elizabeth Garcia,R,2008,18.0,-1.6,Toss-up,True,False,defend,59,30,1067127.0,960414.0,951306.0,856176.0,960414.0,907058.0,856176.0,808610.0,907058.0,853702.0,808610.0,761045.0,1164924.0,"{""office"": ""IL Senate District 2"", ""source"": ""mock"", ""candidates"": [{""name"": ""Elizabeth Garcia"", ""party"": ""R""}, {""name"": ""David Davis"", ""party"": ""D""}]}",Synthetic state-leg row — replace via OpenStates / FTM pipeline,mock
IL-U-003,IL,upper,3,ocd-division/country:us/state:il/sldu:3,IL SD-3,D,William Miller,D,2021,5.0,-9.7,Likely D,True,False,attack,59,30,387568.0,348811.0,545291.0,490762.0,348811.0,329433.0,490762.0,463498.0,329433.0,310055.0,463498.0,436233.0,430448.0,"{""office"": ""IL Senate District 3"", ""source"": ""mock"", ""candidates"": [{""name"": ""William Miller"", ""party"": ""D""}, {""name"": ""Barbara Johnson"", ""party"": ""R""}]}",Synthetic state-leg row — replace via OpenStates / FTM pipeline,mock
IL-U-004,IL,upper,4,ocd-division/country:us/state:il/sldu:4,IL SD-4,D,OPEN SEAT,,,0.0,0.4,Toss-up,False,True,attack,59,30,415399.0,373859.0,454890.0,409401.0,373859.0,353089.0,409401.0,386656.0,353089.0,332319.0,386656.0,363912.0,517200.0,"{""office"": ""IL Senate District 4"", ""source"": ""mock"", ""candidates"": [{""name"": ""Michael Thomas"", ""party"": ""R""}]}",Synthetic state-leg row — replace via OpenStates / FTM pipeline,mock
IL-U-005,IL,upper,5,ocd-division/country:us/state:il/sldu:5,IL SD-5,D,Barbara Davis,D,2016,10.0,-6.6,Lean D,True,False,attack,59,30,321886.0,289697.0,322826.0,290544.0,289697.0,273603.0,290544.0,274402.0,273603.0,257508.0,274402.0,258261.0,326040.0,"{""office"": ""IL Senate District 5"", ""source"": ""mock"", ""candidates"": [{""name"": ""Barbara Davis"", ""party"": ""D""}, {""name"": ""Jessica Jones"", ""party"": ""R""}]}",Synthetic state-leg row — replace via OpenStates / FTM pipeline,mock
IL-U-006,IL,upper,6,ocd-division/country:us/state:il/sldu:6,IL SD-6,D,Richard Rodriguez,D,2008,18.0,-3.8,Lean D,True,False,attack,59,30,154445.0,139001.0,247526.0,222774.0,139001.0,131278.0,222774.0,210397.0,131278.0,123556.0,210397.0,198021.0,219361.0,"{""office"": ""IL Senate District 6"", ""source"": ""mock"", ""candidates"": [{""name"": ""Richard Rodriguez"", ""party"": ""D""}, {""name"": ""Richard Williams"", ""party"": ""R""}]}",Synthetic state-leg row — replace via OpenStates / FTM pipeline,mock
IL-U-007,IL,upper,7,ocd-division/country:us/state:il/sldu:7,IL SD-7,D,Susan Martinez,D,2019,7.0,-2.6,Lean D,True,False,attack,59,30,638845.0,574960.0,782881.0,704593.0,574960.0,543018.0,704593.0,665449.0,543018.0,511076.0,665449.0,626305.0,800229.0,"{""office"": ""IL Senate District 7"", ""source"": ""mock"", ""candidates"": [{""name"": ""Susan Martinez"", ""party"": ""D""}, {""name"": ""Robert Anderson"", ""party"": ""R""}]}",Synthetic state-leg row — replace via OpenStates / FTM pipeline,mock
IL-U-008,IL,upper,8,ocd-division/country:us/state:il/sldu:8,IL SD-8,D,OPEN SEAT,,,0.0,-18.4,Likely D,False,True,safe,59,30,99471.0,89524.0,129741.0,116767.0,89524.0,84551.0,116767.0,110279.0,84551.0,79577.0,110279.0,103792.0,77277.0,"{""office"": ""IL Senate District 8"", ""source"": ""mock"", ""candidates"": []}",Synthetic state-leg row — replace via OpenStates / FTM pipeline,mock
IL-U-009,IL,upper,9,ocd-division/country:us/state:il/sldu:9,IL SD-9,R,OPEN SEAT,,,0.0,11.1,Likely R,False,True,defend,59,30,666105.0,599495.0,448439.0,403596.0,599495.0,566189.0,403596.0,381174.0,566189.0,532884.0,381174.0,358752.0,491992.0,"{""office"": ""IL Senate District 9"", ""source"": ""mock"", ""candidates"": [{""name"": ""Linda Anderson"", ""party"": ""D""}]}",Synthetic state-leg row — replace via OpenStates / FTM pipeline,mock
IL-U-010,IL,upper,10,ocd-division/country:us/state:il/sldu:10,IL SD-10,D,Joseph Hernandez,D,2015,11.0,-1.3,Toss-up,True,False,attack,59,30,578636.0,520772.0,883554.0,795198.0,520772.0,491840.0,795198.0,751021.0,491840.0,462909.0,751021.0,706843.0,850159.0,"{""office"": ""IL Senate District 10"", ""source"": ""mock"", ""candidates"": [{""name"": ""Joseph Hernandez"", ""party"": ""D""}, {""name"": ""Barbara Smith"", ""party"": ""R""}]}",Synthetic state-leg row — replace via OpenStates / FTM pipeline,mock
IL-U-011,IL,upper,11,ocd-division/country:us/state:il/sldu:11,IL SD-11,D,Jessica Lopez,D,2015,11.0,-5.5,Lean D,True,False,attack,59,30,636527.0,572874.0,849930.0,764937.0,572874.0,541048.0,764937.0,722440.0,541048.0,509222.0,722440.0,679944.0,775081.0,"{""office"": ""IL Senate District 11"", ""source"": ""mock"", ""candidates"": [{""name"": ""Jessica Lopez"", ""party"": ""D""}, {""name"": ""David Brown"", ""party"": ""R""}]}",Synthetic state-leg row — replace via OpenStates / FTM pipeline,mock
IL-U-012,IL,upper,12,ocd-division/country:us/state:il/sldu:12,IL SD-12,D,James Wilson,D,2024,2.0,-21.1,Likely D,True,False,safe,59,30,352622.0,317359.0,388372.0,349535.0,317359.0,299728.0,349535.0,330116.0,299728.0,282097.0,330116.0,310698.0,221240.0,"{""office"": ""IL Senate District 12"", ""source"": ""mock"", ""candidates"": [{""name"": ""James Wilson"", ""party"": ""D""}]}",Synthetic state-leg row — replace via OpenStates / FTM pipeline,mock
IL-U-013,IL,upper,13,ocd-division/country:us/state:il/sldu:13,IL SD-13,D,Mary Anderson,D,2024,2.0,-11.8,Likely D,True,False,attack,59,30,712558.0,641302.0,799265.0,719338.0,641302.0,605674.0,719338.0,679375.0,605674.0,570046.0,679375.0,639412.0,652244.0,"{""office"": ""IL Senate District 13"", ""source"": ""mock"", ""candidates"": [{""name"": ""Mary Anderson"", ""party"": ""D""}, {""name"": ""Elizabeth Johnson"", ""party"": ""R""}]}",Synthetic state-leg row — replace via OpenStates / FTM pipeline,mock
IL-U-014,IL,upper,14,ocd-division/country:us/state:il/sldu:14,IL SD-14,D,Robert Thomas,D,2020,6.0,-24.2,Likely D,True,False,safe,59,30,170281.0,153253.0,201117.0,181005.0,153253.0,144739.0,181005.0,170950.0,144739.0,136225.0,170950.0,160894.0,94441.0,"{""office"": ""IL Senate District 14"", ""source"": ""mock"", ""candidates"": [{""name"": ""Robert Thomas"", ""party"": ""D""}]}",Synthetic state-leg row — replace via OpenStates / FTM pipeline,mock
IL-U-015,IL,upper,15,ocd-division/country:us/state:il/sldu:15,IL SD-15,D,Patricia Smith,D,2008,18.0,-11.5,Likely D,True,False,attack,59,30,245104.0,220594.0,266581.0,239923.0,220594.0,208339.0,239923.0,226594.0,208339.0,196083.0,226594.0,213265.0,222949.0,"{""office"": ""IL Senate District 15"", ""source"": ""mock"", ""candidates"": [{""name"": ""Patricia Smith"", ""party"": ""D""}, {""name"": ""Patricia Hernandez"", ""party"": ""R""}]}",Synthetic state-leg row — replace via OpenStates / FTM pipeline,mock
IL-U-016,IL,upper,16,ocd-division/country:us/state:il/sldu:16,IL SD-16,D,John Johnson,D,2016,10.0,-14.8,Likely D,True,False,safe,59,30,248801.0,223921.0,397580.0,357822.0,223921.0,211481.0,357822.0,337943.0,211481.0,199041.0,337943.0,318064.0,251165.0,"{""office"": ""IL Senate District 16"", ""source"": ""mock"", ""candidates"": [{""name"": ""John Johnson"", ""party"": ""D""}]}",Synthetic state-leg row — replace via OpenStates / FTM pipeline,mock
IL-U-017,IL,upper,17,ocd-division/country:us/state:il/sldu:17,IL SD-17,D,Jennifer Williams,D,2009,17.0,-5.5,Lean D,True,False,attack,59,30,231741.0,208566.0,302888.0,272600.0,208566.0,196979.0,272600.0,257455.0,196979.0,185392.0,257455.0,242311.0,278771.0,"{""office"": ""IL Senate District 17"", ""source"": ""mock"", ""candidates"": [{""name"": ""Jennifer Williams"", ""party"": ""D""}, {""name"": ""Patricia Thomas"", ""party"": ""R""}]}",Synthetic state-leg row — replace via OpenStates / FTM pipeline,mock
IL-U-018,IL,upper,18,ocd-division/country:us/state:il/sldu:18,IL SD-18,R,Michael Brown,R,2022,4.0,-2.5,Lean D,True,False,defend,59,30,995083.0,895575.0,843953.0,759558.0,895575.0,845820.0,759558.0,717360.0,845820.0,796066.0,717360.0,675162.0,1037742.0,"{""office"": ""IL Senate District 18"", ""source"": ""mock"", ""candidates"": [{""name"": ""Michael Brown"", ""party"": ""R""}, {""name"": ""Mary Williams"", ""party"": ""D""}]}",Synthetic state-leg row — replace via OpenStates / FTM pipeline,mock
IL-U-019,IL,upper,19,ocd-division/country:us/state:il/sldu:19,IL SD-19,R,OPEN SEAT,,,0.0,-3.1,Lean D,False,True,defend,59,30,856689.0,771020.0,742835.0,668551.0,771020.0,728186.0,668551.0,631410.0,728186.0,685351.0,631410.0,594268.0,888878.0,"{""office"": ""IL Senate District 19"", ""source"": ""mock"", ""candidates"": [{""name"": ""Jessica Jones"", ""party"": ""D""}]}",Synthetic state-leg row — replace via OpenStates / FTM pipeline,mock
IL-U-020,IL,upper,20,ocd-division/country:us/state:il/sldu:20,IL SD-20,D,Linda Jones,D,2013,13.0,-9.4,Likely D,True,False,attack,59,30,356273.0,320646.0,647765.0,582988.0,320646.0,302832.0,582988.0,550600.0,302832.0,285018.0,550600.0,518212.0,467595.0,"{""office"": ""IL Senate District 20"", ""source"": ""mock"", ""candidates"": [{""name"": ""Linda Jones"", ""party"": ""D""}, {""name"": ""Susan Lopez"", ""party"": ""R""}]}",Synthetic state-leg row — replace via OpenStates / FTM pipeline,mock
IL-U-021,IL,upper,21,ocd-division/country:us/state:il/sldu:21,IL SD-21,R,David Garcia,R,2024,2.0,-3.0,Lean D,True,False,defend,59,30,306649.0,275984.0,315758.0,284182.0,275984.0,260652.0,284182.0,268394.0,260652.0,245319.0,268394.0,252606.0,346769.0,"{""office"": ""IL Senate District 21"", ""source"": ""mock"", ""candidates"": [{""name"": ""David Garcia"", ""party"": ""R""}, {""name"": ""Patricia Thomas"", ""party"": ""D""}]}",Synthetic state-leg row — replace via OpenStates / FTM pipeline,mock
IL-U-022,IL,upper,22,ocd-division/country:us/state:il/sldu:22,IL SD-22,R,OPEN SEAT,,,0.0,7.7,Likely R,False,True,defend,59,30,318582.0,286724.0,308336.0,277502.0,286724.0,270795.0,277502.0,262085.0,270795.0,254865.0,262085.0,246668.0,307189.0,"{""office"": ""IL Senate District 22"", ""source"": ""mock"", ""candidates"": [{""name"": ""John Rodriguez"", ""party"": ""D""}]}",Synthetic state-leg row — replace via OpenStates / FTM pipeline,mock
IL-U-023,IL,upper,23,ocd-division/country:us/state:il/sldu:23,IL SD-23,D,Elizabeth Miller,D,2008,18.0,-13.8,Likely D,True,False,attack,59,30,439569.0,395612.0,363935.0,327541.0,395612.0,373634.0,327541.0,309345.0,373634.0,351655.0,309345.0,291148.0,323697.0,"{""office"": ""IL Senate District 23"", ""source"": ""mock"", ""candidates"": [{""name"": ""Elizabeth Miller"", ""party"": ""D""}, {""name"": ""David Martinez"", ""party"": ""R""}]}",Synthetic state-leg row — replace via OpenStates / FTM pipeline,mock
IL-U-024,IL,upper,24,ocd-division/country:us/state:il/sldu:24,IL SD-24,D,William Davis,D,2020,6.0,1.8,Toss-up,True,False,attack,59,30,910313.0,819282.0,1012816.0,911534.0,819282.0,773766.0,911534.0,860893.0,773766.0,728251.0,860893.0,810253.0,1104426.0,"{""office"": ""IL Senate District 24"", ""source"": ""mock"", ""candidates"": [{""name"": ""William Davis"", ""party"": ""D""}, {""name"": ""Mary Davis"", ""party"": ""R""}]}",Synthetic state-leg row — replace via OpenStates / FTM pipeline,mock
IL-U-025,IL,upper,25,ocd-division/country:us/state:il/sldu:25,IL SD-25,D,Barbara Rodriguez,D,2008,18.0,-6.4,Lean D,True,False,attack,59,30,253526.0,228173.0,344330.0,309897.0,228173.0,215497.0,309897.0,292680.0,215497.0,202820.0,292680.0,275464.0,304052.0,"{""office"": ""IL Senate District 25"", ""source"": ""mock"", ""candidates"": [{""name"": ""Barbara Rodriguez"", ""party"": ""D""}, {""name"": ""Jessica Smith"", ""party"": ""R""}]}",Synthetic state-leg row — replace via OpenStates / FTM pipeline,mock
IL-U-026,IL,upper,26,ocd-division/country:us/state:il/sldu:26,IL SD-26,R,Richard Martinez,R,2011,15.0,4.1,Lean R,True,False,defend,59,30,752657.0,677391.0,681342.0,613207.0,677391.0,639758.0,613207.0,579140.0,639758.0,602125.0,579140.0,545073.0,776408.0,"{""office"": ""IL Senate District 26"", ""source"": ""mock"", ""candidates"": [{""name"": ""Richard Martinez"", ""party"": ""R""}, {""name"": ""Susan Garcia"", ""party"": ""D""}]}",Synthetic state-leg row — replace via OpenStates / FTM pipeline,mock
IL-U-027,IL,upper,27,ocd-division/country:us/state:il/sldu:27,IL SD-27,D,OPEN SEAT,,,0.0,-13.2,Likely D,False,True,attack,59,30,354401.0,318961.0,660977.0,594880.0,318961.0,301241.0,594880.0,561831.0,301241.0,283521.0,561831.0,528782.0,417756.0,"{""office"": ""IL Senate District 27"", ""source"": ""mock"", ""candidates"": [{""name"": ""Elizabeth Smith"", ""party"": ""R""}]}",Synthetic state-leg row — replace via OpenStates / FTM pipeline,mock
IL-U-028,IL,upper,28,ocd-division/country:us/state:il/sldu:28,IL SD-28,D,Susan Hernandez,D,2023,3.0,-17.1,Likely D,False,False,safe,59,30,437632.0,393869.0,390038.0,351035.0,393869.0,371987.0,351035.0,331533.0,371987.0,350106.0,331533.0,312031.0,294414.0,"{""office"": ""IL Senate District 28"", ""source"": ""mock"", ""candidates"": [{""name"": ""Susan Hernandez"", ""party"": ""D""}, {""name"": ""Richard Garcia"", ""party"": ""R""}]}",Synthetic state-leg row — replace via OpenStates / FTM pipeline,mock
IL-U-029,IL,upper,29,ocd-division/country:us/state:il/sldu:29,IL SD-29,D,Joseph Lopez,D,2009,17.0,-22.8,Likely D,True,False,safe,59,30,219867.0,197880.0,346059.0,311454.0,197880.0,186887.0,311454.0,294151.0,186887.0,175894.0,294151.0,276848.0,155226.0,"{""office"": ""IL Senate District 29"", ""source"": ""mock"", ""candidates"": [{""name"": ""Joseph Lopez"", ""party"": ""D""}]}",Synthetic state-leg row — replace via OpenStates / FTM pipeline,mock
IL-U-030,IL,upper,30,ocd-division/country:us/state:il/sldu:30,IL SD-30,D,Jessica Wilson,D,2008,18.0,3.9,Lean R,True,False,attack,59,30,403516.0,363165.0,569290.0,512361.0,363165.0,342989.0,512361.0,483896.0,342989.0,322813.0,483896.0,455432.0,529485.0,"{""office"": ""IL Senate District 30"", ""source"": ""mock"", ""candidates"": [{""name"": ""Jessica Wilson"", ""party"": ""D""}, {""name"": ""David Anderson"", ""party"": ""R""}]}",Synthetic state-leg row — replace via OpenStates / FTM pipeline,mock
IL-U-031,IL,upper,31,ocd-division/country:us/state:il/sldu:31,IL SD-31,D,James Anderson,D,2020,6.0,-27.8,Likely D,True,False,safe,59,30,132266.0,119039.0,99221.0,89299.0,119039.0,112426.0,89299.0,84337.0,112426.0,105812.0,84337.0,79376.0,57409.0,"{""office"": ""IL Senate District 31"", ""source"": ""mock"", ""candidates"": [{""name"": ""James Anderson"", ""party"": ""D""}]}",Synthetic state-leg row — replace via OpenStates / FTM pipeline,mock
IL-U-032,IL,upper,32,ocd-division/country:us/state:il/sldu:32,IL SD-32,D,Mary Thomas,D,2020,6.0,-6.5,Lean D,True,False,attack,59,30,707772.0,636995.0,913483.0,822135.0,636995.0,601606.0,822135.0,776460.0,601606.0,566218.0,776460.0,730786.0,822208.0,"{""office"": ""IL Senate District 32"", ""source"": ""mock"", ""candidates"": [{""name"": ""Mary Thomas"", ""party"": ""D""}, {""name"": ""Susan Davis"", ""party"": ""R""}]}",Synthetic state-leg row — replace via OpenStates / FTM pipeline,mock
IL-U-033,IL,upper,33,ocd-division/country:us/state:il/sldu:33,IL SD-33,D,Robert Smith,D,2018,8.0,1.5,Toss-up,True,False,attack,59,30,794030.0,714627.0,1244541.0,1120087.0,714627.0,674925.0,1120087.0,1057860.0,674925.0,635224.0,1057860.0,995633.0,1179459.0,"{""office"": ""IL Senate District 33"", ""source"": ""mock"", ""candidates"": [{""name"": ""Robert Smith"", ""party"": ""D""}, {""name"": ""Jennifer Lopez"", ""party"": ""R""}]}",Synthetic state-leg row — replace via OpenStates / FTM pipeline,mock
IL-U-034,IL,upper,34,ocd-division/country:us/state:il/sldu:34,IL SD-34,D,Patricia Johnson,D,2018,8.0,-17.0,Likely D,True,False,safe,59,30,461429.0,415286.0,510773.0,459695.0,415286.0,392214.0,459695.0,434157.0,392214.0,369143.0,434157.0,408618.0,347215.0,"{""office"": ""IL Senate District 34"", ""source"": ""mock"", ""candidates"": [{""name"": ""Patricia Johnson"", ""party"": ""D""}]}",Synthetic state-leg row — replace via OpenStates / FTM pipeline,mock
IL-U-035,IL,upper,35,ocd-division/country:us/state:il/sldu:35,IL SD-35,D,John Williams,D,2014,12.0,-26.0,Likely D,True,False,safe,59,30,116374.0,104736.0,109781.0,98803.0,104736.0,98917.0,98803.0,93314.0,98917.0,93099.0,93314.0,87825.0,56086.0,"{""office"": ""IL Senate District 35"", ""source"": ""mock"", ""candidates"": [{""name"": ""John Williams"", ""party"": ""D""}]}",Synthetic state-leg row — replace via OpenStates / FTM pipeline,mock
IL-U-036,IL,upper,36,ocd-division/country:us/state:il/sldu:36,IL SD-36,D,Jennifer Brown,D,2010,16.0,-4.9,Lean D,True,False,attack,59,30,819080.0,737172.0,901687.0,811518.0,737172.0,696218.0,811518.0,766434.0,696218.0,655264.0,766434.0,721349.0,912006.0,"{""office"": ""IL Senate District 36"", ""source"": ""mock"", ""candidates"": [{""name"": ""Jennifer Brown"", ""party"": ""D""}, {""name"": ""William Brown"", ""party"": ""R""}]}",Synthetic state-leg row — replace via OpenStates / FTM pipeline,mock
IL-U-037,IL,upper,37,ocd-division/country:us/state:il/sldu:37,IL SD-37,D,Michael Jones,D,2020,6.0,-4.2,Lean D,True,False,attack,59,30,299081.0,269173.0,484740.0,436266.0,269173.0,254219.0,436266.0,412029.0,254219.0,239265.0,412029.0,387792.0,423264.0,"{""office"": ""IL Senate District 37"", ""source"": ""mock"", ""candidates"": [{""name"": ""Michael Jones"", ""party"": ""D""}, {""name"": ""William Martinez"", ""party"": ""R""}]}",Synthetic state-leg row — replace via OpenStates / FTM pipeline,mock
IL-U-038,IL,upper,38,ocd-division/country:us/state:il/sldu:38,IL SD-38,R,Linda Garcia,R,2017,9.0,5.5,Lean R,True,False,defend,59,30,254833.0,229350.0,230441.0,207397.0,229350.0,216608.0,207397.0,195875.0,216608.0,203867.0,195875.0,184353.0,253036.0,"{""office"": ""IL Senate District 38"", ""source"": ""mock"", ""candidates"": [{""name"": ""Linda Garcia"", ""party"": ""R""}, {""name"": ""Linda Anderson"", ""party"": ""D""}]}",Synthetic state-leg row — replace via OpenStates / FTM pipeline,mock
IL-U-039,IL,upper,39,ocd-division/country:us/state:il/sldu:39,IL SD-39,D,David Miller,D,2019,7.0,-19.9,Likely D,True,False,safe,59,30,238278.0,214451.0,343784.0,309406.0,214451.0,202537.0,309406.0,292216.0,202537.0,190623.0,292216.0,275027.0,183765.0,"{""office"": ""IL Senate District 39"", ""source"": ""mock"", ""candidates"": [{""name"": ""David Miller"", ""party"": ""D""}, {""name"": ""Jessica Davis"", ""party"": ""R""}]}",Synthetic state-leg row — replace via OpenStates / FTM pipeline,mock
IL-U-040,IL,upper,40,ocd-division/country:us/state:il/sldu:40,IL SD-40,R,Elizabeth Davis,R,2022,4.0,14.6,Likely R,True,False,safe,59,30,558946.0,503051.0,657917.0,592125.0,503051.0,475104.0,592125.0,559229.0,475104.0,447157.0,559229.0,526333.0,476315.0,"{""office"": ""IL Senate District 40"", ""source"": ""mock"", ""candidates"": [{""name"": ""Elizabeth Davis"", ""party"": ""R""}]}",Synthetic state-leg row — replace via OpenStates / FTM pipeline,mock
IL-U-041,IL,upper,41,ocd-division/country:us/state:il/sldu:41,IL SD-41,D,OPEN SEAT,,,0.0,-7.2,Likely D,False,True,attack,59,30,554017.0,498616.0,830421.0,747379.0,498616.0,470915.0,747379.0,705858.0,470915.0,443214.0,705858.0,664337.0,688264.0,"{""office"": ""IL Senate District 41"", ""source"": ""mock"", ""candidates"": [{""name"": ""Jennifer Johnson"", ""party"": ""R""}]}",Synthetic state-leg row — replace via OpenStates / FTM pipeline,mock
IL-U-042,IL,upper,42,ocd-division/country:us/state:il/sldu:42,IL SD-42,D,William Rodriguez,D,2024,2.0,-5.9,Lean D,False,False,attack,59,30,392246.0,353021.0,415137.0,373623.0,353021.0,333409.0,373623.0,352866.0,333409.0,313796.0,352866.0,332110.0,416379.0,"{""office"": ""IL Senate District 42"", ""source"": ""mock"", ""candidates"": [{""name"": ""William Rodriguez"", ""party"": ""D""}, {""name"": ""Joseph Garcia"", ""party"": ""R""}]}",Synthetic state-leg row — replace via OpenStates / FTM pipeline,mock
IL-U-043,IL,upper,43,ocd-division/country:us/state:il/sldu:43,IL SD-43,D,Barbara Martinez,D,2010,16.0,-16.2,Likely D,True,False,safe,59,30,338209.0,304388.0,390088.0,351079.0,304388.0,287478.0,351079.0,331575.0,287478.0,270567.0,331575.0,312070.0,268429.0,"{""office"": ""IL Senate District 43"", ""source"": ""mock"", ""candidates"": [{""name"": ""Barbara Martinez"", ""party"": ""D""}]}",Synthetic state-leg row — replace via OpenStates / FTM pipeline,mock
IL-U-044,IL,upper,44,ocd-division/country:us/state:il/sldu:44,IL SD-44,D,Richard Hernandez,D,2017,9.0,-7.4,Likely D,True,False,attack,59,30,321087.0,288978.0,264873.0,238386.0,288978.0,272924.0,238386.0,225142.0,272924.0,256869.0,225142.0,211898.0,289631.0,"{""office"": ""IL Senate District 44"", ""source"": ""mock"", ""candidates"": [{""name"": ""Richard Hernandez"", ""party"": ""D""}, {""name"": ""Mary Davis"", ""party"": ""R""}]}",Synthetic state-leg row — replace via OpenStates / FTM pipeline,mock
IL-U-045,IL,upper,45,ocd-division/country:us/state:il/sldu:45,IL SD-45,D,Susan Lopez,D,2014,12.0,-11.7,Likely D,True,False,attack,59,30,495890.0,446301.0,539188.0,485269.0,446301.0,421507.0,485269.0,458310.0,421507.0,396712.0,458310.0,431350.0,448041.0,"{""office"": ""IL Senate District 45"", ""source"": ""mock"", ""candidates"": [{""name"": ""Susan Lopez"", ""party"": ""D""}, {""name"": ""James Thomas"", ""party"": ""R""}]}",Synthetic state-leg row — replace via OpenStates / FTM pipeline,mock
IL-U-046,IL,upper,46,ocd-division/country:us/state:il/sldu:46,IL SD-46,D,Joseph Wilson,D,2019,7.0,-9.0,Likely D,True,False,attack,59,30,255023.0,229521.0,372760.0,335484.0,229521.0,216769.0,335484.0,316846.0,216769.0,204018.0,316846.0,298208.0,295955.0,"{""office"": ""IL Senate District 46"", ""source"": ""mock"", ""candidates"": [{""name"": ""Joseph Wilson"", ""party"": ""D""}, {""name"": ""Mary Hernandez"", ""party"": ""R""}]}",Synthetic state-leg row — replace via OpenStates / FTM pipeline,mock
IL-U-047,IL,upper,47,ocd-division/country:us/state:il/sldu:47,IL SD-47,D,Jessica Anderson,D,2009,17.0,-13.7,Likely D,True,False,attack,59,30,309237.0,278313.0,438029.0,394226.0,278313.0,262851.0,394226.0,372325.0,262851.0,247389.0,372325.0,350424.0,302109.0,"{""office"": ""IL Senate District 47"", ""source"": ""mock"", ""candidates"": [{""name"": ""Jessica Anderson"", ""party"": ""D""}, {""name"": ""David Johnson"", ""party"": ""R""}]}",Synthetic state-leg row — replace via OpenStates / FTM pipeline,mock
IL-U-048,IL,upper,48,ocd-division/country:us/state:il/sldu:48,IL SD-48,D,OPEN SEAT,,,0.0,-6.3,Lean D,False,True,attack,59,30,686237.0,617613.0,737077.0,663369.0,617613.0,583301.0,663369.0,626515.0,583301.0,548989.0,626515.0,589662.0,725890.0,"{""office"": ""IL Senate District 48"", ""source"": ""mock"", ""candidates"": [{""name"": ""Linda Thomas"", ""party"": ""R""}]}",Synthetic state-leg row — replace via OpenStates / FTM pipeline,mock
IL-U-049,IL,upper,49,ocd-division/country:us/state:il/sldu:49,IL SD-49,D,James Thomas,D,2013,13.0,-20.0,Likely D,True,False,safe,59,30,354297.0,318868.0,406208.0,365588.0,318868.0,301153.0,365588.0,345277.0,301153.0,283438.0,345277.0,324967.0,239016.0,"{""office"": ""IL Senate District 49"", ""source"": ""mock"", ""candidates"": [{""name"": ""James Thomas"", ""party"": ""D""}, {""name"": ""Jessica Smith"", ""party"": ""R""}]}",Synthetic state-leg row — replace via OpenStates / FTM pipeline,mock
IL-U-050,IL,upper,50,ocd-division/country:us/state:il/sldu:50,IL SD-50,D,Mary Smith,D,2022,4.0,-11.3,Likely D,True,False,attack,59,30,289288.0,260359.0,319804.0,287823.0,260359.0,245894.0,287823.0,271833.0,245894.0,231430.0,271833.0,255843.0,267130.0,"{""office"": ""IL Senate District 50"", ""source"": ""mock"", ""candidates"": [{""name"": ""Mary Smith"", ""party"": ""D""}, {""name"": ""Jessica Hernandez"", ""party"": ""R""}]}",Synthetic state-leg row — replace via OpenStates / FTM pipeline,mock
IL-U-051,IL,upper,51,ocd-division/country:us/state:il/sldu:51,IL SD-51,D,Robert Johnson,D,2013,13.0,-16.4,Likely D,True,False,safe,59,30,338546.0,304692.0,454189.0,408770.0,304692.0,287764.0,408770.0,386061.0,287764.0,270837.0,386061.0,363352.0,289915.0,"{""office"": ""IL Senate District 51"", ""source"": ""mock"", ""candidates"": [{""name"": ""Robert Johnson"", ""party"": ""D""}, {""name"": ""Patricia Thomas"", ""party"": ""R""}]}",Synthetic state-leg row — replace via OpenStates / FTM pipeline,mock
IL-U-052,IL,upper,52,ocd-division/country:us/state:il/sldu:52,IL SD-52,D,Patricia Williams,D,2012,14.0,-21.1,Likely D,True,False,safe,59,30,173411.0,156070.0,227225.0,204502.0,156070.0,147399.0,204502.0,193141.0,147399.0,138729.0,193141.0,181780.0,119618.0,"{""office"": ""IL Senate District 52"", ""source"": ""mock"", ""candidates"": [{""name"": ""Patricia Williams"", ""party"": ""D""}, {""name"": ""Robert Garcia"", ""party"": ""R""}]}",Synthetic state-leg row — replace via OpenStates / FTM pipeline,mock
IL-U-053,IL,upper,53,ocd-division/country:us/state:il/sldu:53,IL SD-53,D,John Brown,D,2016,10.0,3.5,Lean R,True,False,attack,59,30,682329.0,614096.0,1290274.0,1161247.0,614096.0,579980.0,1161247.0,1096733.0,579980.0,545863.0,1096733.0,1032219.0,1084932.0,"{""office"": ""IL Senate District 53"", ""source"": ""mock"", ""candidates"": [{""name"": ""John Brown"", ""party"": ""D""}, {""name"": ""William Miller"", ""party"": ""R""}]}",Synthetic state-leg row — replace via OpenStates / FTM pipeline,mock
IL-U-054,IL,upper,54,ocd-division/country:us/state:il/sldu:54,IL SD-54,D,Jennifer Jones,D,2023,3.0,-13.8,Likely D,True,False,attack,59,30,711920.0,640728.0,572744.0,515470.0,640728.0,605132.0,515470.0,486833.0,605132.0,569536.0,486833.0,458196.0,517536.0,"{""office"": ""IL Senate District 54"", ""source"": ""mock"", ""candidates"": [{""name"": ""Jennifer Jones"", ""party"": ""D""}, {""name"": ""Elizabeth Smith"", ""party"": ""R""}]}",Synthetic state-leg row — replace via OpenStates / FTM pipeline,mock
IL-U-055,IL,upper,55,ocd-division/country:us/state:il/sldu:55,IL SD-55,R,Michael Garcia,R,2017,9.0,10.8,Likely R,True,False,defend,59,30,201555.0,181400.0,140124.0,126111.0,181400.0,171322.0,126111.0,119105.0,171322.0,161244.0,119105.0,112099.0,152291.0,"{""office"": ""IL Senate District 55"", ""source"": ""mock"", ""candidates"": [{""name"": ""Michael Garcia"", ""party"": ""R""}, {""name"": ""William Jones"", ""party"": ""D""}]}",Synthetic state-leg row — replace via OpenStates / FTM pipeline,mock
IL-U-056,IL,upper,56,ocd-division/country:us/state:il/sldu:56,IL SD-56,R,Linda Miller,R,2020,6.0,-0.2,Toss-up,False,False,defend,59,30,655957.0,590361.0,482567.0,434310.0,590361.0,557563.0,434310.0,410182.0,557563.0,524765.0,410182.0,386054.0,679861.0,"{""office"": ""IL Senate District 56"", ""source"": ""mock"", ""candidates"": [{""name"": ""Linda Miller"", ""party"": ""R""}, {""name"": ""William Anderson"", ""party"": ""D""}]}",Synthetic state-leg row — replace via OpenStates / FTM pipeline,mock
IL-U-057,IL,upper,57,ocd-division/country:us/state:il/sldu:57,IL SD-57,R,David Davis,R,2016,10.0,6.0,Lean R,True,False,defend,59,30,440515.0,396463.0,304607.0,274146.0,396463.0,374438.0,274146.0,258916.0,374438.0,352412.0,258916.0,243685.0,383205.0,"{""office"": ""IL Senate District 57"", ""source"": ""mock"", ""candidates"": [{""name"": ""David Davis"", ""party"": ""R""}, {""name"": ""Michael Hernandez"", ""party"": ""D""}]}",Synthetic state-leg row — replace via OpenStates / FTM pipeline,mock
IL-U-058,IL,upper,58,ocd-division/country:us/state:il/sldu:58,IL SD-58,D,Elizabeth Rodriguez,D,2017,9.0,-6.7,Lean D,False,False,attack,59,30,483277.0,434950.0,666201.0,599581.0,434950.0,410786.0,599581.0,566271.0,410786.0,386622.0,566271.0,532961.0,579666.0,"{""office"": ""IL Senate District 58"", ""source"": ""mock"", ""candidates"": [{""name"": ""Elizabeth Rodriguez"", ""party"": ""D""}, {""name"": ""Jennifer Rodriguez"", ""party"": ""R""}]}",Synthetic state-leg row — replace via OpenStates / FTM pipeline,mock
IL-U-059,IL,upper,59,ocd-division/country:us/state:il/sldu:59,IL SD-59,D,William Martinez,D,2024,2.0,-12.0,Likely D,True,False,attack,59,30,443110.0,398799.0,777514.0,699763.0,398799.0,376643.0,699763.0,660887.0,376643.0,354488.0,660887.0,622011.0,523124.0,"{""office"": ""IL Senate District 59"", ""source"": ""mock"", ""candidates"": [{""name"": ""William Martinez"", ""party"": ""D""}, {""name"": ""James Wilson"", ""party"": ""R""}]}",Synthetic state-leg row — replace via OpenStates / FTM pipeline,mock
IN-U-001,IN,upper,1,ocd-division/country:us/state:in/sldu:1,IN SD-1,R,OPEN SEAT,,,0.0,10.4,Likely R,False,True,defend,50,26,765201.0,688681.0,447720.0,402948.0,688681.0,650421.0,402948.0,380562.0,650421.0,612161.0,380562.0,358176.0,547547.0,"{""office"": ""IN Senate District 1"", ""source"": ""mock"", ""candidates"": [{""name"": ""David Martinez"", ""party"": ""D""}]}",Synthetic state-leg row — replace via OpenStates / FTM pipeline,mock
IN-U-002,IN,upper,2,ocd-division/country:us/state:in/sldu:2,IN SD-2,R,Barbara Hernandez,R,2015,11.0,-0.7,Toss-up,True,False,defend,50,26,492414.0,443172.0,390593.0,351533.0,443172.0,418552.0,351533.0,332004.0,418552.0,393931.0,332004.0,312474.0,520974.0,"{""office"": ""IN Senate District 2"", ""source"": ""mock"", ""candidates"": [{""name"": ""Barbara Hernandez"", ""party"": ""R""}, {""name"": ""Joseph Miller"", ""party"": ""D""}]}",Synthetic state-leg row — replace via OpenStates / FTM pipeline,mock
IN-U-003,IN,upper,3,ocd-division/country:us/state:in/sldu:3,IN SD-3,R,Richard Lopez,R,2015,11.0,6.9,Lean R,True,False,defend,50,26,866920.0,780228.0,455749.0,410174.0,780228.0,736882.0,410174.0,387386.0,736882.0,693536.0,387386.0,364599.0,663224.0,"{""office"": ""IN Senate District 3"", ""source"": ""mock"", ""candidates"": [{""name"": ""Richard Lopez"", ""party"": ""R""}, {""name"": ""Robert Martinez"", ""party"": ""D""}]}",Synthetic state-leg row — replace via OpenStates / FTM pipeline,mock
IN-U-004,IN,upper,4,ocd-division/country:us/state:in/sldu:4,IN SD-4,D,Susan Wilson,D,2013,13.0,1.1,Toss-up,False,False,attack,50,26,547710.0,492939.0,674460.0,607014.0,492939.0,465554.0,607014.0,573291.0,465554.0,438168.0,573291.0,539568.0,714097.0,"{""office"": ""IN Senate District 4"", ""source"": ""mock"", ""candidates"": [{""name"": ""Susan Wilson"", ""party"": ""D""}, {""name"": ""Jennifer Wilson"", ""party"": ""R""}]}",Synthetic state-leg row — replace via OpenStates / FTM pipeline,mock
IN-U-005,IN,upper,5,ocd-division/country:us/state:in/sldu:5,IN SD-5,D,Joseph Anderson,D,2023,3.0,0.9,Toss-up,True,False,attack,50,26,519493.0,467544.0,664533.0,598080.0,467544.0,441569.0,598080.0,564853.0,441569.0,415594.0,564853.0,531626.0,695192.0,"{""office"": ""IN Senate District 5"", ""source"": ""mock"", ""candidates"": [{""name"": ""Joseph Anderson"", ""party"": ""D""}, {""name"": ""John Wilson"", ""party"": ""R""}]}",Synthetic state-leg row — replace via OpenStates / FTM pipeline,mock
IN-U-006,IN,upper,6,ocd-division/country:us/state:in/sldu:6,IN SD-6,R,Jessica Thomas,R,2014,12.0,10.5,Likely R,True,False,defend,50,26,338035.0,304232.0,258007.0,232206.0,304232.0,287330.0,232206.0,219306.0,287330.0,270428.0,219306.0,206405.0,268219.0,"{""office"": ""IN Senate District 6"", ""source"": ""mock"", ""candidates"": [{""name"": ""Jessica Thomas"", ""party"": ""R""}, {""name"": ""Mary Anderson"", ""party"": ""D""}]}",Synthetic state-leg row — replace via OpenStates / FTM pipeline,mock
IN-U-007,IN,upper,7,ocd-division/country:us/state:in/sldu:7,IN SD-7,R,James Smith,R,2012,14.0,15.5,Likely R,True,False,safe,50,26,440566.0,396509.0,483842.0,435458.0,396509.0,374481.0,435458.0,411266.0,374481.0,352453.0,411266.0,387074.0,349954.0,"{""office"": ""IN Senate District 7"", ""source"": ""mock"", ""candidates"": [{""name"": ""James Smith"", ""party"": ""R""}, {""name"": ""Richard Lopez"", ""party"": ""D""}]}",Synthetic state-leg row — replace via OpenStates / FTM pipeline,mock
IN-U-008,IN,upper,8,ocd-division/country:us/state:in/sldu:8,IN SD-8,R,OPEN SEAT,,,0.0,22.6,Likely R,False,True,safe,50,26,261988.0,235789.0,221373.0,199236.0,235789.0,222690.0,199236.0,188167.0,222690.0,209590.0,188167.0,177099.0,133960.0,"{""office"": ""IN Senate District 8"", ""source"": ""mock"", ""candidates"": [{""name"": ""David Smith"", ""party"": ""D""}]}",Synthetic state-leg row — replace via OpenStates / FTM pipeline,mock
IN-U-009,IN,upper,9,ocd-division/country:us/state:in/sldu:9,IN SD-9,R,Mary Johnson,R,2012,14.0,7.4,Likely R,True,False,defend,50,26,342292.0,308063.0,234977.0,211479.0,308063.0,290948.0,211479.0,199731.0,290948.0,273833.0,199731.0,187982.0,285336.0,"{""office"": ""IN Senate District 9"", ""source"": ""mock"", ""candidates"": [{""name"": ""Mary Johnson"", ""party"": ""R""}, {""name"": ""Patricia Johnson"", ""party"": ""D""}]}",Synthetic state-leg row — replace via OpenStates / FTM pipeline,mock
IN-U-010,IN,upper,10,ocd-division/country:us/state:in/sldu:10,IN SD-10,R,OPEN SEAT,,,0.0,3.5,Lean R,False,True,defend,50,26,736323.0,662691.0,566140.0,509526.0,662691.0,625875.0,509526.0,481219.0,625875.0,589059.0,481219.0,452912.0,716355.0,"{""office"": ""IN Senate District 10"", ""source"": ""mock"", ""candidates"": [{""name"": ""Linda Johnson"", ""party"": ""D""}]}",Synthetic state-leg row — replace via OpenStates / FTM pipeline,mock
IN-U-011,IN,upper,11,ocd-division/country:us/state:in/sldu:11,IN SD-11,R,Robert Williams,R,2019,7.0,9.8,Likely R,True,False,defend,50,26,305528.0,274975.0,245046.0,220541.0,274975.0,259698.0,220541.0,208289.0,259698.0,244422.0,208289.0,196037.0,253264.0,"{""office"": ""IN Senate District 11"", ""source"": ""mock"", ""candidates"": [{""name"": ""Robert Williams"", ""party"": ""R""}, {""name"": ""Jessica Johnson"", ""party"": ""D""}]}",Synthetic state-leg row — replace via OpenStates / FTM pipeline,mock
IN-U-012,IN,upper,12,ocd-division/country:us/state:in/sldu:12,IN SD-12,R,Patricia Brown,R,2012,14.0,10.0,Likely R,True,False,defend,50,26,267350.0,240615.0,315082.0,283574.0,240615.0,227247.0,283574.0,267820.0,227247.0,213880.0,267820.0,252066.0,266255.0,"{""office"": ""IN Senate District 12"", ""source"": ""mock"", ""candidates"": [{""name"": ""Patricia Brown"", ""party"": ""R""}, {""name"": ""Susan Smith"", ""party"": ""D""}]}",Synthetic state-leg row — replace via OpenStates / FTM pipeline,mock
IN-U-013,IN,upper,13,ocd-division/country:us/state:in/sldu:13,IN SD-13,D,John Jones,D,2019,7.0,-0.4,Toss-up,True,False,attack,50,26,568347.0,511512.0,630036.0,567033.0,511512.0,483095.0,567033.0,535531.0,483095.0,454677.0,535531.0,504029.0,712182.0,"{""office"": ""IN Senate District 13"", ""source"": ""mock"", ""candidates"": [{""name"": ""John Jones"", ""party"": ""D""}, {""name"": ""William Rodriguez"", ""party"": ""R""}]}",Synthetic state-leg row — replace via OpenStates / FTM pipeline,mock
IN-U-014,IN,upper,14,ocd-division/country:us/state:in/sldu:14,IN SD-14,R,Jennifer Garcia,R,2011,15.0,10.3,Likely R,True,False,defend,50,26,677726.0,609953.0,496659.0,446993.0,609953.0,576067.0,446993.0,422160.0,576067.0,542181.0,422160.0,397327.0,531829.0,"{""office"": ""IN Senate District 14"", ""source"": ""mock"", ""candidates"": [{""name"": ""Jennifer Garcia"", ""party"": ""R""}, {""name"": ""James Garcia"", ""party"": ""D""}]}",Synthetic state-leg row — replace via OpenStates / FTM pipeline,mock
IN-U-015,IN,upper,15,ocd-division/country:us/state:in/sldu:15,IN SD-15,D,Michael Miller,D,2013,13.0,-10.4,Likely D,True,False,attack,50,26,613494.0,552145.0,564517.0,508065.0,552145.0,521470.0,508065.0,479839.0,521470.0,490795.0,479839.0,451613.0,531788.0,"{""office"": ""IN Senate District 15"", ""source"": ""mock"", ""candidates"": [{""name"": ""Michael Miller"", ""party"": ""D""}, {""name"": ""Susan Wilson"", ""party"": ""R""}]}",Synthetic state-leg row — replace via OpenStates / FTM pipeline,mock
IN-U-016,IN,upper,16,ocd-division/country:us/state:in/sldu:16,IN SD-16,R,Linda Davis,R,2011,15.0,30.5,Likely R,True,False,safe,50,26,107490.0,96741.0,88276.0,79448.0,96741.0,91367.0,79448.0,75034.0,91367.0,85992.0,75034.0,70620.0,48550.0,"{""office"": ""IN Senate District 16"", ""source"": ""mock"", ""candidates"": [{""name"": ""Linda Davis"", ""party"": ""R""}]}",Synthetic state-leg row — replace via OpenStates / FTM pipeline,mock
IN-U-017,IN,upper,17,ocd-division/country:us/state:in/sldu:17,IN SD-17,R,David Rodriguez,R,2014,12.0,18.5,Likely R,True,False,safe,50,26,332524.0,299272.0,292724.0,263451.0,299272.0,282646.0,263451.0,248815.0,282646.0,266019.0,248815.0,234179.0,209905.0,"{""office"": ""IN Senate District 17"", ""source"": ""mock"", ""candidates"": [{""name"": ""David Rodriguez"", ""party"": ""R""}]}",Synthetic state-leg row — replace via OpenStates / FTM pipeline,mock
IN-U-018,IN,upper,18,ocd-division/country:us/state:in/sldu:18,IN SD-18,R,Elizabeth Martinez,R,2018,8.0,0.5,Toss-up,True,False,defend,50,26,677746.0,609971.0,522611.0,470350.0,609971.0,576084.0,470350.0,444219.0,576084.0,542197.0,444219.0,418089.0,711640.0,"{""office"": ""IN Senate District 18"", ""source"": ""mock"", ""candidates"": [{""name"": ""Elizabeth Martinez"", ""party"": ""R""}, {""name"": ""John Hernandez"", ""party"": ""D""}]}",Synthetic state-leg row — replace via OpenStates / FTM pipeline,mock
IN-U-019,IN,upper,19,ocd-division/country:us/state:in/sldu:19,IN SD-19,R,William Hernandez,R,2015,11.0,20.7,Likely R,True,False,safe,50,26,283451.0,255106.0,191685.0,172516.0,255106.0,240933.0,172516.0,162932.0,240933.0,226761.0,162932.0,153348.0,144577.0,"{""office"": ""IN Senate District 19"", ""source"": ""mock"", ""candidates"": [{""name"": ""William Hernandez"", ""party"": ""R""}, {""name"": ""Michael Johnson"", ""party"": ""D""}]}",Synthetic state-leg row — replace via OpenStates / FTM pipeline,mock
IN-U-020,IN,upper,20,ocd-division/country:us/state:in/sldu:20,IN SD-20,R,Barbara Lopez,R,2021,5.0,34.1,Likely R,True,False,safe,50,26,130722.0,117650.0,92724.0,83452.0,117650.0,111114.0,83452.0,78816.0,111114.0,104578.0,78816.0,74180.0,55415.0,"{""office"": ""IN Senate District 20"", ""source"": ""mock"", ""candidates"": [{""name"": ""Barbara Lopez"", ""party"": ""R""}]}",Synthetic state-leg row — replace via OpenStates / FTM pipeline,mock
IN-U-021,IN,upper,21,ocd-division/country:us/state:in/sldu:21,IN SD-21,R,Richard Wilson,R,2010,16.0,4.8,Lean R,True,False,defend,50,26,759816.0,683835.0,622719.0,560447.0,683835.0,645844.0,560447.0,529311.0,645844.0,607853.0,529311.0,498175.0,734718.0,"{""office"": ""IN Senate District 21"", ""source"": ""mock"", ""candidates"": [{""name"": ""Richard Wilson"", ""party"": ""R""}, {""name"": ""John Rodriguez"", ""party"": ""D""}]}",Synthetic state-leg row — replace via OpenStates / FTM pipeline,mock
IN-U-022,IN,upper,22,ocd-division/country:us/state:in/sldu:22,IN SD-22,R,OPEN SEAT,,,0.0,10.3,Likely R,False,True,defend,50,26,302662.0,272396.0,226826.0,204144.0,272396.0,257263.0,204144.0,192802.0,257263.0,242130.0,192802.0,181461.0,239782.0,"{""office"": ""IN Senate District 22"", ""source"": ""mock"", ""candidates"": [{""name"": ""James Smith"", ""party"": ""D""}]}",Synthetic state-leg row — replace via OpenStates / FTM pipeline,mock
IN-U-023,IN,upper,23,ocd-division/country:us/state:in/sldu:23,IN SD-23,R,Susan Anderson,R,2018,8.0,7.2,Likely R,True,False,defend,50,26,336638.0,302974.0,266623.0,239961.0,302974.0,286142.0,239961.0,226630.0,286142.0,269310.0,226630.0,213299.0,299907.0,"{""office"": ""IN Senate District 23"", ""source"": ""mock"", ""candidates"": [{""name"": ""Susan Anderson"", ""party"": ""R""}, {""name"": ""Linda Brown"", ""party"": ""D""}]}",Synthetic state-leg row — replace via OpenStates / FTM pipeline,mock
IN-U-024,IN,upper,24,ocd-division/country:us/state:in/sldu:24,IN SD-24,R,Joseph Thomas,R,2018,8.0,14.3,Likely R,True,False,safe,50,26,245197.0,220677.0,200107.0,180096.0,220677.0,208417.0,180096.0,170091.0,208417.0,196157.0,170091.0,160085.0,176213.0,"{""office"": ""IN Senate District 24"", ""source"": ""mock"", ""candidates"": [{""name"": ""Joseph Thomas"", ""party"": ""R""}]}",Synthetic state-leg row — replace via OpenStates / FTM pipeline,mock
IN-U-025,IN,upper,25,ocd-division/country:us/state:in/sldu:25,IN SD-25,R,Jessica Smith,R,2017,9.0,26.7,Likely R,True,False,safe,50,26,213453.0,192108.0,191219.0,172097.0,192108.0,181435.0,172097.0,162536.0,181435.0,170762.0,162536.0,152975.0,100359.0,"{""office"": ""IN Senate District 25"", ""source"": ""mock"", ""candidates"": [{""name"": ""Jessica Smith"", ""party"": ""R""}, {""name"": ""Patricia Wilson"", ""party"": ""D""}]}",Synthetic state-leg row — replace via OpenStates / FTM pipeline,mock
IN-U-026,IN,upper,26,ocd-division/country:us/state:in/sldu:26,IN SD-26,R,James Johnson,R,2021,5.0,17.6,Likely R,True,False,safe,50,26,234926.0,211433.0,299352.0,269417.0,211433.0,199687.0,269417.0,254449.0,199687.0,187941.0,254449.0,239482.0,186234.0,"{""office"": ""IN Senate District 26"", ""source"": ""mock"", ""candidates"": [{""name"": ""James Johnson"", ""party"": ""R""}, {""name"": ""John Thomas"", ""party"": ""D""}]}",Synthetic state-leg row — replace via OpenStates / FTM pipeline,mock
IN-U-027,IN,upper,27,ocd-division/country:us/state:in/sldu:27,IN SD-27,R,Mary Williams,R,2011,15.0,22.8,Likely R,True,False,safe,50,26,304460.0,274014.0,224789.0,202310.0,274014.0,258791.0,202310.0,191071.0,258791.0,243568.0,191071.0,179831.0,145165.0,"{""office"": ""IN Senate District 27"", ""source"": ""mock"", ""candidates"": [{""name"": ""Mary Williams"", ""party"": ""R""}]}",Synthetic state-leg row — replace via OpenStates / FTM pipeline,mock
IN-U-028,IN,upper,28,ocd-division/country:us/state:in/sldu:28,IN SD-28,R,Robert Brown,R,2016,10.0,13.6,Likely R,True,False,defend,50,26,488918.0,440026.0,315654.0,284088.0,440026.0,415580.0,284088.0,268306.0,415580.0,391134.0,268306.0,252523.0,326426.0,"{""office"": ""IN Senate District 28"", ""source"": ""mock"", ""candidates"": [{""name"": ""Robert Brown"", ""party"": ""R""}, {""name"": ""William Miller"", ""party"": ""D""}]}",Synthetic state-leg row — replace via OpenStates / FTM pipeline,mock
IN-U-029,IN,upper,29,ocd-division/country:us/state:in/sldu:29,IN SD-29,D,Patricia Jones,D,2018,8.0,1.3,Toss-up,True,False,attack,50,26,779824.0,701842.0,750907.0,675817.0,701842.0,662851.0,675817.0,638271.0,662851.0,623859.0,638271.0,600726.0,890011.0,"{""office"": ""IN Senate District 29"", ""source"": ""mock"", ""candidates"": [{""name"": ""Patricia Jones"", ""party"": ""D""}, {""name"": ""Robert Brown"", ""party"": ""R""}]}",Synthetic state-leg row — replace via OpenStates / FTM pipeline,mock
IN-U-030,IN,upper,30,ocd-division/country:us/state:in/sldu:30,IN SD-30,R,John Garcia,R,2008,18.0,2.9,Lean R,True,False,defend,50,26,1486797.0,1338117.0,959201.0,863281.0,1338117.0,1263777.0,863281.0,815321.0,1263777.0,1189437.0,815321.0,767361.0,1366265.0,"{""office"": ""IN Senate District 30"", ""source"": ""mock"", ""candidates"": [{""name"": ""John Garcia"", ""party"": ""R""}, {""name"": ""Barbara Wilson"", ""party"": ""D""}]}",Synthetic state-leg row — replace via OpenStates / FTM pipeline,mock
IN-U-031,IN,upper,31,ocd-division/country:us/state:in/sldu:31,IN SD-31,R,OPEN SEAT,,,0.0,14.3,Likely R,False,True,safe,50,26,430322.0,387290.0,335778.0,302200.0,387290.0,365774.0,302200.0,285412.0,365774.0,344258.0,285412.0,268623.0,303157.0,"{""office"": ""IN Senate District 31"", ""source"": ""mock"", ""candidates"": []}",Synthetic state-leg row — replace via OpenStates / FTM pipeline,mock
IN-U-032,IN,upper,32,ocd-division/country:us/state:in/sldu:32,IN SD-32,R,Jennifer Miller,R,2015,11.0,26.9,Likely R,True,False,safe,50,26,203707.0,183336.0,217244.0,195520.0,183336.0,173151.0,195520.0,184657.0,173151.0,162966.0,184657.0,173795.0,104396.0,"{""office"": ""IN Senate District 32"", ""source"": ""mock"", ""candidates"": [{""name"": ""Jennifer Miller"", ""party"": ""R""}]}",Synthetic state-leg row — replace via OpenStates / FTM pipeline,mock
IN-U-033,IN,upper,33,ocd-division/country:us/state:in/sldu:33,IN SD-33,D,Michael Davis,D,2016,10.0,-7.5,Likely D,True,False,attack,50,26,531217.0,478096.0,754906.0,679415.0,478096.0,451535.0,679415.0,641670.0,451535.0,424974.0,641670.0,603925.0,633875.0,"{""office"": ""IN Senate District 33"", ""source"": ""mock"", ""candidates"": [{""name"": ""Michael Davis"", ""party"": ""D""}, {""name"": ""Jennifer Davis"", ""party"": ""R""}]}",Synthetic state-leg row — replace via OpenStates / FTM pipeline,mock
IN-U-034,IN,upper,34,ocd-division/country:us/state:in/sldu:34,IN SD-34,R,Linda Rodriguez,R,2009,17.0,6.2,Lean R,True,False,defend,50,26,625793.0,563214.0,576938.0,519244.0,563214.0,531924.0,519244.0,490397.0,531924.0,500635.0,490397.0,461550.0,615111.0,"{""office"": ""IN Senate District 34"", ""source"": ""mock"", ""candidates"": [{""name"": ""Linda Rodriguez"", ""party"": ""R""}, {""name"": ""Richard Lopez"", ""party"": ""D""}]}",Synthetic state-leg row — replace via OpenStates / FTM pipeline,mock
IN-U-035,IN,upper,35,ocd-division/country:us/state:in/sldu:35,IN SD-35,R,David Martinez,R,2021,5.0,12.0,Likely R,True,False,defend,50,26,541867.0,487681.0,640551.0,576496.0,487681.0,460587.0,576496.0,544469.0,460587.0,433494.0,544469.0,512441.0,506751.0,"{""office"": ""IN Senate District 35"", ""source"": ""mock"", ""candidates"": [{""name"": ""David Martinez"", ""party"": ""R""}, {""name"": ""William Brown"", ""party"": ""D""}]}",Synthetic state-leg row — replace via OpenStates / FTM pipeline,mock
IN-U-036,IN,upper,36,ocd-division/country:us/state:in/sldu:36,IN SD-36,R,Elizabeth Hernandez,R,2017,9.0,10.1,Likely R,True,False,defend,50,26,297261.0,267535.0,232354.0,209119.0,267535.0,252672.0,209119.0,197501.0,252672.0,237809.0,197501.0,185883.0,241353.0,"{""office"": ""IN Senate District 36"", ""source"": ""mock"", ""candidates"": [{""name"": ""Elizabeth Hernandez"", ""party"": ""R""}, {""name"": ""Barbara Lopez"", ""party"": ""D""}]}",Synthetic state-leg row — replace via OpenStates / FTM pipeline,mock
IN-U-037,IN,upper,37,ocd-division/country:us/state:in/sldu:37,IN SD-37,D,William Lopez,D,2022,4.0,-7.8,Likely D,True,False,attack,50,26,401015.0,360914.0,502722.0,452450.0,360914.0,340863.0,452450.0,427314.0,340863.0,320812.0,427314.0,402178.0,441540.0,"{""office"": ""IN Senate District 37"", ""source"": ""mock"", ""candidates"": [{""name"": ""William Lopez"", ""party"": ""D""}, {""name"": ""John Smith"", ""party"": ""R""}]}",Synthetic state-leg row — replace via OpenStates / FTM pipeline,mock
IN-U-038,IN,upper,38,ocd-division/country:us/state:in/sldu:38,IN SD-38,R,Barbara Wilson,R,2010,16.0,2.5,Lean R,True,False,defend,50,26,1070965.0,963868.0,735470.0,661923.0,963868.0,910320.0,661923.0,625150.0,910320.0,856772.0,625150.0,588376.0,1019345.0,"{""office"": ""IN Senate District 38"", ""source"": ""mock"", ""candidates"": [{""name"": ""Barbara Wilson"", ""party"": ""R""}, {""name"": ""James Johnson"", ""party"": ""D""}]}",Synthetic state-leg row — replace via OpenStates / FTM pipeline,mock
IN-U-039,IN,upper,39,ocd-division/country:us/state:in/sldu:39,IN SD-39,R,Richard Anderson,R,2013,13.0,7.3,Likely R,True,False,defend,50,26,379182.0,341264.0,413699.0,372329.0,341264.0,322305.0,372329.0,351644.0,322305.0,303346.0,351644.0,330959.0,393043.0,"{""office"": ""IN Senate District 39"", ""source"": ""mock"", ""candidates"": [{""name"": ""Richard Anderson"", ""party"": ""R""}, {""name"": ""Barbara Martinez"", ""party"": ""D""}]}",Synthetic state-leg row — replace via OpenStates / FTM pipeline,mock
IN-U-040,IN,upper,40,ocd-division/country:us/state:in/sldu:40,IN SD-40,R,Susan Thomas,R,2014,12.0,12.3,Likely R,True,False,defend,50,26,717068.0,645361.0,766189.0,689570.0,645361.0,609508.0,689570.0,651260.0,609508.0,573654.0,651260.0,612951.0,629325.0,"{""office"": ""IN Senate District 40"", ""source"": ""mock"", ""candidates"": [{""name"": ""Susan Thomas"", ""party"": ""R""}, {""name"": ""Jennifer Smith"", ""party"": ""D""}]}",Synthetic state-leg row — replace via OpenStates / FTM pipeline,mock
IN-U-041,IN,upper,41,ocd-division/country:us/state:in/sldu:41,IN SD-41,R,Joseph Smith,R,2019,7.0,9.7,Likely R,True,False,defend,50,26,705409.0,634868.0,447617.0,402856.0,634868.0,599598.0,402856.0,380475.0,599598.0,564327.0,380475.0,358094.0,532039.0,"{""office"": ""IN Senate District 41"", ""source"": ""mock"", ""candidates"": [{""name"": ""Joseph Smith"", ""party"": ""R""}, {""name"": ""Patricia Wilson"", ""party"": ""D""}]}",Synthetic state-leg row — replace via OpenStates / FTM pipeline,mock
IN-U-042,IN,upper,42,ocd-division/country:us/state:in/sldu:42,IN SD-42,D,OPEN SEAT,,,0.0,0.0,Toss-up,False,True,attack,50,26,1149251.0,1034326.0,988549.0,889695.0,1034326.0,976863.0,889695.0,840267.0,976863.0,919401.0,840267.0,790840.0,1282680.0,"{""office"": ""IN Senate District 42"", ""source"": ""mock"", ""candidates"": [{""name"": ""Mary Rodriguez"", ""party"": ""R""}]}",Synthetic state-leg row — replace via OpenStates / FTM pipeline,mock
IN-U-043,IN,upper,43,ocd-division/country:us/state:in/sldu:43,IN SD-43,D,Jessica Johnson,D,2022,4.0,3.1,Lean R,True,False,attack,50,26,408903.0,368013.0,454313.0,408882.0,368013.0,347568.0,408882.0,386166.0,347568.0,327122.0,386166.0,363451.0,479702.0,"{""office"": ""IN Senate District 43"", ""source"": ""mock"", ""candidates"": [{""name"": ""Jessica Johnson"", ""party"": ""D""}, {""name"": ""Robert Martinez"", ""party"": ""R""}]}",Synthetic state-leg row — replace via OpenStates / FTM pipeline,mock
IN-U-044,IN,upper,44,ocd-division/country:us/state:in/sldu:44,IN SD-44,R,James Williams,R,2011,15.0,13.8,Likely R,True,False,defend,50,26,217658.0,195893.0,201665.0,181498.0,195893.0,185010.0,181498.0,171415.0,185010.0,174127.0,171415.0,161332.0,168927.0,"{""office"": ""IN Senate District 44"", ""source"": ""mock"", ""candidates"": [{""name"": ""James Williams"", ""party"": ""R""}, {""name"": ""Michael Davis"", ""party"": ""D""}]}",Synthetic state-leg row — replace via OpenStates / FTM pipeline,mock
IN-U-045,IN,upper,45,ocd-division/country:us/state:in/sldu:45,IN SD-45,R,Mary Brown,R,2009,17.0,13.4,Likely R,True,False,defend,50,26,612555.0,551299.0,464976.0,418479.0,551299.0,520672.0,418479.0,395230.0,520672.0,490044.0,395230.0,371981.0,440248.0,"{""office"": ""IN Senate District 45"", ""source"": ""mock"", ""candidates"": [{""name"": ""Mary Brown"", ""party"": ""R""}, {""name"": ""Robert Miller"", ""party"": ""D""}]}",Synthetic state-leg row — replace via OpenStates / FTM pipeline,mock
IN-U-046,IN,upper,46,ocd-division/country:us/state:in/sldu:46,IN SD-46,D,Robert Jones,D,2009,17.0,-6.5,Lean D,True,False,attack,50,26,213700.0,192330.0,193019.0,173717.0,192330.0,181645.0,173717.0,164066.0,181645.0,170960.0,164066.0,154415.0,206265.0,"{""office"": ""IN Senate District 46"", ""source"": ""mock"", ""candidates"": [{""name"": ""Robert Jones"", ""party"": ""D""}, {""name"": ""Richard Rodriguez"", ""party"": ""R""}]}",Synthetic state-leg row — replace via OpenStates / FTM pipeline,mock
IN-U-047,IN,upper,47,ocd-division/country:us/state:in/sldu:47,IN SD-47,D,Patricia Garcia,D,2017,9.0,-2.5,Lean D,True,False,attack,50,26,384648.0,346184.0,588059.0,529253.0,346184.0,326951.0,529253.0,499850.0,326951.0,307719.0,499850.0,470447.0,548885.0,"{""office"": ""IN Senate District 47"", ""source"": ""mock"", ""candidates"": [{""name"": ""Patricia Garcia"", ""party"": ""D""}, {""name"": ""John Garcia"", ""party"": ""R""}]}",Synthetic state-leg row — replace via OpenStates / FTM pipeline,mock
IN-U-048,IN,upper,48,ocd-division/country:us/state:in/sldu:48,IN SD-48,R,John Miller,R,2018,8.0,18.3,Likely R,True,False,safe,50,26,410404.0,369363.0,327823.0,295041.0,369363.0,348843.0,295041.0,278650.0,348843.0,328323.0,278650.0,262259.0,249943.0,"{""office"": ""IN Senate District 48"", ""source"": ""mock"", ""candidates"": [{""name"": ""John Miller"", ""party"": ""R""}]}",Synthetic state-leg row — replace via OpenStates / FTM pipeline,mock
IN-U-049,IN,upper,49,ocd-division/country:us/state:in/sldu:49,IN SD-49,R,Jennifer Davis,R,2021,5.0,10.5,Likely R,True,False,defend,50,26,336533.0,302880.0,265998.0,239398.0,302880.0,286053.0,239398.0,226098.0,286053.0,269227.0,226098.0,212798.0,271139.0,"{""office"": ""IN Senate District 49"", ""source"": ""mock"", ""candidates"": [{""name"": ""Jennifer Davis"", ""party"": ""R""}, {""name"": ""William Jones"", ""party"": ""D""}]}",Synthetic state-leg row — replace via OpenStates / FTM pipeline,mock
IN-U-050,IN,upper,50,ocd-division/country:us/state:in/sldu:50,IN SD-50,D,Michael Rodriguez,D,2021,5.0,0.3,Toss-up,True,False,attack,50,26,822647.0,740382.0,1287227.0,1158505.0,740382.0,699250.0,1158505.0,1094143.0,699250.0,658118.0,1094143.0,1029782.0,1256882.0,"{""office"": ""IN Senate District 50"", ""source"": ""mock"", ""candidates"": [{""name"": ""Michael Rodriguez"", ""party"": ""D""}, {""name"": ""Robert Smith"", ""party"": ""R""}]}",Synthetic state-leg row — replace via OpenStates / FTM pipeline,mock
KS-U-001,KS,upper,1,ocd-division/country:us/state:ks/sldu:1,KS SD-1,R,OPEN SEAT,,,0.0,6.8,Lean R,False,True,defend,40,21,651403.0,586262.0,675145.0,607630.0,586262.0,553692.0,607630.0,573873.0,553692.0,521122.0,573873.0,540116.0,667064.0,"{""office"": ""KS Senate District 1"", ""source"": ""mock"", ""candidates"": [{""name"": ""Elizabeth Thomas"", ""party"": ""D""}]}",Synthetic state-leg row — replace via OpenStates / FTM pipeline,mock
KS-U-002,KS,upper,2,ocd-division/country:us/state:ks/sldu:2,KS SD-2,D,Linda Martinez,D,2020,6.0,2.2,Lean R,True,False,attack,40,21,1026243.0,923619.0,1125358.0,1012822.0,923619.0,872307.0,1012822.0,956555.0,872307.0,820995.0,956555.0,900287.0,1223339.0,"{""office"": ""KS Senate District 2"", ""source"": ""mock"", ""candidates"": [{""name"": ""Linda Martinez"", ""party"": ""D""}, {""name"": ""Linda Davis"", ""party"": ""R""}]}",Synthetic state-leg row — replace via OpenStates / FTM pipeline,mock
KS-U-003,KS,upper,3,ocd-division/country:us/state:ks/sldu:3,KS SD-3,R,David Hernandez,R,2018,8.0,9.6,Likely R,True,False,defend,40,21,510354.0,459318.0,549825.0,494843.0,459318.0,433801.0,494843.0,467352.0,433801.0,408283.0,467352.0,439860.0,490711.0,"{""office"": ""KS Senate District 3"", ""source"": ""mock"", ""candidates"": [{""name"": ""David Hernandez"", ""party"": ""R""}, {""name"": ""David Davis"", ""party"": ""D""}]}",Synthetic state-leg row — replace via OpenStates / FTM pipeline,mock
KS-U-004,KS,upper,4,ocd-division/country:us/state:ks/sldu:4,KS SD-4,R,OPEN SEAT,,,0.0,-0.8,Toss-up,False,True,defend,40,21,453465.0,408119.0,478094.0,430284.0,408119.0,385446.0,430284.0,406380.0,385446.0,362772.0,406380.0,382475.0,548289.0,"{""office"": ""KS Senate District 4"", ""source"": ""mock"", ""candidates"": [{""name"": ""Jessica Davis"", ""party"": ""D""}]}",Synthetic state-leg row — replace via OpenStates / FTM pipeline,mock
KS-U-005,KS,upper,5,ocd-division/country:us/state:ks/sldu:5,KS SD-5,R,Elizabeth Lopez,R,2016,10.0,-1.4,Toss-up,True,False,defend,40,21,989419.0,890477.0,792742.0,713468.0,890477.0,841006.0,713468.0,673831.0,841006.0,791535.0,673831.0,634194.0,1033654.0,"{""office"": ""KS Senate District 5"", ""source"": ""mock"", ""candidates"": [{""name"": ""Elizabeth Lopez"", ""party"": ""R""}, {""name"": ""Jessica Rodriguez"", ""party"": ""D""}]}",Synthetic state-leg row — replace via OpenStates / FTM pipeline,mock
KS-U-006,KS,upper,6,ocd-division/country:us/state:ks/sldu:6,KS SD-6,R,William Wilson,R,2018,8.0,30.2,Likely R,True,False,safe,40,21,114788.0,103309.0,127401.0,114661.0,103309.0,97570.0,114661.0,108291.0,97570.0,91831.0,108291.0,101921.0,60063.0,"{""office"": ""KS Senate District 6"", ""source"": ""mock"", ""candidates"": [{""name"": ""William Wilson"", ""party"": ""R""}]}",Synthetic state-leg row — replace via OpenStates / FTM pipeline,mock
KS-U-007,KS,upper,7,ocd-division/country:us/state:ks/sldu:7,KS SD-7,R,Barbara Anderson,R,2018,8.0,0.6,Toss-up,True,False,defend,40,21,561542.0,505388.0,473460.0,426114.0,505388.0,477311.0,426114.0,402441.0,477311.0,449234.0,402441.0,378768.0,612130.0,"{""office"": ""KS Senate District 7"", ""source"": ""mock"", ""candidates"": [{""name"": ""Barbara Anderson"", ""party"": ""R""}, {""name"": ""Mary Brown"", ""party"": ""D""}]}",Synthetic state-leg row — replace via OpenStates / FTM pipeline,mock
KS-U-008,KS,upper,8,ocd-division/country:us/state:ks/sldu:8,KS SD-8,R,Richard Thomas,R,2012,14.0,4.1,Lean R,True,False,defend,40,21,488708.0,439837.0,331536.0,298382.0,439837.0,415402.0,298382.0,281805.0,415402.0,390966.0,281805.0,265229.0,444103.0,"{""office"": ""KS Senate District 8"", ""source"": ""mock"", ""candidates"": [{""name"": ""Richard Thomas"", ""party"": ""R""}, {""name"": ""James Hernandez"", ""party"": ""D""}]}",Synthetic state-leg row — replace via OpenStates / FTM pipeline,mock
KS-U-009,KS,upper,9,ocd-division/country:us/state:ks/sldu:9,KS SD-9,R,Susan Smith,R,2011,15.0,-0.4,Toss-up,True,False,defend,40,21,548916.0,494025.0,441796.0,397616.0,494025.0,466579.0,397616.0,375526.0,466579.0,439133.0,375526.0,353437.0,588766.0,"{""office"": ""KS Senate District 9"", ""source"": ""mock"", ""candidates"": [{""name"": ""Susan Smith"", ""party"": ""R""}, {""name"": ""Elizabeth Miller"", ""party"": ""D""}]}",Synthetic state-leg row — replace via OpenStates / FTM pipeline,mock
KS-U-010,KS,upper,10,ocd-division/country:us/state:ks/sldu:10,KS SD-10,R,Joseph Johnson,R,2014,12.0,12.8,Likely R,True,False,defend,40,21,575151.0,517636.0,388302.0,349472.0,517636.0,488878.0,349472.0,330057.0,488878.0,460121.0,330057.0,310642.0,401898.0,"{""office"": ""KS Senate District 10"", ""source"": ""mock"", ""candidates"": [{""name"": ""Joseph Johnson"", ""party"": ""R""}, {""name"": ""Patricia Davis"", ""party"": ""D""}]}",Synthetic state-leg row — replace via OpenStates / FTM pipeline,mock
KS-U-011,KS,upper,11,ocd-division/country:us/state:ks/sldu:11,KS SD-11,R,Jessica Williams,R,2019,7.0,18.0,Likely R,True,False,safe,40,21,140823.0,126741.0,120013.0,108012.0,126741.0,119700.0,108012.0,102011.0,119700.0,112658.0,102011.0,96011.0,89430.0,"{""office"": ""KS Senate District 11"", ""source"": ""mock"", ""candidates"": [{""name"": ""Jessica Williams"", ""party"": ""R""}]}",Synthetic state-leg row — replace via OpenStates / FTM pipeline,mock
KS-U-012,KS,upper,12,ocd-division/country:us/state:ks/sldu:12,KS SD-12,R,James Brown,R,2022,4.0,17.7,Likely R,True,False,safe,40,21,425917.0,383326.0,334344.0,300909.0,383326.0,362030.0,300909.0,284192.0,362030.0,340734.0,284192.0,267475.0,263919.0,"{""office"": ""KS Senate District 12"", ""source"": ""mock"", ""candidates"": [{""name"": ""James Brown"", ""party"": ""R""}, {""name"": ""Susan Miller"", ""party"": ""D""}]}",Synthetic state-leg row — replace via OpenStates / FTM pipeline,mock
KS-U-013,KS,upper,13,ocd-division/country:us/state:ks/sldu:13,KS SD-13,R,Mary Jones,R,2008,18.0,18.8,Likely R,True,False,safe,40,21,291794.0,262615.0,224036.0,201632.0,262615.0,248025.0,201632.0,190431.0,248025.0,233435.0,190431.0,179229.0,170961.0,"{""office"": ""KS Senate District 13"", ""source"": ""mock"", ""candidates"": [{""name"": ""Mary Jones"", ""party"": ""R""}]}",Synthetic state-leg row — replace via OpenStates / FTM pipeline,mock
KS-U-014,KS,upper,14,ocd-division/country:us/state:ks/sldu:14,KS SD-14,R,Robert Garcia,R,2010,16.0,18.8,Likely R,True,False,safe,40,21,374148.0,336733.0,253306.0,227975.0,336733.0,318026.0,227975.0,215310.0,318026.0,299318.0,215310.0,202645.0,207956.0,"{""office"": ""KS Senate District 14"", ""source"": ""mock"", ""candidates"": [{""name"": ""Robert Garcia"", ""party"": ""R""}]}",Synthetic state-leg row — replace via OpenStates / FTM pipeline,mock
KS-U-015,KS,upper,15,ocd-division/country:us/state:ks/sldu:15,KS SD-15,R,Patricia Miller,R,2023,3.0,25.2,Likely R,True,False,safe,40,21,193545.0,174191.0,178124.0,160312.0,174191.0,164513.0,160312.0,151406.0,164513.0,154836.0,151406.0,142499.0,92174.0,"{""office"": ""KS Senate District 15"", ""source"": ""mock"", ""candidates"": [{""name"": ""Patricia Miller"", ""party"": ""R""}, {""name"": ""James Thomas"", ""party"": ""D""}]}",Synthetic state-leg row — replace via OpenStates / FTM pipeline,mock
KS-U-016,KS,upper,16,ocd-division/country:us/state:ks/sldu:16,KS SD-16,R,John Davis,R,2019,7.0,14.2,Likely R,True,False,safe,40,21,316481.0,284833.0,263312.0,236980.0,284833.0,269009.0,236980.0,223815.0,269009.0,253185.0,223815.0,210649.0,230261.0,"{""office"": ""KS Senate District 16"", ""source"": ""mock"", ""candidates"": [{""name"": ""John Davis"", ""party"": ""R""}]}",Synthetic state-leg row — replace via OpenStates / FTM pipeline,mock
KS-U-017,KS,upper,17,ocd-division/country:us/state:ks/sldu:17,KS SD-17,R,Jennifer Rodriguez,R,2023,3.0,5.9,Lean R,True,False,defend,40,21,559646.0,503681.0,399508.0,359557.0,503681.0,475699.0,359557.0,339582.0,475699.0,447717.0,339582.0,319606.0,494649.0,"{""office"": ""KS Senate District 17"", ""source"": ""mock"", ""candidates"": [{""name"": ""Jennifer Rodriguez"", ""party"": ""R""}, {""name"": ""Richard Wilson"", ""party"": ""D""}]}",Synthetic state-leg row — replace via OpenStates / FTM pipeline,mock
KS-U-018,KS,upper,18,ocd-division/country:us/state:ks/sldu:18,KS SD-18,D,Michael Martinez,D,2010,16.0,-5.3,Lean D,True,False,attack,40,21,662929.0,596636.0,856407.0,770766.0,596636.0,563490.0,770766.0,727946.0,563490.0,530343.0,727946.0,685125.0,796566.0,"{""office"": ""KS Senate District 18"", ""source"": ""mock"", ""candidates"": [{""name"": ""Michael Martinez"", ""party"": ""D""}, {""name"": ""Susan Miller"", ""party"": ""R""}]}",Synthetic state-leg row — replace via OpenStates / FTM pipeline,mock
KS-U-019,KS,upper,19,ocd-division/country:us/state:ks/sldu:19,KS SD-19,R,Linda Hernandez,R,2009,17.0,12.3,Likely R,True,False,defend,40,21,443029.0,398726.0,220248.0,198223.0,398726.0,376574.0,198223.0,187210.0,376574.0,354423.0,187210.0,176198.0,281419.0,"{""office"": ""KS Senate District 19"", ""source"": ""mock"", ""candidates"": [{""name"": ""Linda Hernandez"", ""party"": ""R""}, {""name"": ""Robert Wilson"", ""party"": ""D""}]}",Synthetic state-leg row — replace via OpenStates / FTM pipeline,mock
KS-U-020,KS,upper,20,ocd-division/country:us/state:ks/sldu:20,KS SD-20,R,David Lopez,R,2019,7.0,6.3,Lean R,True,False,defend,40,21,478091.0,430282.0,345684.0,311116.0,430282.0,406377.0,311116.0,293832.0,406377.0,382472.0,293832.0,276547.0,420125.0,"{""office"": ""KS Senate District 20"", ""source"": ""mock"", ""candidates"": [{""name"": ""David Lopez"", ""party"": ""R""}, {""name"": ""John Jones"", ""party"": ""D""}]}",Synthetic state-leg row — replace via OpenStates / FTM pipeline,mock
KS-U-021,KS,upper,21,ocd-division/country:us/state:ks/sldu:21,KS SD-21,D,OPEN SEAT,,,0.0,-5.9,Lean D,False,True,attack,40,21,847166.0,762449.0,726553.0,653898.0,762449.0,720091.0,653898.0,617570.0,720091.0,677733.0,617570.0,581243.0,811590.0,"{""office"": ""KS Senate District 21"", ""source"": ""mock"", ""candidates"": [{""name"": ""John Brown"", ""party"": ""R""}]}",Synthetic state-leg row — replace via OpenStates / FTM pipeline,mock
KS-U-022,KS,upper,22,ocd-division/country:us/state:ks/sldu:22,KS SD-22,R,Elizabeth Wilson,R,2015,11.0,11.0,Likely R,True,False,defend,40,21,438802.0,394922.0,390381.0,351343.0,394922.0,372982.0,351343.0,331824.0,372982.0,351042.0,331824.0,312305.0,367210.0,"{""office"": ""KS Senate District 22"", ""source"": ""mock"", ""candidates"": [{""name"": ""Elizabeth Wilson"", ""party"": ""R""}, {""name"": ""John Brown"", ""party"": ""D""}]}",Synthetic state-leg row — replace via OpenStates / FTM pipeline,mock
KS-U-023,KS,upper,23,ocd-division/country:us/state:ks/sldu:23,KS SD-23,R,William Anderson,R,2019,7.0,3.6,Lean R,True,False,defend,40,21,1359869.0,1223882.0,1074790.0,967311.0,1223882.0,1155888.0,967311.0,913572.0,1155888.0,1087895.0,913572.0,859832.0,1335584.0,"{""office"": ""KS Senate District 23"", ""source"": ""mock"", ""candidates"": [{""name"": ""William Anderson"", ""party"": ""R""}, {""name"": ""David Anderson"", ""party"": ""D""}]}",Synthetic state-leg row — replace via OpenStates / FTM pipeline,mock
KS-U-024,KS,upper,24,ocd-division/country:us/state:ks/sldu:24,KS SD-24,R,Barbara Thomas,R,2011,15.0,13.6,Likely R,True,False,defend,40,21,356763.0,321087.0,275127.0,247614.0,321087.0,303249.0,247614.0,233858.0,303249.0,285411.0,233858.0,220101.0,256367.0,"{""office"": ""KS Senate District 24"", ""source"": ""mock"", ""candidates"": [{""name"": ""Barbara Thomas"", ""party"": ""R""}, {""name"": ""Jennifer Johnson"", ""party"": ""D""}]}",Synthetic state-leg row — replace via OpenStates / FTM pipeline,mock
KS-U-025,KS,upper,25,ocd-division/country:us/state:ks/sldu:25,KS SD-25,R,Richard Smith,R,2020,6.0,3.4,Lean R,False,False,defend,40,21,713807.0,642426.0,648301.0,583471.0,642426.0,606736.0,583471.0,551056.0,606736.0,571045.0,551056.0,518641.0,751105.0,"{""office"": ""KS Senate District 25"", ""source"": ""mock"", ""candidates"": [{""name"": ""Richard Smith"", ""party"": ""R""}, {""name"": ""John Davis"", ""party"": ""D""}]}",Synthetic state-leg row — replace via OpenStates / FTM pipeline,mock
KS-U-026,KS,upper,26,ocd-division/country:us/state:ks/sldu:26,KS SD-26,D,Susan Johnson,D,2012,14.0,3.2,Lean R,True,False,attack,40,21,1045545.0,940991.0,993796.0,894416.0,940991.0,888713.0,894416.0,844727.0,888713.0,836436.0,844727.0,795037.0,1130378.0,"{""office"": ""KS Senate District 26"", ""source"": ""mock"", ""candidates"": [{""name"": ""Susan Johnson"", ""party"": ""D""}, {""name"": ""William Brown"", ""party"": ""R""}]}",Synthetic state-leg row — replace via OpenStates / FTM pipeline,mock
KS-U-027,KS,upper,27,ocd-division/country:us/state:ks/sldu:27,KS SD-27,R,Joseph Williams,R,2008,18.0,20.4,Likely R,True,False,safe,40,21,362977.0,326679.0,295457.0,265911.0,326679.0,308531.0,265911.0,251139.0,308531.0,290382.0,251139.0,236366.0,203174.0,"{""office"": ""KS Senate District 27"", ""source"": ""mock"", ""candidates"": [{""name"": ""Joseph Williams"", ""party"": ""R""}]}",Synthetic state-leg row — replace via OpenStates / FTM pipeline,mock
KS-U-028,KS,upper,28,ocd-division/country:us/state:ks/sldu:28,KS SD-28,R,Jessica Brown,R,2008,18.0,19.6,Likely R,True,False,safe,40,21,108521.0,97669.0,92817.0,83536.0,97669.0,92243.0,83536.0,78895.0,92243.0,86817.0,78895.0,74254.0,64428.0,"{""office"": ""KS Senate District 28"", ""source"": ""mock"", ""candidates"": [{""name"": ""Jessica Brown"", ""party"": ""R""}, {""name"": ""Elizabeth Smith"", ""party"": ""D""}]}",Synthetic state-leg row — replace via OpenStates / FTM pipeline,mock
KS-U-029,KS,upper,29,ocd-division/country:us/state:ks/sldu:29,KS SD-29,R,James Jones,R,2014,12.0,8.0,Likely R,True,False,defend,40,21,671873.0,604686.0,498048.0,448243.0,604686.0,571092.0,448243.0,423341.0,571092.0,537498.0,423341.0,398438.0,568247.0,"{""office"": ""KS Senate District 29"", ""source"": ""mock"", ""candidates"": [{""name"": ""James Jones"", ""party"": ""R""}, {""name"": ""Robert Davis"", ""party"": ""D""}]}",Synthetic state-leg row — replace via OpenStates / FTM pipeline,mock
KS-U-030,KS,upper,30,ocd-division/country:us/state:ks/sldu:30,KS SD-30,R,Mary Garcia,R,2016,10.0,1.9,Toss-up,False,False,defend,40,21,268043.0,241239.0,285326.0,256793.0,241239.0,227837.0,256793.0,242527.0,227837.0,214435.0,242527.0,228261.0,317001.0,"{""office"": ""KS Senate District 30"", ""source"": ""mock"", ""candidates"": [{""name"": ""Mary Garcia"", ""party"": ""R""}, {""name"": ""Jennifer Lopez"", ""party"": ""D""}]}",Synthetic state-leg row — replace via OpenStates / FTM pipeline,mock
KS-U-031,KS,upper,31,ocd-division/country:us/state:ks/sldu:31,KS SD-31,R,Robert Miller,R,2008,18.0,3.8,Lean R,False,False,defend,40,21,816660.0,734994.0,692201.0,622981.0,734994.0,694161.0,622981.0,588371.0,694161.0,653328.0,588371.0,553761.0,823407.0,"{""office"": ""KS Senate District 31"", ""source"": ""mock"", ""candidates"": [{""name"": ""Robert Miller"", ""party"": ""R""}, {""name"": ""Susan Garcia"", ""party"": ""D""}]}",Synthetic state-leg row — replace via OpenStates / FTM pipeline,mock
KS-U-032,KS,upper,32,ocd-division/country:us/state:ks/sldu:32,KS SD-32,R,Patricia Davis,R,2018,8.0,18.4,Likely R,True,False,safe,40,21,347870.0,313083.0,335126.0,301613.0,313083.0,295689.0,301613.0,284857.0,295689.0,278296.0,284857.0,268101.0,230267.0,"{""office"": ""KS Senate District 32"", ""source"": ""mock"", ""candidates"": [{""name"": ""Patricia Davis"", ""party"": ""R""}, {""name"": ""Jessica Thomas"", ""party"": ""D""}]}",Synthetic state-leg row — replace via OpenStates / FTM pipeline,mock
KS-U-033,KS,upper,33,ocd-division/country:us/state:ks/sldu:33,KS SD-33,R,John Rodriguez,R,2010,16.0,1.2,Toss-up,True,False,defend,40,21,1002607.0,902347.0,791825.0,712643.0,902347.0,852216.0,712643.0,673051.0,852216.0,802086.0,673051.0,633460.0,1045898.0,"{""office"": ""KS Senate District 33"", ""source"": ""mock"", ""candidates"": [{""name"": ""John Rodriguez"", ""party"": ""R""}, {""name"": ""Patricia Rodriguez"", ""party"": ""D""}]}",Synthetic state-leg row — replace via OpenStates / FTM pipeline,mock
KS-U-034,KS,upper,34,ocd-division/country:us/state:ks/sldu:34,KS SD-34,D,Jennifer Martinez,D,2017,9.0,-2.7,Lean D,True,False,attack,40,21,545062.0,490555.0,804492.0,724043.0,490555.0,463302.0,724043.0,683818.0,463302.0,436049.0,683818.0,643594.0,757678.0,"{""office"": ""KS Senate District 34"", ""source"": ""mock"", ""candidates"": [{""name"": ""Jennifer Martinez"", ""party"": ""D""}, {""name"": ""Jessica Wilson"", ""party"": ""R""}]}",Synthetic state-leg row — replace via OpenStates / FTM pipeline,mock
KS-U-035,KS,upper,35,ocd-division/country:us/state:ks/sldu:35,KS SD-35,R,Michael Hernandez,R,2008,18.0,8.1,Likely R,True,False,defend,40,21,943222.0,848900.0,652727.0,587454.0,848900.0,801739.0,587454.0,554818.0,801739.0,754578.0,554818.0,522182.0,772896.0,"{""office"": ""KS Senate District 35"", ""source"": ""mock"", ""candidates"": [{""name"": ""Michael Hernandez"", ""party"": ""R""}, {""name"": ""David Thomas"", ""party"": ""D""}]}",Synthetic state-leg row — replace via OpenStates / FTM pipeline,mock
KS-U-036,KS,upper,36,ocd-division/country:us/state:ks/sldu:36,KS SD-36,R,Linda Lopez,R,2024,2.0,20.0,Likely R,True,False,safe,40,21,312524.0,281272.0,237069.0,213362.0,281272.0,265646.0,213362.0,201509.0,265646.0,250020.0,201509.0,189655.0,172729.0,"{""office"": ""KS Senate District 36"", ""source"": ""mock"", ""candidates"": [{""name"": ""Linda Lopez"", ""party"": ""R""}]}",Synthetic state-leg row — replace via OpenStates / FTM pipeline,mock
KS-U-037,KS,upper,37,ocd-division/country:us/state:ks/sldu:37,KS SD-37,D,David Wilson,D,2009,17.0,-7.4,Likely D,True,False,attack,40,21,644116.0,579704.0,981528.0,883375.0,579704.0,547498.0,883375.0,834299.0,547498.0,515293.0,834299.0,785222.0,803532.0,"{""office"": ""KS Senate District 37"", ""source"": ""mock"", ""candidates"": [{""name"": ""David Wilson"", ""party"": ""D""}, {""name"": ""Linda Thomas"", ""party"": ""R""}]}",Synthetic state-leg row — replace via OpenStates / FTM pipeline,mock
KS-U-038,KS,upper,38,ocd-division/country:us/state:ks/sldu:38,KS SD-38,R,OPEN SEAT,,,0.0,8.7,Likely R,False,True,defend,40,21,873600.0,786240.0,685191.0,616672.0,786240.0,742560.0,616672.0,582413.0,742560.0,698880.0,582413.0,548153.0,741540.0,"{""office"": ""KS Senate District 38"", ""source"": ""mock"", ""candidates"": [{""name"": ""Richard Smith"", ""party"": ""D""}]}",Synthetic state-leg row — replace via OpenStates / FTM pipeline,mock
KS-U-039,KS,upper,39,ocd-division/country:us/state:ks/sldu:39,KS SD-39,R,Elizabeth Anderson,R,2018,8.0,10.4,Likely R,True,False,defend,40,21,710348.0,639313.0,495737.0,446163.0,639313.0,603796.0,446163.0,421376.0,603796.0,568278.0,421376.0,396590.0,544461.0,"{""office"": ""KS Senate District 39"", ""source"": ""mock"", ""candidates"": [{""name"": ""Elizabeth Anderson"", ""party"": ""R""}, {""name"": ""Michael Smith"", ""party"": ""D""}]}",Synthetic state-leg row — replace via OpenStates / FTM pipeline,mock
KS-U-040,KS,upper,40,ocd-division/country:us/state:ks/sldu:40,KS SD-40,R,William Thomas,R,2010,16.0,15.8,Likely R,True,False,safe,40,21,215512.0,193961.0,171623.0,154461.0,193961.0,183185.0,154461.0,145880.0,183185.0,172410.0,145880.0,137299.0,144899.0,"{""office"": ""KS Senate District 40"", ""source"": ""mock"", ""candidates"": [{""name"": ""William Thomas"", ""party"": ""R""}]}",Synthetic state-leg row — replace via OpenStates / FTM pipeline,mock
KY-U-001,KY,upper,1,ocd-division/country:us/state:ky/sldu:1,KY SD-1,R,Barbara Smith,R,2017,9.0,13.5,Likely R,True,False,defend,38,20,221194.0,199075.0,126755.0,114080.0,199075.0,188015.0,114080.0,107742.0,188015.0,176955.0,107742.0,101404.0,141665.0,"{""office"": ""KY Senate District 1"", ""source"": ""mock"", ""candidates"": [{""name"": ""Barbara Smith"", ""party"": ""R""}, {""name"": ""Robert Wilson"", ""party"": ""D""}]}",Synthetic state-leg row — replace via OpenStates / FTM pipeline,mock
KY-U-002,KY,upper,2,ocd-division/country:us/state:ky/sldu:2,KY SD-2,R,Richard Johnson,R,2023,3.0,5.7,Lean R,False,False,defend,38,20,703752.0,633377.0,673778.0,606400.0,633377.0,598189.0,606400.0,572711.0,598189.0,563002.0,572711.0,539022.0,714348.0,"{""office"": ""KY Senate District 2"", ""source"": ""mock"", ""candidates"": [{""name"": ""Richard Johnson"", ""party"": ""R""}, {""name"": ""James Johnson"", ""party"": ""D""}]}",Synthetic state-leg row — replace via OpenStates / FTM pipeline,mock
KY-U-003,KY,upper,3,ocd-division/country:us/state:ky/sldu:3,KY SD-3,R,Susan Williams,R,2009,17.0,8.9,Likely R,True,False,defend,38,20,889222.0,800300.0,782501.0,704250.0,800300.0,755839.0,704250.0,665125.0,755839.0,711378.0,665125.0,626000.0,790486.0,"{""office"": ""KY Senate District 3"", ""source"": ""mock"", ""candidates"": [{""name"": ""Susan Williams"", ""party"": ""R""}, {""name"": ""David Garcia"", ""party"": ""D""}]}",Synthetic state-leg row — replace via OpenStates / FTM pipeline,mock
KY-U-004,KY,upper,4,ocd-division/country:us/state:ky/sldu:4,KY SD-4,R,Joseph Brown,R,2014,12.0,10.6,Likely R,False,False,defend,38,20,233381.0,210043.0,230223.0,207201.0,210043.0,198374.0,207201.0,195689.0,198374.0,186705.0,195689.0,184178.0,207959.0,"{""office"": ""KY Senate District 4"", ""source"": ""mock"", ""candidates"": [{""name"": ""Joseph Brown"", ""party"": ""R""}, {""name"": ""Joseph Miller"", ""party"": ""D""}]}",Synthetic state-leg row — replace via OpenStates / FTM pipeline,mock
KY-U-005,KY,upper,5,ocd-division/country:us/state:ky/sldu:5,KY SD-5,R,Jessica Jones,R,2008,18.0,23.2,Likely R,True,False,safe,38,20,163599.0,147239.0,153980.0,138582.0,147239.0,139060.0,138582.0,130883.0,139060.0,130880.0,130883.0,123184.0,85293.0,"{""office"": ""KY Senate District 5"", ""source"": ""mock"", ""candidates"": [{""name"": ""Jessica Jones"", ""party"": ""R""}, {""name"": ""James Smith"", ""party"": ""D""}]}",Synthetic state-leg row — replace via OpenStates / FTM pipeline,mock
KY-U-006,KY,upper,6,ocd-division/country:us/state:ky/sldu:6,KY SD-6,R,James Garcia,R,2008,18.0,32.6,Likely R,True,False,safe,38,20,226501.0,203851.0,184663.0,166197.0,203851.0,192526.0,166197.0,156963.0,192526.0,181201.0,156963.0,147730.0,101969.0,"{""office"": ""KY Senate District 6"", ""source"": ""mock"", ""candidates"": [{""name"": ""James Garcia"", ""party"": ""R""}, {""name"": ""Michael Garcia"", ""party"": ""D""}]}",Synthetic state-leg row — replace via OpenStates / FTM pipeline,mock
KY-U-007,KY,upper,7,ocd-division/country:us/state:ky/sldu:7,KY SD-7,R,Mary Miller,R,2023,3.0,17.4,Likely R,True,False,safe,38,20,172405.0,155164.0,137365.0,123628.0,155164.0,146544.0,123628.0,116760.0,146544.0,137924.0,116760.0,109892.0,108862.0,"{""office"": ""KY Senate District 7"", ""source"": ""mock"", ""candidates"": [{""name"": ""Mary Miller"", ""party"": ""R""}]}",Synthetic state-leg row — replace via OpenStates / FTM pipeline,mock
KY-U-008,KY,upper,8,ocd-division/country:us/state:ky/sldu:8,KY SD-8,R,Robert Davis,R,2015,11.0,13.4,Likely R,True,False,defend,38,20,302864.0,272577.0,271078.0,243970.0,272577.0,257434.0,243970.0,230417.0,257434.0,242291.0,230417.0,216863.0,234496.0,"{""office"": ""KY Senate District 8"", ""source"": ""mock"", ""candidates"": [{""name"": ""Robert Davis"", ""party"": ""R""}, {""name"": ""William Rodriguez"", ""party"": ""D""}]}",Synthetic state-leg row — replace via OpenStates / FTM pipeline,mock
KY-U-009,KY,upper,9,ocd-division/country:us/state:ky/sldu:9,KY SD-9,D,Patricia Rodriguez,D,2012,14.0,-16.5,Likely D,True,False,safe,38,20,233456.0,210111.0,392512.0,353260.0,210111.0,198438.0,353260.0,333635.0,198438.0,186765.0,333635.0,314009.0,228031.0,"{""office"": ""KY Senate District 9"", ""source"": ""mock"", ""candidates"": [{""name"": ""Patricia Rodriguez"", ""party"": ""D""}]}",Synthetic state-leg row — replace via OpenStates / FTM pipeline,mock
KY-U-010,KY,upper,10,ocd-division/country:us/state:ky/sldu:10,KY SD-10,R,John Martinez,R,2023,3.0,5.7,Lean R,True,False,defend,38,20,709652.0,638687.0,544345.0,489911.0,638687.0,603205.0,489911.0,462693.0,603205.0,567722.0,462693.0,435476.0,650287.0,"{""office"": ""KY Senate District 10"", ""source"": ""mock"", ""candidates"": [{""name"": ""John Martinez"", ""party"": ""R""}, {""name"": ""Linda Brown"", ""party"": ""D""}]}",Synthetic state-leg row — replace via OpenStates / FTM pipeline,mock
KY-U-011,KY,upper,11,ocd-division/country:us/state:ky/sldu:11,KY SD-11,R,Jennifer Hernandez,R,2012,14.0,16.9,Likely R,True,False,safe,38,20,535732.0,482159.0,405924.0,365332.0,482159.0,455373.0,365332.0,345035.0,455373.0,428586.0,345035.0,324739.0,337651.0,"{""office"": ""KY Senate District 11"", ""source"": ""mock"", ""candidates"": [{""name"": ""Jennifer Hernandez"", ""party"": ""R""}]}",Synthetic state-leg row — replace via OpenStates / FTM pipeline,mock
KY-U-012,KY,upper,12,ocd-division/country:us/state:ky/sldu:12,KY SD-12,R,Michael Lopez,R,2008,18.0,13.1,Likely R,True,False,defend,38,20,416073.0,374466.0,466983.0,420285.0,374466.0,353662.0,420285.0,396936.0,353662.0,332859.0,396936.0,373587.0,364576.0,"{""office"": ""KY Senate District 12"", ""source"": ""mock"", ""candidates"": [{""name"": ""Michael Lopez"", ""party"": ""R""}, {""name"": ""Robert Rodriguez"", ""party"": ""D""}]}",Synthetic state-leg row — replace via OpenStates / FTM pipeline,mock
KY-U-013,KY,upper,13,ocd-division/country:us/state:ky/sldu:13,KY SD-13,R,Linda Wilson,R,2009,17.0,22.6,Likely R,True,False,safe,38,20,225876.0,203289.0,238202.0,214382.0,203289.0,191995.0,214382.0,202472.0,191995.0,180701.0,202472.0,190562.0,128616.0,"{""office"": ""KY Senate District 13"", ""source"": ""mock"", ""candidates"": [{""name"": ""Linda Wilson"", ""party"": ""R""}]}",Synthetic state-leg row — replace via OpenStates / FTM pipeline,mock
KY-U-014,KY,upper,14,ocd-division/country:us/state:ky/sldu:14,KY SD-14,D,David Anderson,D,2014,12.0,-0.3,Toss-up,True,False,attack,38,20,473569.0,426213.0,446200.0,401580.0,426213.0,402534.0,401580.0,379270.0,402534.0,378856.0,379270.0,356960.0,547920.0,"{""office"": ""KY Senate District 14"", ""source"": ""mock"", ""candidates"": [{""name"": ""David Anderson"", ""party"": ""D""}, {""name"": ""Richard Davis"", ""party"": ""R""}]}",Synthetic state-leg row — replace via OpenStates / FTM pipeline,mock
KY-U-015,KY,upper,15,ocd-division/country:us/state:ky/sldu:15,KY SD-15,R,Elizabeth Thomas,R,2014,12.0,6.3,Lean R,True,False,defend,38,20,315692.0,284123.0,237447.0,213702.0,284123.0,268338.0,213702.0,201830.0,268338.0,252554.0,201830.0,189958.0,282101.0,"{""office"": ""KY Senate District 15"", ""source"": ""mock"", ""candidates"": [{""name"": ""Elizabeth Thomas"", ""party"": ""R""}, {""name"": ""Barbara Hernandez"", ""party"": ""D""}]}",Synthetic state-leg row — replace via OpenStates / FTM pipeline,mock
KY-U-016,KY,upper,16,ocd-division/country:us/state:ky/sldu:16,KY SD-16,R,William Smith,R,2021,5.0,5.6,Lean R,True,False,defend,38,20,655418.0,589876.0,608769.0,547892.0,589876.0,557105.0,547892.0,517454.0,557105.0,524334.0,517454.0,487015.0,657377.0,"{""office"": ""KY Senate District 16"", ""source"": ""mock"", ""candidates"": [{""name"": ""William Smith"", ""party"": ""R""}, {""name"": ""Richard Garcia"", ""party"": ""D""}]}",Synthetic state-leg row — replace via OpenStates / FTM pipeline,mock
KY-U-017,KY,upper,17,ocd-division/country:us/state:ky/sldu:17,KY SD-17,R,Barbara Johnson,R,2019,7.0,17.4,Likely R,True,False,safe,38,20,359784.0,323805.0,315282.0,283754.0,323805.0,305816.0,283754.0,267990.0,305816.0,287827.0,267990.0,252226.0,237238.0,"{""office"": ""KY Senate District 17"", ""source"": ""mock"", ""candidates"": [{""name"": ""Barbara Johnson"", ""party"": ""R""}]}",Synthetic state-leg row — replace via OpenStates / FTM pipeline,mock
KY-U-018,KY,upper,18,ocd-division/country:us/state:ky/sldu:18,KY SD-18,R,Richard Williams,R,2018,8.0,1.8,Toss-up,True,False,defend,38,20,584099.0,525689.0,591398.0,532258.0,525689.0,496484.0,532258.0,502688.0,496484.0,467280.0,502688.0,473118.0,675071.0,"{""office"": ""KY Senate District 18"", ""source"": ""mock"", ""candidates"": [{""name"": ""Richard Williams"", ""party"": ""R""}, {""name"": ""Jennifer Hernandez"", ""party"": ""D""}]}",Synthetic state-leg row — replace via OpenStates / FTM pipeline,mock
KY-U-019,KY,upper,19,ocd-division/country:us/state:ky/sldu:19,KY SD-19,R,Susan Brown,R,2015,11.0,22.3,Likely R,True,False,safe,38,20,214560.0,193104.0,172361.0,155125.0,193104.0,182376.0,155125.0,146507.0,182376.0,171648.0,146507.0,137889.0,108891.0,"{""office"": ""KY Senate District 19"", ""source"": ""mock"", ""candidates"": [{""name"": ""Susan Brown"", ""party"": ""R""}]}",Synthetic state-leg row — replace via OpenStates / FTM pipeline,mock
KY-U-020,KY,upper,20,ocd-division/country:us/state:ky/sldu:20,KY SD-20,R,Joseph Jones,R,2015,11.0,5.3,Lean R,True,False,defend,38,20,662862.0,596576.0,553165.0,497849.0,596576.0,563432.0,497849.0,470190.0,563432.0,530289.0,470190.0,442532.0,637545.0,"{""office"": ""KY Senate District 20"", ""source"": ""mock"", ""candidates"": [{""name"": ""Joseph Jones"", ""party"": ""R""}, {""name"": ""Richard Miller"", ""party"": ""D""}]}",Synthetic state-leg row — replace via OpenStates / FTM pipeline,mock
KY-U-021,KY,upper,21,ocd-division/country:us/state:ky/sldu:21,KY SD-21,R,Jessica Garcia,R,2009,17.0,19.0,Likely R,True,False,safe,38,20,576818.0,519136.0,398235.0,358411.0,519136.0,490295.0,358411.0,338500.0,490295.0,461454.0,338500.0,318588.0,320374.0,"{""office"": ""KY Senate District 21"", ""source"": ""mock"", ""candidates"": [{""name"": ""Jessica Garcia"", ""party"": ""R""}]}",Synthetic state-leg row — replace via OpenStates / FTM pipeline,mock
KY-U-022,KY,upper,22,ocd-division/country:us/state:ky/sldu:22,KY SD-22,R,James Miller,R,2010,16.0,12.9,Likely R,True,False,defend,38,20,561358.0,505222.0,580418.0,522377.0,505222.0,477154.0,522377.0,493356.0,477154.0,449086.0,493356.0,464335.0,474653.0,"{""office"": ""KY Senate District 22"", ""source"": ""mock"", ""candidates"": [{""name"": ""James Miller"", ""party"": ""R""}, {""name"": ""Joseph Garcia"", ""party"": ""D""}]}",Synthetic state-leg row — replace via OpenStates / FTM pipeline,mock
KY-U-023,KY,upper,23,ocd-division/country:us/state:ky/sldu:23,KY SD-23,R,Mary Davis,R,2017,9.0,20.0,Likely R,True,False,safe,38,20,321785.0,289607.0,369261.0,332335.0,289607.0,273517.0,332335.0,313872.0,273517.0,257428.0,313872.0,295409.0,217186.0,"{""office"": ""KY Senate District 23"", ""source"": ""mock"", ""candidates"": [{""name"": ""Mary Davis"", ""party"": ""R""}]}",Synthetic state-leg row — replace via OpenStates / FTM pipeline,mock
KY-U-024,KY,upper,24,ocd-division/country:us/state:ky/sldu:24,KY SD-24,R,Robert Rodriguez,R,2013,13.0,10.5,Likely R,True,False,defend,38,20,739685.0,665717.0,587010.0,528309.0,665717.0,628732.0,528309.0,498958.0,628732.0,591748.0,498958.0,469608.0,597013.0,"{""office"": ""KY Senate District 24"", ""source"": ""mock"", ""candidates"": [{""name"": ""Robert Rodriguez"", ""party"": ""R""}, {""name"": ""Jennifer Wilson"", ""party"": ""D""}]}",Synthetic state-leg row — replace via OpenStates / FTM pipeline,mock
KY-U-025,KY,upper,25,ocd-division/country:us/state:ky/sldu:25,KY SD-25,R,Patricia Martinez,R,2017,9.0,37.1,Likely R,True,False,safe,38,20,162636.0,146373.0,136292.0,122662.0,146373.0,138241.0,122662.0,115848.0,138241.0,130109.0,115848.0,109033.0,74134.0,"{""office"": ""KY Senate District 25"", ""source"": ""mock"", ""candidates"": [{""name"": ""Patricia Martinez"", ""party"": ""R""}]}",Synthetic state-leg row — replace via OpenStates / FTM pipeline,mock
KY-U-026,KY,upper,26,ocd-division/country:us/state:ky/sldu:26,KY SD-26,R,John Hernandez,R,2010,16.0,8.0,Likely R,True,False,defend,38,20,291819.0,262638.0,260959.0,234863.0,262638.0,248047.0,234863.0,221815.0,248047.0,233456.0,221815.0,208767.0,268492.0,"{""office"": ""KY Senate District 26"", ""source"": ""mock"", ""candidates"": [{""name"": ""John Hernandez"", ""party"": ""R""}, {""name"": ""David Lopez"", ""party"": ""D""}]}",Synthetic state-leg row — replace via OpenStates / FTM pipeline,mock
KY-U-027,KY,upper,27,ocd-division/country:us/state:ky/sldu:27,KY SD-27,R,Jennifer Lopez,R,2013,13.0,10.8,Likely R,True,False,defend,38,20,496149.0,446534.0,389198.0,350278.0,446534.0,421727.0,350278.0,330818.0,421727.0,396919.0,330818.0,311358.0,394612.0,"{""office"": ""KY Senate District 27"", ""source"": ""mock"", ""candidates"": [{""name"": ""Jennifer Lopez"", ""party"": ""R""}, {""name"": ""John Garcia"", ""party"": ""D""}]}",Synthetic state-leg row — replace via OpenStates / FTM pipeline,mock
KY-U-028,KY,upper,28,ocd-division/country:us/state:ky/sldu:28,KY SD-28,R,Michael Wilson,R,2017,9.0,2.7,Lean R,True,False,defend,38,20,660255.0,594230.0,643169.0,578852.0,594230.0,561217.0,578852.0,546693.0,561217.0,528204.0,546693.0,514535.0,731779.0,"{""office"": ""KY Senate District 28"", ""source"": ""mock"", ""candidates"": [{""name"": ""Michael Wilson"", ""party"": ""R""}, {""name"": ""Susan Johnson"", ""party"": ""D""}]}",Synthetic state-leg row — replace via OpenStates / FTM pipeline,mock
KY-U-029,KY,upper,29,ocd-division/country:us/state:ky/sldu:29,KY SD-29,D,Linda Anderson,D,2010,16.0,-1.1,Toss-up,True,False,attack,38,20,402367.0,362130.0,670691.0,603622.0,362130.0,342012.0,603622.0,570087.0,342012.0,321893.0,570087.0,536553.0,626972.0,"{""office"": ""KY Senate District 29"", ""source"": ""mock"", ""candidates"": [{""name"": ""Linda Anderson"", ""party"": ""D""}, {""name"": ""Richard Johnson"", ""party"": ""R""}]}",Synthetic state-leg row — replace via OpenStates / FTM pipeline,mock
KY-U-030,KY,upper,30,ocd-division/country:us/state:ky/sldu:30,KY SD-30,R,David Thomas,R,2008,18.0,14.7,Likely R,True,False,safe,38,20,145636.0,131073.0,161842.0,145658.0,131073.0,123791.0,145658.0,137566.0,123791.0,116509.0,137566.0,129474.0,119917.0,"{""office"": ""KY Senate District 30"", ""source"": ""mock"", ""candidates"": [{""name"": ""David Thomas"", ""party"": ""R""}]}",Synthetic state-leg row — replace via OpenStates / FTM pipeline,mock
KY-U-031,KY,upper,31,ocd-division/country:us/state:ky/sldu:31,KY SD-31,R,Elizabeth Smith,R,2008,18.0,9.2,Likely R,True,False,defend,38,20,1055450.0,949905.0,639728.0,575755.0,949905.0,897132.0,575755.0,543769.0,897132.0,844360.0,543769.0,511782.0,794312.0,"{""office"": ""KY Senate District 31"", ""source"": ""mock"", ""candidates"": [{""name"": ""Elizabeth Smith"", ""party"": ""R""}, {""name"": ""Joseph Garcia"", ""party"": ""D""}]}",Synthetic state-leg row — replace via OpenStates / FTM pipeline,mock
KY-U-032,KY,upper,32,ocd-division/country:us/state:ky/sldu:32,KY SD-32,R,William Johnson,R,2016,10.0,22.6,Likely R,True,False,safe,38,20,306208.0,275587.0,206008.0,185407.0,275587.0,260277.0,185407.0,175107.0,260277.0,244966.0,175107.0,164806.0,141957.0,"{""office"": ""KY Senate District 32"", ""source"": ""mock"", ""candidates"": [{""name"": ""William Johnson"", ""party"": ""R""}]}",Synthetic state-leg row — replace via OpenStates / FTM pipeline,mock
KY-U-033,KY,upper,33,ocd-division/country:us/state:ky/sldu:33,KY SD-33,R,Barbara Williams,R,2009,17.0,11.0,Likely R,True,False,defend,38,20,853458.0,768112.0,443883.0,399494.0,768112.0,725439.0,399494.0,377300.0,725439.0,682766.0,377300.0,355106.0,574536.0,"{""office"": ""KY Senate District 33"", ""source"": ""mock"", ""candidates"": [{""name"": ""Barbara Williams"", ""party"": ""R""}, {""name"": ""Barbara Johnson"", ""party"": ""D""}]}",Synthetic state-leg row — replace via OpenStates / FTM pipeline,mock
KY-U-034,KY,upper,34,ocd-division/country:us/state:ky/sldu:34,KY SD-34,R,Richard Brown,R,2017,9.0,8.0,Likely R,True,False,defend,38,20,945041.0,850537.0,578519.0,520667.0,850537.0,803285.0,520667.0,491741.0,803285.0,756033.0,491741.0,462816.0,740015.0,"{""office"": ""KY Senate District 34"", ""source"": ""mock"", ""candidates"": [{""name"": ""Richard Brown"", ""party"": ""R""}, {""name"": ""Joseph Rodriguez"", ""party"": ""D""}]}",Synthetic state-leg row — replace via OpenStates / FTM pipeline,mock
KY-U-035,KY,upper,35,ocd-division/country:us/state:ky/sldu:35,KY SD-35,R,Susan Jones,R,2013,13.0,10.5,Likely R,True,False,defend,38,20,750443.0,675399.0,514207.0,462787.0,675399.0,637877.0,462787.0,437076.0,637877.0,600355.0,437076.0,411366.0,569093.0,"{""office"": ""KY Senate District 35"", ""source"": ""mock"", ""candidates"": [{""name"": ""Susan Jones"", ""party"": ""R""}, {""name"": ""Robert Davis"", ""party"": ""D""}]}",Synthetic state-leg row — replace via OpenStates / FTM pipeline,mock
KY-U-036,KY,upper,36,ocd-division/country:us/state:ky/sldu:36,KY SD-36,R,OPEN SEAT,,,0.0,13.6,Likely R,False,True,defend,38,20,632603.0,569343.0,545115.0,490604.0,569343.0,537713.0,490604.0,463348.0,537713.0,506083.0,463348.0,436092.0,477817.0,"{""office"": ""KY Senate District 36"", ""source"": ""mock"", ""candidates"": [{""name"": ""Elizabeth Anderson"", ""party"": ""D""}]}",Synthetic state-leg row — replace via OpenStates / FTM pipeline,mock
KY-U-037,KY,upper,37,ocd-division/country:us/state:ky/sldu:37,KY SD-37,R,Joseph Garcia,R,2012,14.0,17.4,Likely R,True,False,safe,38,20,185719.0,167147.0,151034.0,135930.0,167147.0,157861.0,135930.0,128378.0,157861.0,148575.0,128378.0,120827.0,118345.0,"{""office"": ""KY Senate District 37"", ""source"": ""mock"", ""candidates"": [{""name"": ""Joseph Garcia"", ""party"": ""R""}]}",Synthetic state-leg row — replace via OpenStates / FTM pipeline,mock
KY-U-038,KY,upper,38,ocd-division/country:us/state:ky/sldu:38,KY SD-38,R,Jessica Miller,R,2012,14.0,8.9,Likely R,True,False,defend,38,20,782972.0,704674.0,645319.0,580787.0,704674.0,665526.0,580787.0,548521.0,665526.0,626377.0,548521.0,516255.0,675377.0,"{""office"": ""KY Senate District 38"", ""source"": ""mock"", ""candidates"": [{""name"": ""Jessica Miller"", ""party"": ""R""}, {""name"": ""Joseph Williams"", ""party"": ""D""}]}",Synthetic state-leg row — replace via OpenStates / FTM pipeline,mock
LA-U-001,LA,upper,1,ocd-division/country:us/state:la/sldu:1,LA SD-1,R,James Davis,R,2012,14.0,6.5,Lean R,False,False,defend,39,20,388808.0,349927.0,265857.0,239271.0,349927.0,330487.0,239271.0,225978.0,330487.0,311046.0,225978.0,212685.0,332008.0,"{""office"": ""LA Senate District 1"", ""source"": ""mock"", ""candidates"": [{""name"": ""James Davis"", ""party"": ""R""}, {""name"": ""William Brown"", ""party"": ""D""}]}",Synthetic state-leg row — replace via OpenStates / FTM pipeline,mock
LA-U-002,LA,upper,2,ocd-division/country:us/state:la/sldu:2,LA SD-2,D,Mary Rodriguez,D,2014,12.0,0.2,Toss-up,True,False,attack,39,20,219022.0,197120.0,359196.0,323276.0,197120.0,186169.0,323276.0,305316.0,186169.0,175217.0,305316.0,287357.0,345278.0,"{""office"": ""LA Senate District 2"", ""source"": ""mock"", ""candidates"": [{""name"": ""Mary Rodriguez"", ""party"": ""D""}, {""name"": ""Jessica Williams"", ""party"": ""R""}]}",Synthetic state-leg row — replace via OpenStates / FTM pipeline,mock
LA-U-003,LA,upper,3,ocd-division/country:us/state:la/sldu:3,LA SD-3,R,Robert Martinez,R,2012,14.0,0.2,Toss-up,True,False,defend,39,20,759420.0,683478.0,589823.0,530840.0,683478.0,645507.0,530840.0,501349.0,645507.0,607536.0,501349.0,471858.0,805691.0,"{""office"": ""LA Senate District 3"", ""source"": ""mock"", ""candidates"": [{""name"": ""Robert Martinez"", ""party"": ""R""}, {""name"": ""Patricia Thomas"", ""party"": ""D""}]}",Synthetic state-leg row — replace via OpenStates / FTM pipeline,mock
LA-U-004,LA,upper,4,ocd-division/country:us/state:la/sldu:4,LA SD-4,R,Patricia Hernandez,R,2012,14.0,6.5,Lean R,True,False,defend,39,20,232614.0,209352.0,218675.0,196808.0,209352.0,197721.0,196808.0,185874.0,197721.0,186091.0,185874.0,174940.0,228868.0,"{""office"": ""LA Senate District 4"", ""source"": ""mock"", ""candidates"": [{""name"": ""Patricia Hernandez"", ""party"": ""R""}, {""name"": ""Linda Miller"", ""party"": ""D""}]}",Synthetic state-leg row — replace via OpenStates / FTM pipeline,mock
LA-U-005,LA,upper,5,ocd-division/country:us/state:la/sldu:5,LA SD-5,R,John Lopez,R,2010,16.0,5.9,Lean R,True,False,defend,39,20,812637.0,731374.0,502719.0,452447.0,731374.0,690742.0,452447.0,427311.0,690742.0,650110.0,427311.0,402175.0,678348.0,"{""office"": ""LA Senate District 5"", ""source"": ""mock"", ""candidates"": [{""name"": ""John Lopez"", ""party"": ""R""}, {""name"": ""Richard Hernandez"", ""party"": ""D""}]}",Synthetic state-leg row — replace via OpenStates / FTM pipeline,mock
LA-U-006,LA,upper,6,ocd-division/country:us/state:la/sldu:6,LA SD-6,D,Jennifer Wilson,D,2023,3.0,-20.1,Likely D,True,False,safe,39,20,151556.0,136400.0,301477.0,271329.0,136400.0,128823.0,271329.0,256255.0,128823.0,121245.0,256255.0,241181.0,141735.0,"{""office"": ""LA Senate District 6"", ""source"": ""mock"", ""candidates"": [{""name"": ""Jennifer Wilson"", ""party"": ""D""}]}",Synthetic state-leg row — replace via OpenStates / FTM pipeline,mock
LA-U-007,LA,upper,7,ocd-division/country:us/state:la/sldu:7,LA SD-7,R,Michael Anderson,R,2008,18.0,18.1,Likely R,True,False,safe,39,20,433751.0,390376.0,463644.0,417280.0,390376.0,368688.0,417280.0,394098.0,368688.0,347001.0,394098.0,370915.0,306396.0,"{""office"": ""LA Senate District 7"", ""source"": ""mock"", ""candidates"": [{""name"": ""Michael Anderson"", ""party"": ""R""}, {""name"": ""Elizabeth Lopez"", ""party"": ""D""}]}",Synthetic state-leg row — replace via OpenStates / FTM pipeline,mock
LA-U-008,LA,upper,8,ocd-division/country:us/state:la/sldu:8,LA SD-8,D,Linda Thomas,D,2021,5.0,-3.9,Lean D,True,False,attack,39,20,600070.0,540063.0,751738.0,676564.0,540063.0,510059.0,676564.0,638977.0,510059.0,480056.0,638977.0,601390.0,735770.0,"{""office"": ""LA Senate District 8"", ""source"": ""mock"", ""candidates"": [{""name"": ""Linda Thomas"", ""party"": ""D""}, {""name"": ""Michael Lopez"", ""party"": ""R""}]}",Synthetic state-leg row — replace via OpenStates / FTM pipeline,mock
LA-U-009,LA,upper,9,ocd-division/country:us/state:la/sldu:9,LA SD-9,R,David Smith,R,2013,13.0,15.1,Likely R,True,False,safe,39,20,489859.0,440873.0,442166.0,397950.0,440873.0,416380.0,397950.0,375841.0,416380.0,391887.0,375841.0,353733.0,358164.0,"{""office"": ""LA Senate District 9"", ""source"": ""mock"", ""candidates"": [{""name"": ""David Smith"", ""party"": ""R""}]}",Synthetic state-leg row — replace via OpenStates / FTM pipeline,mock
LA-U-010,LA,upper,10,ocd-division/country:us/state:la/sldu:10,LA SD-10,R,Elizabeth Johnson,R,2016,10.0,14.0,Likely R,True,False,safe,39,20,242686.0,218417.0,171034.0,153931.0,218417.0,206283.0,153931.0,145379.0,206283.0,194149.0,145379.0,136827.0,165488.0,"{""office"": ""LA Senate District 10"", ""source"": ""mock"", ""candidates"": [{""name"": ""Elizabeth Johnson"", ""party"": ""R""}, {""name"": ""Patricia Garcia"", ""party"": ""D""}]}",Synthetic state-leg row — replace via OpenStates / FTM pipeline,mock
LA-U-011,LA,upper,11,ocd-division/country:us/state:la/sldu:11,LA SD-11,R,William Williams,R,2016,10.0,16.9,Likely R,True,False,safe,39,20,483813.0,435432.0,260732.0,234659.0,435432.0,411241.0,234659.0,221622.0,411241.0,387050.0,221622.0,208585.0,266973.0,"{""office"": ""LA Senate District 11"", ""source"": ""mock"", ""candidates"": [{""name"": ""William Williams"", ""party"": ""R""}, {""name"": ""Jennifer Garcia"", ""party"": ""D""}]}",Synthetic state-leg row — replace via OpenStates / FTM pipeline,mock
LA-U-012,LA,upper,12,ocd-division/country:us/state:la/sldu:12,LA SD-12,R,Barbara Brown,R,2014,12.0,1.8,Toss-up,True,False,defend,39,20,371084.0,333976.0,274923.0,247431.0,333976.0,315422.0,247431.0,233685.0,315422.0,296867.0,233685.0,219939.0,370993.0,"{""office"": ""LA Senate District 12"", ""source"": ""mock"", ""candidates"": [{""name"": ""Barbara Brown"", ""party"": ""R""}, {""name"": ""Mary Martinez"", ""party"": ""D""}]}",Synthetic state-leg row — replace via OpenStates / FTM pipeline,mock
LA-U-013,LA,upper,13,ocd-division/country:us/state:la/sldu:13,LA SD-13,R,OPEN SEAT,,,0.0,16.1,Likely R,False,True,safe,39,20,147273.0,132546.0,126748.0,114073.0,132546.0,125182.0,114073.0,107736.0,125182.0,117818.0,107736.0,101399.0,101388.0,"{""office"": ""LA Senate District 13"", ""source"": ""mock"", ""candidates"": []}",Synthetic state-leg row — replace via OpenStates / FTM pipeline,mock
LA-U-014,LA,upper,14,ocd-division/country:us/state:la/sldu:14,LA SD-14,R,Richard Jones,R,2008,18.0,14.9,Likely R,False,False,safe,39,20,501701.0,451531.0,335888.0,302299.0,451531.0,426446.0,302299.0,285505.0,426446.0,401361.0,285505.0,268711.0,324267.0,"{""office"": ""LA Senate District 14"", ""source"": ""mock"", ""candidates"": [{""name"": ""Richard Jones"", ""party"": ""R""}]}",Synthetic state-leg row — replace via OpenStates / FTM pipeline,mock
LA-U-015,LA,upper,15,ocd-division/country:us/state:la/sldu:15,LA SD-15,R,Susan Garcia,R,2022,4.0,23.1,Likely R,True,False,safe,39,20,206895.0,186205.0,220016.0,198015.0,186205.0,175860.0,198015.0,187014.0,175860.0,165516.0,187014.0,176013.0,115266.0,"{""office"": ""LA Senate District 15"", ""source"": ""mock"", ""candidates"": [{""name"": ""Susan Garcia"", ""party"": ""R""}]}",Synthetic state-leg row — replace via OpenStates / FTM pipeline,mock
LA-U-016,LA,upper,16,ocd-division/country:us/state:la/sldu:16,LA SD-16,D,Joseph Miller,D,2024,2.0,-7.5,Likely D,True,False,attack,39,20,207052.0,186347.0,249975.0,224978.0,186347.0,175995.0,224978.0,212479.0,175995.0,165642.0,212479.0,199980.0,225249.0,"{""office"": ""LA Senate District 16"", ""source"": ""mock"", ""candidates"": [{""name"": ""Joseph Miller"", ""party"": ""D""}, {""name"": ""David Thomas"", ""party"": ""R""}]}",Synthetic state-leg row — replace via OpenStates / FTM pipeline,mock
LA-U-017,LA,upper,17,ocd-division/country:us/state:la/sldu:17,LA SD-17,R,Jessica Davis,R,2011,15.0,12.4,Likely R,False,False,defend,39,20,288681.0,259813.0,237263.0,213537.0,259813.0,245379.0,213537.0,201673.0,245379.0,230945.0,201673.0,189810.0,222399.0,"{""office"": ""LA Senate District 17"", ""source"": ""mock"", ""candidates"": [{""name"": ""Jessica Davis"", ""party"": ""R""}, {""name"": ""Jennifer Martinez"", ""party"": ""D""}]}",Synthetic state-leg row — replace via OpenStates / FTM pipeline,mock
LA-U-018,LA,upper,18,ocd-division/country:us/state:la/sldu:18,LA SD-18,R,James Rodriguez,R,2009,17.0,4.6,Lean R,True,False,defend,39,20,356853.0,321168.0,292696.0,263427.0,321168.0,303325.0,263427.0,248792.0,303325.0,285483.0,248792.0,234157.0,347045.0,"{""office"": ""LA Senate District 18"", ""source"": ""mock"", ""candidates"": [{""name"": ""James Rodriguez"", ""party"": ""R""}, {""name"": ""David Anderson"", ""party"": ""D""}]}",Synthetic state-leg row — replace via OpenStates / FTM pipeline,mock
LA-U-019,LA,upper,19,ocd-division/country:us/state:la/sldu:19,LA SD-19,R,Mary Martinez,R,2011,15.0,2.4,Lean R,True,False,defend,39,20,393392.0,354053.0,451573.0,406416.0,354053.0,334383.0,406416.0,383837.0,334383.0,314713.0,383837.0,361259.0,478009.0,"{""office"": ""LA Senate District 19"", ""source"": ""mock"", ""candidates"": [{""name"": ""Mary Martinez"", ""party"": ""R""}, {""name"": ""Joseph Johnson"", ""party"": ""D""}]}",Synthetic state-leg row — replace via OpenStates / FTM pipeline,mock
LA-U-020,LA,upper,20,ocd-division/country:us/state:la/sldu:20,LA SD-20,R,OPEN SEAT,,,0.0,-4.8,Lean D,False,True,defend,39,20,447517.0,402765.0,454107.0,408696.0,402765.0,380390.0,408696.0,385991.0,380390.0,358014.0,385991.0,363285.0,479149.0,"{""office"": ""LA Senate District 20"", ""source"": ""mock"", ""candidates"": [{""name"": ""Susan Johnson"", ""party"": ""D""}]}",Synthetic state-leg row — replace via OpenStates / FTM pipeline,mock
LA-U-021,LA,upper,21,ocd-division/country:us/state:la/sldu:21,LA SD-21,R,OPEN SEAT,,,0.0,14.7,Likely R,False,True,safe,39,20,218702.0,196832.0,128099.0,115289.0,196832.0,185897.0,115289.0,108884.0,185897.0,174962.0,108884.0,102480.0,135253.0,"{""office"": ""LA Senate District 21"", ""source"": ""mock"", ""candidates"": []}",Synthetic state-leg row — replace via OpenStates / FTM pipeline,mock
LA-U-022,LA,upper,22,ocd-division/country:us/state:la/sldu:22,LA SD-22,R,OPEN SEAT,,,0.0,15.0,Likely R,False,True,safe,39,20,426097.0,383487.0,298350.0,268515.0,383487.0,362182.0,268515.0,253597.0,362182.0,340877.0,253597.0,238680.0,279429.0,"{""office"": ""LA Senate District 22"", ""source"": ""mock"", ""candidates"": []}",Synthetic state-leg row — replace via OpenStates / FTM pipeline,mock
LA-U-023,LA,upper,23,ocd-division/country:us/state:la/sldu:23,LA SD-23,R,Robert Hernandez,R,2012,14.0,12.4,Likely R,True,False,defend,39,20,671084.0,603976.0,576935.0,519241.0,603976.0,570421.0,519241.0,490395.0,570421.0,536867.0,490395.0,461548.0,527734.0,"{""office"": ""LA Senate District 23"", ""source"": ""mock"", ""candidates"": [{""name"": ""Robert Hernandez"", ""party"": ""R""}, {""name"": ""William Wilson"", ""party"": ""D""}]}",Synthetic state-leg row — replace via OpenStates / FTM pipeline,mock
LA-U-024,LA,upper,24,ocd-division/country:us/state:la/sldu:24,LA SD-24,R,Patricia Lopez,R,2024,2.0,9.6,Likely R,True,False,defend,39,20,313548.0,282194.0,258016.0,232214.0,282194.0,266516.0,232214.0,219314.0,266516.0,250839.0,219314.0,206413.0,264553.0,"{""office"": ""LA Senate District 24"", ""source"": ""mock"", ""candidates"": [{""name"": ""Patricia Lopez"", ""party"": ""R""}, {""name"": ""William Thomas"", ""party"": ""D""}]}",Synthetic state-leg row — replace via OpenStates / FTM pipeline,mock
LA-U-025,LA,upper,25,ocd-division/country:us/state:la/sldu:25,LA SD-25,D,John Wilson,D,2018,8.0,-8.8,Likely D,True,False,attack,39,20,281394.0,253254.0,475758.0,428182.0,253254.0,239185.0,428182.0,404394.0,239185.0,225115.0,404394.0,380607.0,359106.0,"{""office"": ""LA Senate District 25"", ""source"": ""mock"", ""candidates"": [{""name"": ""John Wilson"", ""party"": ""D""}, {""name"": ""Jessica Thomas"", ""party"": ""R""}]}",Synthetic state-leg row — replace via OpenStates / FTM pipeline,mock
LA-U-026,LA,upper,26,ocd-division/country:us/state:la/sldu:26,LA SD-26,R,Jennifer Anderson,R,2017,9.0,9.3,Likely R,True,False,defend,39,20,313736.0,282363.0,231013.0,207912.0,282363.0,266676.0,207912.0,196361.0,266676.0,250989.0,196361.0,184810.0,254476.0,"{""office"": ""LA Senate District 26"", ""source"": ""mock"", ""candidates"": [{""name"": ""Jennifer Anderson"", ""party"": ""R""}, {""name"": ""Susan Davis"", ""party"": ""D""}]}",Synthetic state-leg row — replace via OpenStates / FTM pipeline,mock
LA-U-027,LA,upper,27,ocd-division/country:us/state:la/sldu:27,LA SD-27,R,Michael Thomas,R,2024,2.0,6.5,Lean R,True,False,defend,39,20,380494.0,342445.0,357866.0,322079.0,342445.0,323420.0,322079.0,304186.0,323420.0,304395.0,304186.0,286293.0,374454.0,"{""office"": ""LA Senate District 27"", ""source"": ""mock"", ""candidates"": [{""name"": ""Michael Thomas"", ""party"": ""R""}, {""name"": ""Elizabeth Williams"", ""party"": ""D""}]}",Synthetic state-leg row — replace via OpenStates / FTM pipeline,mock
LA-U-028,LA,upper,28,ocd-division/country:us/state:la/sldu:28,LA SD-28,D,Linda Smith,D,2011,15.0,-14.4,Likely D,True,False,safe,39,20,460437.0,414393.0,616305.0,554674.0,414393.0,391371.0,554674.0,523859.0,391371.0,368349.0,523859.0,493044.0,424544.0,"{""office"": ""LA Senate District 28"", ""source"": ""mock"", ""candidates"": [{""name"": ""Linda Smith"", ""party"": ""D""}]}",Synthetic state-leg row — replace via OpenStates / FTM pipeline,mock
LA-U-029,LA,upper,29,ocd-division/country:us/state:la/sldu:29,LA SD-29,R,David Johnson,R,2016,10.0,7.5,Likely R,True,False,defend,39,20,794773.0,715295.0,470667.0,423600.0,715295.0,675557.0,423600.0,400067.0,675557.0,635818.0,400067.0,376534.0,623681.0,"{""office"": ""LA Senate District 29"", ""source"": ""mock"", ""candidates"": [{""name"": ""David Johnson"", ""party"": ""R""}, {""name"": ""James Lopez"", ""party"": ""D""}]}",Synthetic state-leg row — replace via OpenStates / FTM pipeline,mock
LA-U-030,LA,upper,30,ocd-division/country:us/state:la/sldu:30,LA SD-30,R,Elizabeth Williams,R,2013,13.0,8.7,Likely R,True,False,defend,39,20,807658.0,726893.0,927357.0,834622.0,726893.0,686510.0,834622.0,788254.0,686510.0,646127.0,788254.0,741886.0,825372.0,"{""office"": ""LA Senate District 30"", ""source"": ""mock"", ""candidates"": [{""name"": ""Elizabeth Williams"", ""party"": ""R""}, {""name"": ""William Anderson"", ""party"": ""D""}]}",Synthetic state-leg row — replace via OpenStates / FTM pipeline,mock
LA-U-031,LA,upper,31,ocd-division/country:us/state:la/sldu:31,LA SD-31,R,William Brown,R,2011,15.0,7.3,Likely R,True,False,defend,39,20,320165.0,288148.0,256007.0,230406.0,288148.0,272140.0,230406.0,217606.0,272140.0,256132.0,217606.0,204805.0,285616.0,"{""office"": ""LA Senate District 31"", ""source"": ""mock"", ""candidates"": [{""name"": ""William Brown"", ""party"": ""R""}, {""name"": ""Patricia Smith"", ""party"": ""D""}]}",Synthetic state-leg row — replace via OpenStates / FTM pipeline,mock
LA-U-032,LA,upper,32,ocd-division/country:us/state:la/sldu:32,LA SD-32,R,Barbara Jones,R,2012,14.0,11.4,Likely R,True,False,defend,39,20,365482.0,328934.0,351678.0,316510.0,328934.0,310660.0,316510.0,298927.0,310660.0,292386.0,298927.0,281343.0,313502.0,"{""office"": ""LA Senate District 32"", ""source"": ""mock"", ""candidates"": [{""name"": ""Barbara Jones"", ""party"": ""R""}, {""name"": ""Elizabeth Miller"", ""party"": ""D""}]}",Synthetic state-leg row — replace via OpenStates / FTM pipeline,mock
LA-U-033,LA,upper,33,ocd-division/country:us/state:la/sldu:33,LA SD-33,R,Richard Garcia,R,2008,18.0,21.1,Likely R,True,False,safe,39,20,310117.0,279105.0,257165.0,231448.0,279105.0,263599.0,231448.0,218590.0,263599.0,248093.0,218590.0,205732.0,169374.0,"{""office"": ""LA Senate District 33"", ""source"": ""mock"", ""candidates"": [{""name"": ""Richard Garcia"", ""party"": ""R""}]}",Synthetic state-leg row — replace via OpenStates / FTM pipeline,mock
LA-U-034,LA,upper,34,ocd-division/country:us/state:la/sldu:34,LA SD-34,R,Susan Miller,R,2024,2.0,27.7,Likely R,True,False,safe,39,20,135084.0,121576.0,134358.0,120922.0,121576.0,114822.0,120922.0,114204.0,114822.0,108067.0,114204.0,107486.0,66822.0,"{""office"": ""LA Senate District 34"", ""source"": ""mock"", ""candidates"": [{""name"": ""Susan Miller"", ""party"": ""R""}]}",Synthetic state-leg row — replace via OpenStates / FTM pipeline,mock
LA-U-035,LA,upper,35,ocd-division/country:us/state:la/sldu:35,LA SD-35,R,Joseph Davis,R,2011,15.0,9.5,Likely R,True,False,defend,39,20,329118.0,296206.0,302238.0,272014.0,296206.0,279750.0,272014.0,256902.0,279750.0,263294.0,256902.0,241790.0,293130.0,"{""office"": ""LA Senate District 35"", ""source"": ""mock"", ""candidates"": [{""name"": ""Joseph Davis"", ""party"": ""R""}, {""name"": ""Richard Anderson"", ""party"": ""D""}]}",Synthetic state-leg row — replace via OpenStates / FTM pipeline,mock
LA-U-036,LA,upper,36,ocd-division/country:us/state:la/sldu:36,LA SD-36,R,Jessica Rodriguez,R,2020,6.0,16.4,Likely R,False,False,safe,39,20,456680.0,411012.0,430169.0,387152.0,411012.0,388178.0,387152.0,365644.0,388178.0,365344.0,365644.0,344135.0,324333.0,"{""office"": ""LA Senate District 36"", ""source"": ""mock"", ""candidates"": [{""name"": ""Jessica Rodriguez"", ""party"": ""R""}]}",Synthetic state-leg row — replace via OpenStates / FTM pipeline,mock
LA-U-037,LA,upper,37,ocd-division/country:us/state:la/sldu:37,LA SD-37,R,James Martinez,R,2022,4.0,10.1,Likely R,True,False,defend,39,20,864800.0,778320.0,739690.0,665721.0,778320.0,735080.0,665721.0,628736.0,735080.0,691840.0,628736.0,591752.0,731189.0,"{""office"": ""LA Senate District 37"", ""source"": ""mock"", ""candidates"": [{""name"": ""James Martinez"", ""party"": ""R""}, {""name"": ""John Davis"", ""party"": ""D""}]}",Synthetic state-leg row — replace via OpenStates / FTM pipeline,mock
LA-U-038,LA,upper,38,ocd-division/country:us/state:la/sldu:38,LA SD-38,R,Mary Hernandez,R,2016,10.0,0.5,Toss-up,True,False,defend,39,20,1335261.0,1201735.0,1118412.0,1006571.0,1201735.0,1134972.0,1006571.0,950651.0,1134972.0,1068209.0,950651.0,894730.0,1454678.0,"{""office"": ""LA Senate District 38"", ""source"": ""mock"", ""candidates"": [{""name"": ""Mary Hernandez"", ""party"": ""R""}, {""name"": ""James Rodriguez"", ""party"": ""D""}]}",Synthetic state-leg row — replace via OpenStates / FTM pipeline,mock
LA-U-039,LA,upper,39,ocd-division/country:us/state:la/sldu:39,LA SD-39,R,Robert Lopez,R,2023,3.0,21.1,Likely R,True,False,safe,39,20,292710.0,263439.0,265109.0,238598.0,263439.0,248803.0,238598.0,225343.0,248803.0,234168.0,225343.0,212087.0,166549.0,"{""office"": ""LA Senate District 39"", ""source"": ""mock"", ""candidates"": [{""name"": ""Robert Lopez"", ""party"": ""R""}, {""name"": ""William Hernandez"", ""party"": ""D""}]}",Synthetic state-leg row — replace via OpenStates / FTM pipeline,mock
MA-U-001,MA,upper,1,ocd-division/country:us/state:ma/sldu:1,MA SD-1,D,Patricia Wilson,D,2018,8.0,-14.5,Likely D,False,False,safe,40,21,317899.0,286109.0,466403.0,419763.0,286109.0,270214.0,419763.0,396443.0,270214.0,254319.0,396443.0,373123.0,308119.0,"{""office"": ""MA Senate District 1"", ""source"": ""mock"", ""candidates"": [{""name"": ""Patricia Wilson"", ""party"": ""D""}, {""name"": ""Linda Rodriguez"", ""party"": ""R""}]}",Synthetic state-leg row — replace via OpenStates / FTM pipeline,mock
MA-U-002,MA,upper,2,ocd-division/country:us/state:ma/sldu:2,MA SD-2,D,John Anderson,D,2016,10.0,-10.6,Likely D,False,False,attack,40,21,291437.0,262293.0,549086.0,494177.0,262293.0,247721.0,494177.0,466723.0,247721.0,233150.0,466723.0,439268.0,377034.0,"{""office"": ""MA Senate District 2"", ""source"": ""mock"", ""candidates"": [{""name"": ""John Anderson"", ""party"": ""D""}, {""name"": ""Mary Miller"", ""party"": ""R""}]}",Synthetic state-leg row — replace via OpenStates / FTM pipeline,mock
MA-U-003,MA,upper,3,ocd-division/country:us/state:ma/sldu:3,MA SD-3,D,Jennifer Thomas,D,2024,2.0,-5.8,Lean D,False,False,attack,40,21,722355.0,650120.0,782969.0,704673.0,650120.0,614002.0,704673.0,665524.0,614002.0,577884.0,665524.0,626376.0,778468.0,"{""office"": ""MA Senate District 3"", ""source"": ""mock"", ""candidates"": [{""name"": ""Jennifer Thomas"", ""party"": ""D""}, {""name"": ""John Davis"", ""party"": ""R""}]}",Synthetic state-leg row — replace via OpenStates / FTM pipeline,mock
MA-U-004,MA,upper,4,ocd-division/country:us/state:ma/sldu:4,MA SD-4,D,Michael Smith,D,2012,14.0,-7.5,Likely D,True,False,attack,40,21,739009.0,665108.0,816144.0,734530.0,665108.0,628158.0,734530.0,693722.0,628158.0,591207.0,693722.0,652915.0,766468.0,"{""office"": ""MA Senate District 4"", ""source"": ""mock"", ""candidates"": [{""name"": ""Michael Smith"", ""party"": ""D""}, {""name"": ""Joseph Rodriguez"", ""party"": ""R""}]}",Synthetic state-leg row — replace via OpenStates / FTM pipeline,mock
MA-U-005,MA,upper,5,ocd-division/country:us/state:ma/sldu:5,MA SD-5,D,Linda Johnson,D,2023,3.0,-8.9,Likely D,True,False,attack,40,21,447529.0,402776.0,551266.0,496139.0,402776.0,380400.0,496139.0,468576.0,380400.0,358023.0,468576.0,441013.0,472287.0,"{""office"": ""MA Senate District 5"", ""source"": ""mock"", ""candidates"": [{""name"": ""Linda Johnson"", ""party"": ""D""}, {""name"": ""Richard Anderson"", ""party"": ""R""}]}",Synthetic state-leg row — replace via OpenStates / FTM pipeline,mock
MA-U-006,MA,upper,6,ocd-division/country:us/state:ma/sldu:6,MA SD-6,D,David Williams,D,2013,13.0,-19.3,Likely D,True,False,safe,40,21,177416.0,159675.0,216549.0,194894.0,159675.0,150804.0,194894.0,184067.0,150804.0,141933.0,184067.0,173239.0,127757.0,"{""office"": ""MA Senate District 6"", ""source"": ""mock"", ""candidates"": [{""name"": ""David Williams"", ""party"": ""D""}]}",Synthetic state-leg row — replace via OpenStates / FTM pipeline,mock
MA-U-007,MA,upper,7,ocd-division/country:us/state:ma/sldu:7,MA SD-7,D,Elizabeth Brown,D,2010,16.0,-30.5,Likely D,True,False,safe,40,21,170960.0,153864.0,212628.0,191366.0,153864.0,145316.0,191366.0,180734.0,145316.0,136768.0,180734.0,170103.0,95130.0,"{""office"": ""MA Senate District 7"", ""source"": ""mock"", ""candidates"": [{""name"": ""Elizabeth Brown"", ""party"": ""D""}]}",Synthetic state-leg row — replace via OpenStates / FTM pipeline,mock
MA-U-008,MA,upper,8,ocd-division/country:us/state:ma/sldu:8,MA SD-8,D,William Jones,D,2013,13.0,-25.5,Likely D,True,False,safe,40,21,96831.0,87148.0,83152.0,74837.0,87148.0,82307.0,74837.0,70679.0,82307.0,77465.0,70679.0,66521.0,44636.0,"{""office"": ""MA Senate District 8"", ""source"": ""mock"", ""candidates"": [{""name"": ""William Jones"", ""party"": ""D""}]}",Synthetic state-leg row — replace via OpenStates / FTM pipeline,mock
MA-U-009,MA,upper,9,ocd-division/country:us/state:ma/sldu:9,MA SD-9,D,OPEN SEAT,,,0.0,-3.5,Lean D,False,True,attack,40,21,406837.0,366153.0,624723.0,562250.0,366153.0,345811.0,562250.0,531014.0,345811.0,325469.0,531014.0,499778.0,567358.0,"{""office"": ""MA Senate District 9"", ""source"": ""mock"", ""candidates"": [{""name"": ""John Lopez"", ""party"": ""R""}]}",Synthetic state-leg row — replace via OpenStates / FTM pipeline,mock
MA-U-010,MA,upper,10,ocd-division/country:us/state:ma/sldu:10,MA SD-10,D,Barbara Garcia,D,2024,2.0,-20.3,Likely D,True,False,safe,40,21,234229.0,210806.0,330256.0,297230.0,210806.0,199095.0,297230.0,280717.0,199095.0,187383.0,280717.0,264205.0,174990.0,"{""office"": ""MA Senate District 10"", ""source"": ""mock"", ""candidates"": [{""name"": ""Barbara Garcia"", ""party"": ""D""}]}",Synthetic state-leg row — replace via OpenStates / FTM pipeline,mock
MA-U-011,MA,upper,11,ocd-division/country:us/state:ma/sldu:11,MA SD-11,D,Richard Miller,D,2015,11.0,-26.3,Likely D,True,False,safe,40,21,169509.0,152558.0,186041.0,167437.0,152558.0,144082.0,167437.0,158135.0,144082.0,135607.0,158135.0,148833.0,88176.0,"{""office"": ""MA Senate District 11"", ""source"": ""mock"", ""candidates"": [{""name"": ""Richard Miller"", ""party"": ""D""}]}",Synthetic state-leg row — replace via OpenStates / FTM pipeline,mock
MA-U-012,MA,upper,12,ocd-division/country:us/state:ma/sldu:12,MA SD-12,D,Susan Davis,D,2015,11.0,-34.2,Likely D,True,False,safe,40,21,161404.0,145264.0,175343.0,157809.0,145264.0,137194.0,157809.0,149042.0,137194.0,129123.0,149042.0,140274.0,83513.0,"{""office"": ""MA Senate District 12"", ""source"": ""mock"", ""candidates"": [{""name"": ""Susan Davis"", ""party"": ""D""}]}",Synthetic state-leg row — replace via OpenStates / FTM pipeline,mock
MA-U-013,MA,upper,13,ocd-division/country:us/state:ma/sldu:13,MA SD-13,D,Joseph Rodriguez,D,2016,10.0,-21.4,Likely D,True,False,safe,40,21,266808.0,240127.0,393502.0,354152.0,240127.0,226787.0,354152.0,334477.0,226787.0,213446.0,334477.0,314802.0,194320.0,"{""office"": ""MA Senate District 13"", ""source"": ""mock"", ""candidates"": [{""name"": ""Joseph Rodriguez"", ""party"": ""D""}]}",Synthetic state-leg row — replace via OpenStates / FTM pipeline,mock
MA-U-014,MA,upper,14,ocd-division/country:us/state:ma/sldu:14,MA SD-14,D,Jessica Martinez,D,2022,4.0,-19.6,Likely D,True,False,safe,40,21,171647.0,154482.0,168607.0,151746.0,154482.0,145900.0,151746.0,143316.0,145900.0,137317.0,143316.0,134886.0,108881.0,"{""office"": ""MA Senate District 14"", ""source"": ""mock"", ""candidates"": [{""name"": ""Jessica Martinez"", ""party"": ""D""}]}",Synthetic state-leg row — replace via OpenStates / FTM pipeline,mock
MA-U-015,MA,upper,15,ocd-division/country:us/state:ma/sldu:15,MA SD-15,D,James Hernandez,D,2022,4.0,-14.5,Likely D,True,False,safe,40,21,151194.0,136075.0,220616.0,198554.0,136075.0,128515.0,198554.0,187524.0,128515.0,120955.0,187524.0,176493.0,146068.0,"{""office"": ""MA Senate District 15"", ""source"": ""mock"", ""candidates"": [{""name"": ""James Hernandez"", ""party"": ""D""}]}",Synthetic state-leg row — replace via OpenStates / FTM pipeline,mock
MA-U-016,MA,upper,16,ocd-division/country:us/state:ma/sldu:16,MA SD-16,D,Mary Lopez,D,2021,5.0,-16.5,Likely D,True,False,safe,40,21,353404.0,318064.0,402007.0,361806.0,318064.0,300394.0,361806.0,341706.0,300394.0,282723.0,341706.0,321606.0,275186.0,"{""office"": ""MA Senate District 16"", ""source"": ""mock"", ""candidates"": [{""name"": ""Mary Lopez"", ""party"": ""D""}, {""name"": ""John Garcia"", ""party"": ""R""}]}",Synthetic state-leg row — replace via OpenStates / FTM pipeline,mock
MA-U-017,MA,upper,17,ocd-division/country:us/state:ma/sldu:17,MA SD-17,D,OPEN SEAT,,,0.0,-18.6,Likely D,False,True,safe,40,21,279919.0,251927.0,471595.0,424435.0,251927.0,237931.0,424435.0,400856.0,237931.0,223935.0,400856.0,377276.0,251220.0,"{""office"": ""MA Senate District 17"", ""source"": ""mock"", ""candidates"": []}",Synthetic state-leg row — replace via OpenStates / FTM pipeline,mock
MA-U-018,MA,upper,18,ocd-division/country:us/state:ma/sldu:18,MA SD-18,D,Robert Wilson,D,2021,5.0,-18.2,Likely D,True,False,safe,40,21,265806.0,239226.0,242172.0,217954.0,239226.0,225936.0,217954.0,205846.0,225936.0,212645.0,205846.0,193737.0,172713.0,"{""office"": ""MA Senate District 18"", ""source"": ""mock"", ""candidates"": [{""name"": ""Robert Wilson"", ""party"": ""D""}]}",Synthetic state-leg row — replace via OpenStates / FTM pipeline,mock
MA-U-019,MA,upper,19,ocd-division/country:us/state:ma/sldu:19,MA SD-19,D,Patricia Anderson,D,2013,13.0,-21.4,Likely D,True,False,safe,40,21,259191.0,233272.0,261652.0,235487.0,233272.0,220312.0,235487.0,222404.0,220312.0,207353.0,222404.0,209322.0,153277.0,"{""office"": ""MA Senate District 19"", ""source"": ""mock"", ""candidates"": [{""name"": ""Patricia Anderson"", ""party"": ""D""}, {""name"": ""Michael Thomas"", ""party"": ""R""}]}",Synthetic state-leg row — replace via OpenStates / FTM pipeline,mock
MA-U-020,MA,upper,20,ocd-division/country:us/state:ma/sldu:20,MA SD-20,D,OPEN SEAT,,,0.0,-17.0,Likely D,False,True,safe,40,21,138830.0,124947.0,158036.0,142232.0,124947.0,118006.0,142232.0,134330.0,118006.0,111064.0,134330.0,126428.0,106024.0,"{""office"": ""MA Senate District 20"", ""source"": ""mock"", ""candidates"": []}",Synthetic state-leg row — replace via OpenStates / FTM pipeline,mock
MA-U-021,MA,upper,21,ocd-division/country:us/state:ma/sldu:21,MA SD-21,D,John Thomas,D,2024,2.0,-7.7,Likely D,True,False,attack,40,21,592244.0,533019.0,772863.0,695577.0,533019.0,503407.0,695577.0,656934.0,503407.0,473795.0,656934.0,618290.0,668902.0,"{""office"": ""MA Senate District 21"", ""source"": ""mock"", ""candidates"": [{""name"": ""John Thomas"", ""party"": ""D""}, {""name"": ""Elizabeth Wilson"", ""party"": ""R""}]}",Synthetic state-leg row — replace via OpenStates / FTM pipeline,mock
MA-U-022,MA,upper,22,ocd-division/country:us/state:ma/sldu:22,MA SD-22,D,Jennifer Smith,D,2011,15.0,-12.6,Likely D,True,False,attack,40,21,189373.0,170436.0,191492.0,172343.0,170436.0,160967.0,172343.0,162768.0,160967.0,151498.0,162768.0,153194.0,159963.0,"{""office"": ""MA Senate District 22"", ""source"": ""mock"", ""candidates"": [{""name"": ""Jennifer Smith"", ""party"": ""D""}, {""name"": ""Mary Smith"", ""party"": ""R""}]}",Synthetic state-leg row — replace via OpenStates / FTM pipeline,mock
MA-U-023,MA,upper,23,ocd-division/country:us/state:ma/sldu:23,MA SD-23,D,Michael Johnson,D,2020,6.0,-29.4,Likely D,True,False,safe,40,21,87680.0,78912.0,86884.0,78195.0,78912.0,74528.0,78195.0,73851.0,74528.0,70144.0,73851.0,69507.0,43292.0,"{""office"": ""MA Senate District 23"", ""source"": ""mock"", ""candidates"": [{""name"": ""Michael Johnson"", ""party"": ""D""}]}",Synthetic state-leg row — replace via OpenStates / FTM pipeline,mock
MA-U-024,MA,upper,24,ocd-division/country:us/state:ma/sldu:24,MA SD-24,D,Linda Williams,D,2018,8.0,-15.4,Likely D,True,False,safe,40,21,313643.0,282279.0,576472.0,518825.0,282279.0,266596.0,518825.0,490001.0,266596.0,250914.0,490001.0,461178.0,338244.0,"{""office"": ""MA Senate District 24"", ""source"": ""mock"", ""candidates"": [{""name"": ""Linda Williams"", ""party"": ""D""}]}",Synthetic state-leg row — replace via OpenStates / FTM pipeline,mock
MA-U-025,MA,upper,25,ocd-division/country:us/state:ma/sldu:25,MA SD-25,R,David Brown,R,2012,14.0,-4.4,Lean D,True,False,defend,40,21,1353662.0,1218296.0,744878.0,670390.0,1218296.0,1150613.0,670390.0,633146.0,1150613.0,1082930.0,633146.0,595902.0,1127216.0,"{""office"": ""MA Senate District 25"", ""source"": ""mock"", ""candidates"": [{""name"": ""David Brown"", ""party"": ""R""}, {""name"": ""Jennifer Wilson"", ""party"": ""D""}]}",Synthetic state-leg row — replace via OpenStates / FTM pipeline,mock
MA-U-026,MA,upper,26,ocd-division/country:us/state:ma/sldu:26,MA SD-26,D,Elizabeth Jones,D,2012,14.0,-17.0,Likely D,False,False,safe,40,21,440733.0,396660.0,585283.0,526755.0,396660.0,374623.0,526755.0,497491.0,374623.0,352586.0,497491.0,468227.0,366434.0,"{""office"": ""MA Senate District 26"", ""source"": ""mock"", ""candidates"": [{""name"": ""Elizabeth Jones"", ""party"": ""D""}, {""name"": ""Jessica Rodriguez"", ""party"": ""R""}]}",Synthetic state-leg row — replace via OpenStates / FTM pipeline,mock
MA-U-027,MA,upper,27,ocd-division/country:us/state:ma/sldu:27,MA SD-27,D,William Garcia,D,2008,18.0,-13.4,Likely D,True,False,attack,40,21,554913.0,499421.0,521690.0,469521.0,499421.0,471676.0,469521.0,443437.0,471676.0,443930.0,443437.0,417352.0,439869.0,"{""office"": ""MA Senate District 27"", ""source"": ""mock"", ""candidates"": [{""name"": ""William Garcia"", ""party"": ""D""}, {""name"": ""Susan Smith"", ""party"": ""R""}]}",Synthetic state-leg row — replace via OpenStates / FTM pipeline,mock
MA-U-028,MA,upper,28,ocd-division/country:us/state:ma/sldu:28,MA SD-28,D,Barbara Miller,D,2009,17.0,-16.0,Likely D,True,False,safe,40,21,267013.0,240312.0,356037.0,320434.0,240312.0,226961.0,320434.0,302632.0,226961.0,213611.0,302632.0,284830.0,231419.0,"{""office"": ""MA Senate District 28"", ""source"": ""mock"", ""candidates"": [{""name"": ""Barbara Miller"", ""party"": ""D""}]}",Synthetic state-leg row — replace via OpenStates / FTM pipeline,mock
MA-U-029,MA,upper,29,ocd-division/country:us/state:ma/sldu:29,MA SD-29,D,Richard Davis,D,2023,3.0,-29.4,Likely D,True,False,safe,40,21,96140.0,86526.0,113959.0,102563.0,86526.0,81719.0,102563.0,96865.0,81719.0,76912.0,96865.0,91167.0,52105.0,"{""office"": ""MA Senate District 29"", ""source"": ""mock"", ""candidates"": [{""name"": ""Richard Davis"", ""party"": ""D""}]}",Synthetic state-leg row — replace via OpenStates / FTM pipeline,mock
MA-U-030,MA,upper,30,ocd-division/country:us/state:ma/sldu:30,MA SD-30,D,Susan Rodriguez,D,2023,3.0,-28.2,Likely D,True,False,safe,40,21,133682.0,120314.0,100109.0,90098.0,120314.0,113630.0,90098.0,85092.0,113630.0,106946.0,85092.0,80087.0,57980.0,"{""office"": ""MA Senate District 30"", ""source"": ""mock"", ""candidates"": [{""name"": ""Susan Rodriguez"", ""party"": ""D""}]}",Synthetic state-leg row — replace via OpenStates / FTM pipeline,mock
MA-U-031,MA,upper,31,ocd-division/country:us/state:ma/sldu:31,MA SD-31,D,Joseph Martinez,D,2022,4.0,-12.0,Likely D,True,False,attack,40,21,481737.0,433563.0,965789.0,869210.0,433563.0,409476.0,869210.0,820920.0,409476.0,385389.0,820920.0,772631.0,620368.0,"{""office"": ""MA Senate District 31"", ""source"": ""mock"", ""candidates"": [{""name"": ""Joseph Martinez"", ""party"": ""D""}, {""name"": ""Michael Jones"", ""party"": ""R""}]}",Synthetic state-leg row — replace via OpenStates / FTM pipeline,mock
MA-U-032,MA,upper,32,ocd-division/country:us/state:ma/sldu:32,MA SD-32,D,Jessica Hernandez,D,2020,6.0,-23.8,Likely D,True,False,safe,40,21,145483.0,130934.0,118481.0,106633.0,130934.0,123660.0,106633.0,100709.0,123660.0,116386.0,100709.0,94785.0,68630.0,"{""office"": ""MA Senate District 32"", ""source"": ""mock"", ""candidates"": [{""name"": ""Jessica Hernandez"", ""party"": ""D""}]}",Synthetic state-leg row — replace via OpenStates / FTM pipeline,mock
MA-U-033,MA,upper,33,ocd-division/country:us/state:ma/sldu:33,MA SD-33,D,James Lopez,D,2009,17.0,-9.7,Likely D,True,False,attack,40,21,555473.0,499926.0,542885.0,488596.0,499926.0,472152.0,488596.0,461452.0,472152.0,444379.0,461452.0,434308.0,506814.0,"{""office"": ""MA Senate District 33"", ""source"": ""mock"", ""candidates"": [{""name"": ""James Lopez"", ""party"": ""D""}, {""name"": ""Elizabeth Jones"", ""party"": ""R""}]}",Synthetic state-leg row — replace via OpenStates / FTM pipeline,mock
MA-U-034,MA,upper,34,ocd-division/country:us/state:ma/sldu:34,MA SD-34,D,Mary Wilson,D,2024,2.0,-33.7,Likely D,True,False,safe,40,21,183759.0,165383.0,155780.0,140202.0,165383.0,156195.0,140202.0,132413.0,156195.0,147007.0,132413.0,124624.0,84206.0,"{""office"": ""MA Senate District 34"", ""source"": ""mock"", ""candidates"": [{""name"": ""Mary Wilson"", ""party"": ""D""}]}",Synthetic state-leg row — replace via OpenStates / FTM pipeline,mock
MA-U-035,MA,upper,35,ocd-division/country:us/state:ma/sldu:35,MA SD-35,D,Robert Anderson,D,2023,3.0,-20.7,Likely D,False,False,safe,40,21,254609.0,229148.0,337157.0,303442.0,229148.0,216418.0,303442.0,286584.0,216418.0,203687.0,286584.0,269726.0,180066.0,"{""office"": ""MA Senate District 35"", ""source"": ""mock"", ""candidates"": [{""name"": ""Robert Anderson"", ""party"": ""D""}, {""name"": ""Jennifer Anderson"", ""party"": ""R""}]}",Synthetic state-leg row — replace via OpenStates / FTM pipeline,mock
MA-U-036,MA,upper,36,ocd-division/country:us/state:ma/sldu:36,MA SD-36,D,Patricia Thomas,D,2009,17.0,-8.1,Likely D,False,False,attack,40,21,720422.0,648380.0,709456.0,638510.0,648380.0,612359.0,638510.0,603037.0,612359.0,576337.0,603037.0,567564.0,692469.0,"{""office"": ""MA Senate District 36"", ""source"": ""mock"", ""candidates"": [{""name"": ""Patricia Thomas"", ""party"": ""D""}, {""name"": ""Joseph Anderson"", ""party"": ""R""}]}",Synthetic state-leg row — replace via OpenStates / FTM pipeline,mock
MA-U-037,MA,upper,37,ocd-division/country:us/state:ma/sldu:37,MA SD-37,D,John Smith,D,2022,4.0,-21.1,Likely D,True,False,safe,40,21,138666.0,124800.0,118071.0,106264.0,124800.0,117866.0,106264.0,100360.0,117866.0,110933.0,100360.0,94457.0,76654.0,"{""office"": ""MA Senate District 37"", ""source"": ""mock"", ""candidates"": [{""name"": ""John Smith"", ""party"": ""D""}, {""name"": ""James Wilson"", ""party"": ""R""}]}",Synthetic state-leg row — replace via OpenStates / FTM pipeline,mock
MA-U-038,MA,upper,38,ocd-division/country:us/state:ma/sldu:38,MA SD-38,D,Jennifer Johnson,D,2013,13.0,-12.4,Likely D,False,False,attack,40,21,364592.0,328133.0,346637.0,311974.0,328133.0,309903.0,311974.0,294642.0,309903.0,291673.0,294642.0,277310.0,300748.0,"{""office"": ""MA Senate District 38"", ""source"": ""mock"", ""candidates"": [{""name"": ""Jennifer Johnson"", ""party"": ""D""}, {""name"": ""Patricia Wilson"", ""party"": ""R""}]}",Synthetic state-leg row — replace via OpenStates / FTM pipeline,mock
MA-U-039,MA,upper,39,ocd-division/country:us/state:ma/sldu:39,MA SD-39,D,Michael Williams,D,2015,11.0,-29.3,Likely D,True,False,safe,40,21,104581.0,94123.0,160161.0,144145.0,94123.0,88894.0,144145.0,136137.0,88894.0,83665.0,136137.0,128129.0,65656.0,"{""office"": ""MA Senate District 39"", ""source"": ""mock"", ""candidates"": [{""name"": ""Michael Williams"", ""party"": ""D""}, {""name"": ""Linda Martinez"", ""party"": ""R""}]}",Synthetic state-leg row — replace via OpenStates / FTM pipeline,mock
MA-U-040,MA,upper,40,ocd-division/country:us/state:ma/sldu:40,MA SD-40,D,OPEN SEAT,,,0.0,-18.8,Likely D,False,True,safe,40,21,475876.0,428288.0,359170.0,323253.0,428288.0,404494.0,323253.0,305295.0,404494.0,380701.0,305295.0,287336.0,276758.0,"{""office"": ""MA Senate District 40"", ""source"": ""mock"", ""candidates"": [{""name"": ""Elizabeth Wilson"", ""party"": ""R""}]}",Synthetic state-leg row — replace via OpenStates / FTM pipeline,mock
MD-U-001,MD,upper,1,ocd-division/country:us/state:md/sldu:1,MD SD-1,R,Linda Brown,R,2014,12.0,-3.4,Lean D,True,False,defend,47,24,550767.0,495690.0,531979.0,478781.0,495690.0,468152.0,478781.0,452182.0,468152.0,440614.0,452182.0,425583.0,597057.0,"{""office"": ""MD Senate District 1"", ""source"": ""mock"", ""candidates"": [{""name"": ""Linda Brown"", ""party"": ""R""}, {""name"": ""David Johnson"", ""party"": ""D""}]}",Synthetic state-leg row — replace via OpenStates / FTM pipeline,mock
MD-U-002,MD,upper,2,ocd-division/country:us/state:md/sldu:2,MD SD-2,D,David Jones,D,2010,16.0,-3.5,Lean D,True,False,attack,47,24,813802.0,732422.0,1309847.0,1178863.0,732422.0,691732.0,1178863.0,1113370.0,691732.0,651042.0,1113370.0,1047878.0,1168007.0,"{""office"": ""MD Senate District 2"", ""source"": ""mock"", ""candidates"": [{""name"": ""David Jones"", ""party"": ""D""}, {""name"": ""Jessica Davis"", ""party"": ""R""}]}",Synthetic state-leg row — replace via OpenStates / FTM pipeline,mock
MD-U-003,MD,upper,3,ocd-division/country:us/state:md/sldu:3,MD SD-3,D,OPEN SEAT,,,0.0,-13.4,Likely D,False,True,attack,47,24,196897.0,177207.0,235826.0,212243.0,177207.0,167362.0,212243.0,200452.0,167362.0,157517.0,200452.0,188661.0,176798.0,"{""office"": ""MD Senate District 3"", ""source"": ""mock"", ""candidates"": [{""name"": ""Jessica Smith"", ""party"": ""R""}]}",Synthetic state-leg row — replace via OpenStates / FTM pipeline,mock
MD-U-004,MD,upper,4,ocd-division/country:us/state:md/sldu:4,MD SD-4,D,Elizabeth Garcia,D,2014,12.0,-9.1,Likely D,True,False,attack,47,24,180746.0,162672.0,246061.0,221455.0,162672.0,153634.0,221455.0,209152.0,153634.0,144597.0,209152.0,196849.0,200600.0,"{""office"": ""MD Senate District 4"", ""source"": ""mock"", ""candidates"": [{""name"": ""Elizabeth Garcia"", ""party"": ""D""}, {""name"": ""Susan Williams"", ""party"": ""R""}]}",Synthetic state-leg row — replace via OpenStates / FTM pipeline,mock
MD-U-005,MD,upper,5,ocd-division/country:us/state:md/sldu:5,MD SD-5,D,William Miller,D,2015,11.0,-11.1,Likely D,True,False,attack,47,24,302217.0,271995.0,358376.0,322538.0,271995.0,256884.0,322538.0,304620.0,256884.0,241774.0,304620.0,286701.0,291605.0,"{""office"": ""MD Senate District 5"", ""source"": ""mock"", ""candidates"": [{""name"": ""William Miller"", ""party"": ""D""}, {""name"": ""William Garcia"", ""party"": ""R""}]}",Synthetic state-leg row — replace via OpenStates / FTM pipeline,mock
MD-U-006,MD,upper,6,ocd-division/country:us/state:md/sldu:6,MD SD-6,R,Barbara Davis,R,2017,9.0,2.0,Lean R,True,False,defend,47,24,342810.0,308529.0,231816.0,208634.0,308529.0,291388.0,208634.0,197043.0,291388.0,274248.0,197043.0,185453.0,328358.0,"{""office"": ""MD Senate District 6"", ""source"": ""mock"", ""candidates"": [{""name"": ""Barbara Davis"", ""party"": ""R""}, {""name"": ""Richard Jones"", ""party"": ""D""}]}",Synthetic state-leg row — replace via OpenStates / FTM pipeline,mock
MD-U-007,MD,upper,7,ocd-division/country:us/state:md/sldu:7,MD SD-7,D,OPEN SEAT,,,0.0,-21.1,Likely D,False,True,safe,47,24,143899.0,129509.0,192439.0,173195.0,129509.0,122314.0,173195.0,163573.0,122314.0,115119.0,163573.0,153951.0,100421.0,"{""office"": ""MD Senate District 7"", ""source"": ""mock"", ""candidates"": []}",Synthetic state-leg row — replace via OpenStates / FTM pipeline,mock
MD-U-008,MD,upper,8,ocd-division/country:us/state:md/sldu:8,MD SD-8,D,Richard Rodriguez,D,2015,11.0,-20.2,Likely D,True,False,safe,47,24,186657.0,167991.0,199338.0,179405.0,167991.0,158658.0,179405.0,169438.0,158658.0,149325.0,169438.0,159471.0,120210.0,"{""office"": ""MD Senate District 8"", ""source"": ""mock"", ""candidates"": [{""name"": ""Richard Rodriguez"", ""party"": ""D""}]}",Synthetic state-leg row — replace via OpenStates / FTM pipeline,mock
MD-U-009,MD,upper,9,ocd-division/country:us/state:md/sldu:9,MD SD-9,D,Susan Martinez,D,2012,14.0,-25.8,Likely D,True,False,safe,47,24,129727.0,116754.0,217917.0,196126.0,116754.0,110268.0,196126.0,185230.0,110268.0,103781.0,185230.0,174334.0,86216.0,"{""office"": ""MD Senate District 9"", ""source"": ""mock"", ""candidates"": [{""name"": ""Susan Martinez"", ""party"": ""D""}]}",Synthetic state-leg row — replace via OpenStates / FTM pipeline,mock
MD-U-010,MD,upper,10,ocd-division/country:us/state:md/sldu:10,MD SD-10,D,Joseph Hernandez,D,2019,7.0,-8.5,Likely D,True,False,attack,47,24,753739.0,678365.0,937974.0,844177.0,678365.0,640678.0,844177.0,797278.0,640678.0,602991.0,797278.0,750379.0,809606.0,"{""office"": ""MD Senate District 10"", ""source"": ""mock"", ""candidates"": [{""name"": ""Joseph Hernandez"", ""party"": ""D""}, {""name"": ""James Johnson"", ""party"": ""R""}]}",Synthetic state-leg row — replace via OpenStates / FTM pipeline,mock
MD-U-011,MD,upper,11,ocd-division/country:us/state:md/sldu:11,MD SD-11,D,Jessica Lopez,D,2024,2.0,-7.6,Likely D,True,False,attack,47,24,747483.0,672735.0,920673.0,828606.0,672735.0,635361.0,828606.0,782572.0,635361.0,597987.0,782572.0,736538.0,819780.0,"{""office"": ""MD Senate District 11"", ""source"": ""mock"", ""candidates"": [{""name"": ""Jessica Lopez"", ""party"": ""D""}, {""name"": ""Barbara Brown"", ""party"": ""R""}]}",Synthetic state-leg row — replace via OpenStates / FTM pipeline,mock
MD-U-012,MD,upper,12,ocd-division/country:us/state:md/sldu:12,MD SD-12,D,James Wilson,D,2020,6.0,-0.5,Toss-up,True,False,attack,47,24,267888.0,241100.0,299844.0,269860.0,241100.0,227705.0,269860.0,254867.0,227705.0,214311.0,254867.0,239875.0,336584.0,"{""office"": ""MD Senate District 12"", ""source"": ""mock"", ""candidates"": [{""name"": ""James Wilson"", ""party"": ""D""}, {""name"": ""Michael Garcia"", ""party"": ""R""}]}",Synthetic state-leg row — replace via OpenStates / FTM pipeline,mock
MD-U-013,MD,upper,13,ocd-division/country:us/state:md/sldu:13,MD SD-13,R,Mary Anderson,R,2010,16.0,1.2,Toss-up,True,False,defend,47,24,1075245.0,967720.0,741016.0,666915.0,967720.0,913958.0,666915.0,629864.0,913958.0,860196.0,629864.0,592813.0,1058621.0,"{""office"": ""MD Senate District 13"", ""source"": ""mock"", ""candidates"": [{""name"": ""Mary Anderson"", ""party"": ""R""}, {""name"": ""David Lopez"", ""party"": ""D""}]}",Synthetic state-leg row — replace via OpenStates / FTM pipeline,mock
MD-U-014,MD,upper,14,ocd-division/country:us/state:md/sldu:14,MD SD-14,D,Robert Thomas,D,2017,9.0,-10.6,Likely D,False,False,attack,47,24,277097.0,249388.0,243391.0,219052.0,249388.0,235533.0,219052.0,206883.0,235533.0,221678.0,206883.0,194713.0,233476.0,"{""office"": ""MD Senate District 14"", ""source"": ""mock"", ""candidates"": [{""name"": ""Robert Thomas"", ""party"": ""D""}, {""name"": ""Jennifer Wilson"", ""party"": ""R""}]}",Synthetic state-leg row — replace via OpenStates / FTM pipeline,mock
MD-U-015,MD,upper,15,ocd-division/country:us/state:md/sldu:15,MD SD-15,D,Patricia Smith,D,2011,15.0,3.8,Lean R,True,False,attack,47,24,295030.0,265527.0,365437.0,328893.0,265527.0,250776.0,328893.0,310621.0,250776.0,236024.0,310621.0,292349.0,360426.0,"{""office"": ""MD Senate District 15"", ""source"": ""mock"", ""candidates"": [{""name"": ""Patricia Smith"", ""party"": ""D""}, {""name"": ""Michael Williams"", ""party"": ""R""}]}",Synthetic state-leg row — replace via OpenStates / FTM pipeline,mock
MD-U-016,MD,upper,16,ocd-division/country:us/state:md/sldu:16,MD SD-16,D,John Johnson,D,2022,4.0,-14.3,Likely D,True,False,safe,47,24,225629.0,203066.0,202288.0,182059.0,203066.0,191785.0,182059.0,171945.0,191785.0,180504.0,171945.0,161830.0,169333.0,"{""office"": ""MD Senate District 16"", ""source"": ""mock"", ""candidates"": [{""name"": ""John Johnson"", ""party"": ""D""}]}",Synthetic state-leg row — replace via OpenStates / FTM pipeline,mock
MD-U-017,MD,upper,17,ocd-division/country:us/state:md/sldu:17,MD SD-17,D,Jennifer Williams,D,2010,16.0,-17.7,Likely D,True,False,safe,47,24,90763.0,81687.0,182610.0,164349.0,81687.0,77148.0,164349.0,155218.0,77148.0,72610.0,155218.0,146088.0,94899.0,"{""office"": ""MD Senate District 17"", ""source"": ""mock"", ""candidates"": [{""name"": ""Jennifer Williams"", ""party"": ""D""}]}",Synthetic state-leg row — replace via OpenStates / FTM pipeline,mock
MD-U-018,MD,upper,18,ocd-division/country:us/state:md/sldu:18,MD SD-18,D,Michael Brown,D,2014,12.0,-25.1,Likely D,True,False,safe,47,24,136436.0,122792.0,181916.0,163724.0,122792.0,115970.0,163724.0,154629.0,115970.0,109149.0,154629.0,145533.0,78951.0,"{""office"": ""MD Senate District 18"", ""source"": ""mock"", ""candidates"": [{""name"": ""Michael Brown"", ""party"": ""D""}]}",Synthetic state-leg row — replace via OpenStates / FTM pipeline,mock
MD-U-019,MD,upper,19,ocd-division/country:us/state:md/sldu:19,MD SD-19,D,Linda Jones,D,2023,3.0,-11.4,Likely D,True,False,attack,47,24,371824.0,334642.0,425846.0,383261.0,334642.0,316050.0,383261.0,361969.0,316050.0,297459.0,361969.0,340677.0,348696.0,"{""office"": ""MD Senate District 19"", ""source"": ""mock"", ""candidates"": [{""name"": ""Linda Jones"", ""party"": ""D""}, {""name"": ""Susan Miller"", ""party"": ""R""}]}",Synthetic state-leg row — replace via OpenStates / FTM pipeline,mock
MD-U-020,MD,upper,20,ocd-division/country:us/state:md/sldu:20,MD SD-20,D,David Garcia,D,2019,7.0,-27.6,Likely D,False,False,safe,47,24,151132.0,136019.0,233942.0,210548.0,136019.0,128462.0,210548.0,198851.0,128462.0,120906.0,198851.0,187154.0,95498.0,"{""office"": ""MD Senate District 20"", ""source"": ""mock"", ""candidates"": [{""name"": ""David Garcia"", ""party"": ""D""}]}",Synthetic state-leg row — replace via OpenStates / FTM pipeline,mock
MD-U-021,MD,upper,21,ocd-division/country:us/state:md/sldu:21,MD SD-21,D,OPEN SEAT,,,0.0,-7.5,Likely D,False,True,attack,47,24,721728.0,649555.0,813325.0,731993.0,649555.0,613469.0,731993.0,691326.0,613469.0,577382.0,691326.0,650660.0,756562.0,"{""office"": ""MD Senate District 21"", ""source"": ""mock"", ""candidates"": [{""name"": ""William Smith"", ""party"": ""R""}]}",Synthetic state-leg row — replace via OpenStates / FTM pipeline,mock
MD-U-022,MD,upper,22,ocd-division/country:us/state:md/sldu:22,MD SD-22,D,OPEN SEAT,,,0.0,-17.0,Likely D,False,True,safe,47,24,143148.0,128834.0,178720.0,160848.0,128834.0,121676.0,160848.0,151912.0,121676.0,114519.0,151912.0,142976.0,114953.0,"{""office"": ""MD Senate District 22"", ""source"": ""mock"", ""candidates"": [{""name"": ""Susan Davis"", ""party"": ""R""}]}",Synthetic state-leg row — replace via OpenStates / FTM pipeline,mock
MD-U-023,MD,upper,23,ocd-division/country:us/state:md/sldu:23,MD SD-23,D,OPEN SEAT,,,0.0,-20.3,Likely D,False,True,safe,47,24,270990.0,243891.0,448356.0,403521.0,243891.0,230341.0,403521.0,381103.0,230341.0,216792.0,381103.0,358685.0,222997.0,"{""office"": ""MD Senate District 23"", ""source"": ""mock"", ""candidates"": [{""name"": ""Elizabeth Jones"", ""party"": ""R""}]}",Synthetic state-leg row — replace via OpenStates / FTM pipeline,mock
MD-U-024,MD,upper,24,ocd-division/country:us/state:md/sldu:24,MD SD-24,D,Elizabeth Miller,D,2009,17.0,-12.0,Likely D,True,False,attack,47,24,338199.0,304379.0,465781.0,419203.0,304379.0,287470.0,419203.0,395914.0,287470.0,270560.0,395914.0,372625.0,344563.0,"{""office"": ""MD Senate District 24"", ""source"": ""mock"", ""candidates"": [{""name"": ""Elizabeth Miller"", ""party"": ""D""}, {""name"": ""Richard Hernandez"", ""party"": ""R""}]}",Synthetic state-leg row — replace via OpenStates / FTM pipeline,mock
MD-U-025,MD,upper,25,ocd-division/country:us/state:md/sldu:25,MD SD-25,D,William Davis,D,2013,13.0,-11.5,Likely D,True,False,attack,47,24,216974.0,195276.0,260817.0,234735.0,195276.0,184428.0,234735.0,221694.0,184428.0,173579.0,221694.0,208654.0,208180.0,"{""office"": ""MD Senate District 25"", ""source"": ""mock"", ""candidates"": [{""name"": ""William Davis"", ""party"": ""D""}, {""name"": ""Patricia Brown"", ""party"": ""R""}]}",Synthetic state-leg row — replace via OpenStates / FTM pipeline,mock
MD-U-026,MD,upper,26,ocd-division/country:us/state:md/sldu:26,MD SD-26,D,Barbara Rodriguez,D,2018,8.0,-12.7,Likely D,True,False,attack,47,24,335056.0,301551.0,501860.0,451674.0,301551.0,284798.0,451674.0,426581.0,284798.0,268045.0,426581.0,401488.0,350309.0,"{""office"": ""MD Senate District 26"", ""source"": ""mock"", ""candidates"": [{""name"": ""Barbara Rodriguez"", ""party"": ""D""}, {""name"": ""Mary Lopez"", ""party"": ""R""}]}",Synthetic state-leg row — replace via OpenStates / FTM pipeline,mock
MD-U-027,MD,upper,27,ocd-division/country:us/state:md/sldu:27,MD SD-27,D,Richard Martinez,D,2009,17.0,-11.4,Likely D,True,False,attack,47,24,549444.0,494500.0,457457.0,411712.0,494500.0,467028.0,411712.0,388839.0,467028.0,439555.0,388839.0,365966.0,440160.0,"{""office"": ""MD Senate District 27"", ""source"": ""mock"", ""candidates"": [{""name"": ""Richard Martinez"", ""party"": ""D""}, {""name"": ""Elizabeth Johnson"", ""party"": ""R""}]}",Synthetic state-leg row — replace via OpenStates / FTM pipeline,mock
MD-U-028,MD,upper,28,ocd-division/country:us/state:md/sldu:28,MD SD-28,D,Susan Hernandez,D,2015,11.0,-13.4,Likely D,True,False,attack,47,24,408102.0,367292.0,466015.0,419413.0,367292.0,346887.0,419413.0,396112.0,346887.0,326482.0,396112.0,372812.0,357139.0,"{""office"": ""MD Senate District 28"", ""source"": ""mock"", ""candidates"": [{""name"": ""Susan Hernandez"", ""party"": ""D""}, {""name"": ""Michael Miller"", ""party"": ""R""}]}",Synthetic state-leg row — replace via OpenStates / FTM pipeline,mock
MD-U-029,MD,upper,29,ocd-division/country:us/state:md/sldu:29,MD SD-29,D,Joseph Lopez,D,2011,15.0,-14.0,Likely D,True,False,safe,47,24,215370.0,193833.0,262940.0,236646.0,193833.0,183065.0,236646.0,223499.0,183065.0,172296.0,223499.0,210352.0,191324.0,"{""office"": ""MD Senate District 29"", ""source"": ""mock"", ""candidates"": [{""name"": ""Joseph Lopez"", ""party"": ""D""}, {""name"": ""William Johnson"", ""party"": ""R""}]}",Synthetic state-leg row — replace via OpenStates / FTM pipeline,mock
MD-U-030,MD,upper,30,ocd-division/country:us/state:md/sldu:30,MD SD-30,D,Jessica Wilson,D,2015,11.0,-8.6,Likely D,True,False,attack,47,24,307625.0,276862.0,399095.0,359186.0,276862.0,261481.0,359186.0,339231.0,261481.0,246100.0,339231.0,319276.0,337206.0,"{""office"": ""MD Senate District 30"", ""source"": ""mock"", ""candidates"": [{""name"": ""Jessica Wilson"", ""party"": ""D""}, {""name"": ""Michael Miller"", ""party"": ""R""}]}",Synthetic state-leg row — replace via OpenStates / FTM pipeline,mock
MD-U-031,MD,upper,31,ocd-division/country:us/state:md/sldu:31,MD SD-31,D,James Anderson,D,2020,6.0,-17.2,Likely D,True,False,safe,47,24,247882.0,223094.0,340124.0,306111.0,223094.0,210700.0,306111.0,289105.0,210700.0,198306.0,289105.0,272099.0,208322.0,"{""office"": ""MD Senate District 31"", ""source"": ""mock"", ""candidates"": [{""name"": ""James Anderson"", ""party"": ""D""}]}",Synthetic state-leg row — replace via OpenStates / FTM pipeline,mock
MD-U-032,MD,upper,32,ocd-division/country:us/state:md/sldu:32,MD SD-32,D,Mary Thomas,D,2016,10.0,-30.0,Likely D,True,False,safe,47,24,172476.0,155228.0,202616.0,182354.0,155228.0,146604.0,182354.0,172223.0,146604.0,137980.0,172223.0,162092.0,93023.0,"{""office"": ""MD Senate District 32"", ""source"": ""mock"", ""candidates"": [{""name"": ""Mary Thomas"", ""party"": ""D""}]}",Synthetic state-leg row — replace via OpenStates / FTM pipeline,mock
MD-U-033,MD,upper,33,ocd-division/country:us/state:md/sldu:33,MD SD-33,D,Robert Smith,D,2015,11.0,-6.9,Lean D,True,False,attack,47,24,272656.0,245391.0,437335.0,393601.0,245391.0,231758.0,393601.0,371734.0,231758.0,218125.0,371734.0,349868.0,356010.0,"{""office"": ""MD Senate District 33"", ""source"": ""mock"", ""candidates"": [{""name"": ""Robert Smith"", ""party"": ""D""}, {""name"": ""Barbara Anderson"", ""party"": ""R""}]}",Synthetic state-leg row — replace via OpenStates / FTM pipeline,mock
MD-U-034,MD,upper,34,ocd-division/country:us/state:md/sldu:34,MD SD-34,D,Patricia Johnson,D,2014,12.0,-5.7,Lean D,True,False,attack,47,24,325905.0,293314.0,389325.0,350393.0,293314.0,277019.0,350393.0,330927.0,277019.0,260724.0,330927.0,311460.0,370898.0,"{""office"": ""MD Senate District 34"", ""source"": ""mock"", ""candidates"": [{""name"": ""Patricia Johnson"", ""party"": ""D""}, {""name"": ""Patricia Smith"", ""party"": ""R""}]}",Synthetic state-leg row — replace via OpenStates / FTM pipeline,mock
MD-U-035,MD,upper,35,ocd-division/country:us/state:md/sldu:35,MD SD-35,D,John Williams,D,2011,15.0,-14.2,Likely D,True,False,safe,47,24,438786.0,394908.0,494711.0,445240.0,394908.0,372968.0,445240.0,420504.0,372968.0,351029.0,420504.0,395769.0,370732.0,"{""office"": ""MD Senate District 35"", ""source"": ""mock"", ""candidates"": [{""name"": ""John Williams"", ""party"": ""D""}]}",Synthetic state-leg row — replace via OpenStates / FTM pipeline,mock
MD-U-036,MD,upper,36,ocd-division/country:us/state:md/sldu:36,MD SD-36,D,Jennifer Brown,D,2009,17.0,-14.9,Likely D,False,False,safe,47,24,187603.0,168843.0,190449.0,171404.0,168843.0,159463.0,171404.0,161882.0,159463.0,150082.0,161882.0,152360.0,146360.0,"{""office"": ""MD Senate District 36"", ""source"": ""mock"", ""candidates"": [{""name"": ""Jennifer Brown"", ""party"": ""D""}, {""name"": ""Joseph Brown"", ""party"": ""R""}]}",Synthetic state-leg row — replace via OpenStates / FTM pipeline,mock
MD-U-037,MD,upper,37,ocd-division/country:us/state:md/sldu:37,MD SD-37,D,Michael Jones,D,2014,12.0,-17.9,Likely D,True,False,safe,47,24,534786.0,481307.0,585975.0,527377.0,481307.0,454568.0,527377.0,498079.0,454568.0,427829.0,498079.0,468780.0,385862.0,"{""office"": ""MD Senate District 37"", ""source"": ""mock"", ""candidates"": [{""name"": ""Michael Jones"", ""party"": ""D""}, {""name"": ""Richard Garcia"", ""party"": ""R""}]}",Synthetic state-leg row — replace via OpenStates / FTM pipeline,mock
MD-U-038,MD,upper,38,ocd-division/country:us/state:md/sldu:38,MD SD-38,D,Linda Garcia,D,2018,8.0,0.3,Toss-up,True,False,attack,47,24,330139.0,297125.0,654752.0,589277.0,297125.0,280618.0,589277.0,556539.0,280618.0,264111.0,556539.0,523802.0,586714.0,"{""office"": ""MD Senate District 38"", ""source"": ""mock"", ""candidates"": [{""name"": ""Linda Garcia"", ""party"": ""D""}, {""name"": ""Richard Rodriguez"", ""party"": ""R""}]}",Synthetic state-leg row — replace via OpenStates / FTM pipeline,mock
MD-U-039,MD,upper,39,ocd-division/country:us/state:md/sldu:39,MD SD-39,D,David Miller,D,2021,5.0,-8.4,Likely D,False,False,attack,47,24,689659.0,620693.0,1029628.0,926665.0,620693.0,586210.0,926665.0,875184.0,586210.0,551727.0,875184.0,823702.0,825258.0,"{""office"": ""MD Senate District 39"", ""source"": ""mock"", ""candidates"": [{""name"": ""David Miller"", ""party"": ""D""}, {""name"": ""Jessica Anderson"", ""party"": ""R""}]}",Synthetic state-leg row — replace via OpenStates / FTM pipeline,mock
MD-U-040,MD,upper,40,ocd-division/country:us/state:md/sldu:40,MD SD-40,D,OPEN SEAT,,,0.0,-19.8,Likely D,False,True,safe,47,24,194396.0,174956.0,277069.0,249362.0,174956.0,165237.0,249362.0,235508.0,165237.0,155517.0,235508.0,221655.0,149522.0,"{""office"": ""MD Senate District 40"", ""source"": ""mock"", ""candidates"": []}",Synthetic state-leg row — replace via OpenStates / FTM pipeline,mock
MD-U-041,MD,upper,41,ocd-division/country:us/state:md/sldu:41,MD SD-41,D,Elizabeth Davis,D,2020,6.0,-16.1,Likely D,True,False,safe,47,24,490757.0,441681.0,584997.0,526497.0,441681.0,417143.0,526497.0,497248.0,417143.0,392605.0,497248.0,467998.0,398029.0,"{""office"": ""MD Senate District 41"", ""source"": ""mock"", ""candidates"": [{""name"": ""Elizabeth Davis"", ""party"": ""D""}, {""name"": ""Barbara Anderson"", ""party"": ""R""}]}",Synthetic state-leg row — replace via OpenStates / FTM pipeline,mock
MD-U-042,MD,upper,42,ocd-division/country:us/state:md/sldu:42,MD SD-42,D,William Rodriguez,D,2024,2.0,-17.1,Likely D,True,False,safe,47,24,266983.0,240285.0,376674.0,339006.0,240285.0,226936.0,339006.0,320173.0,226936.0,213587.0,320173.0,301339.0,228958.0,"{""office"": ""MD Senate District 42"", ""source"": ""mock"", ""candidates"": [{""name"": ""William Rodriguez"", ""party"": ""D""}]}",Synthetic state-leg row — replace via OpenStates / FTM pipeline,mock
MD-U-043,MD,upper,43,ocd-division/country:us/state:md/sldu:43,MD SD-43,D,Barbara Martinez,D,2017,9.0,3.6,Lean R,True,False,attack,47,24,891442.0,802297.0,1167335.0,1050601.0,802297.0,757725.0,1050601.0,992234.0,757725.0,713153.0,992234.0,933868.0,1129386.0,"{""office"": ""MD Senate District 43"", ""source"": ""mock"", ""candidates"": [{""name"": ""Barbara Martinez"", ""party"": ""D""}, {""name"": ""Jessica Johnson"", ""party"": ""R""}]}",Synthetic state-leg row — replace via OpenStates / FTM pipeline,mock
MD-U-044,MD,upper,44,ocd-division/country:us/state:md/sldu:44,MD SD-44,D,Richard Hernandez,D,2014,12.0,-11.7,Likely D,True,False,attack,47,24,529044.0,476140.0,422538.0,380285.0,476140.0,449687.0,380285.0,359158.0,449687.0,423235.0,359158.0,338031.0,411899.0,"{""office"": ""MD Senate District 44"", ""source"": ""mock"", ""candidates"": [{""name"": ""Richard Hernandez"", ""party"": ""D""}, {""name"": ""Michael Williams"", ""party"": ""R""}]}",Synthetic state-leg row — replace via OpenStates / FTM pipeline,mock
MD-U-045,MD,upper,45,ocd-division/country:us/state:md/sldu:45,MD SD-45,D,Susan Lopez,D,2018,8.0,-31.6,Likely D,True,False,safe,47,24,124782.0,112304.0,180840.0,162756.0,112304.0,106065.0,162756.0,153714.0,106065.0,99825.0,153714.0,144672.0,75794.0,"{""office"": ""MD Senate District 45"", ""source"": ""mock"", ""candidates"": [{""name"": ""Susan Lopez"", ""party"": ""D""}]}",Synthetic state-leg row — replace via OpenStates / FTM pipeline,mock
MD-U-046,MD,upper,46,ocd-division/country:us/state:md/sldu:46,MD SD-46,D,Joseph Wilson,D,2009,17.0,-26.3,Likely D,True,False,safe,47,24,131150.0,118035.0,143917.0,129525.0,118035.0,111478.0,129525.0,122329.0,111478.0,104920.0,122329.0,115133.0,68217.0,"{""office"": ""MD Senate District 46"", ""source"": ""mock"", ""candidates"": [{""name"": ""Joseph Wilson"", ""party"": ""D""}]}",Synthetic state-leg row — replace via OpenStates / FTM pipeline,mock
MD-U-047,MD,upper,47,ocd-division/country:us/state:md/sldu:47,MD SD-47,D,Jessica Anderson,D,2014,12.0,-16.9,Likely D,True,False,safe,47,24,119432.0,107489.0,135721.0,122149.0,107489.0,101517.0,122149.0,115363.0,101517.0,95545.0,115363.0,108577.0,91491.0,"{""office"": ""MD Senate District 47"", ""source"": ""mock"", ""candidates"": [{""name"": ""Jessica Anderson"", ""party"": ""D""}]}",Synthetic state-leg row — replace via OpenStates / FTM pipeline,mock
ME-U-001,ME,upper,1,ocd-division/country:us/state:me/sldu:1,ME SD-1,R,James Thomas,R,2017,9.0,4.0,Lean R,True,False,defend,35,18,371959.0,334763.0,299441.0,269497.0,334763.0,316165.0,269497.0,254525.0,316165.0,297567.0,254525.0,239553.0,364474.0,"{""office"": ""ME Senate District 1"", ""source"": ""mock"", ""candidates"": [{""name"": ""James Thomas"", ""party"": ""R""}, {""name"": ""Joseph Rodriguez"", ""party"": ""D""}]}",Synthetic state-leg row — replace via OpenStates / FTM pipeline,mock
ME-U-002,ME,upper,2,ocd-division/country:us/state:me/sldu:2,ME SD-2,R,Mary Smith,R,2015,11.0,0.3,Toss-up,True,False,defend,35,18,325727.0,293154.0,275626.0,248063.0,293154.0,276868.0,248063.0,234282.0,276868.0,260582.0,234282.0,220501.0,358234.0,"{""office"": ""ME Senate District 2"", ""source"": ""mock"", ""candidates"": [{""name"": ""Mary Smith"", ""party"": ""R""}, {""name"": ""Mary Martinez"", ""party"": ""D""}]}",Synthetic state-leg row — replace via OpenStates / FTM pipeline,mock
ME-U-003,ME,upper,3,ocd-division/country:us/state:me/sldu:3,ME SD-3,D,Robert Johnson,D,2015,11.0,-1.2,Toss-up,True,False,attack,35,18,310692.0,279623.0,410611.0,369550.0,279623.0,264088.0,369550.0,349019.0,264088.0,248553.0,349019.0,328489.0,420416.0,"{""office"": ""ME Senate District 3"", ""source"": ""mock"", ""candidates"": [{""name"": ""Robert Johnson"", ""party"": ""D""}, {""name"": ""John Rodriguez"", ""party"": ""R""}]}",Synthetic state-leg row — replace via OpenStates / FTM pipeline,mock
ME-U-004,ME,upper,4,ocd-division/country:us/state:me/sldu:4,ME SD-4,R,Patricia Williams,R,2009,17.0,-1.4,Toss-up,False,False,defend,35,18,556055.0,500449.0,446211.0,401590.0,500449.0,472646.0,401590.0,379279.0,472646.0,444844.0,379279.0,356969.0,581314.0,"{""office"": ""ME Senate District 4"", ""source"": ""mock"", ""candidates"": [{""name"": ""Patricia Williams"", ""party"": ""R""}, {""name"": ""Joseph Anderson"", ""party"": ""D""}]}",Synthetic state-leg row — replace via OpenStates / FTM pipeline,mock
ME-U-005,ME,upper,5,ocd-division/country:us/state:me/sldu:5,ME SD-5,R,John Brown,R,2009,17.0,4.0,Lean R,True,False,defend,35,18,418306.0,376475.0,305795.0,275215.0,376475.0,355560.0,275215.0,259925.0,355560.0,334645.0,259925.0,244636.0,393083.0,"{""office"": ""ME Senate District 5"", ""source"": ""mock"", ""candidates"": [{""name"": ""John Brown"", ""party"": ""R""}, {""name"": ""Elizabeth Lopez"", ""party"": ""D""}]}",Synthetic state-leg row — replace via OpenStates / FTM pipeline,mock
ME-U-006,ME,upper,6,ocd-division/country:us/state:me/sldu:6,ME SD-6,R,Jennifer Jones,R,2022,4.0,3.0,Lean R,True,False,defend,35,18,1174251.0,1056826.0,990845.0,891760.0,1056826.0,998113.0,891760.0,842218.0,998113.0,939401.0,842218.0,792676.0,1206268.0,"{""office"": ""ME Senate District 6"", ""source"": ""mock"", ""candidates"": [{""name"": ""Jennifer Jones"", ""party"": ""R""}, {""name"": ""Joseph Lopez"", ""party"": ""D""}]}",Synthetic state-leg row — replace via OpenStates / FTM pipeline,mock
ME-U-007,ME,upper,7,ocd-division/country:us/state:me/sldu:7,ME SD-7,D,Michael Garcia,D,2014,12.0,3.5,Lean R,True,False,attack,35,18,564173.0,507756.0,660539.0,594485.0,507756.0,479547.0,594485.0,561458.0,479547.0,451338.0,561458.0,528431.0,673592.0,"{""office"": ""ME Senate District 7"", ""source"": ""mock"", ""candidates"": [{""name"": ""Michael Garcia"", ""party"": ""D""}, {""name"": ""Joseph Jones"", ""party"": ""R""}]}",Synthetic state-leg row — replace via OpenStates / FTM pipeline,mock
ME-U-008,ME,upper,8,ocd-division/country:us/state:me/sldu:8,ME SD-8,R,Linda Miller,R,2014,12.0,8.8,Likely R,True,False,defend,35,18,343934.0,309540.0,265241.0,238717.0,309540.0,292343.0,238717.0,225455.0,292343.0,275147.0,225455.0,212193.0,288923.0,"{""office"": ""ME Senate District 8"", ""source"": ""mock"", ""candidates"": [{""name"": ""Linda Miller"", ""party"": ""R""}, {""name"": ""Patricia Davis"", ""party"": ""D""}]}",Synthetic state-leg row — replace via OpenStates / FTM pipeline,mock
ME-U-009,ME,upper,9,ocd-division/country:us/state:me/sldu:9,ME SD-9,R,David Davis,R,2010,16.0,7.1,Likely R,True,False,defend,35,18,835884.0,752296.0,610245.0,549220.0,752296.0,710502.0,549220.0,518708.0,710502.0,668708.0,518708.0,488196.0,720999.0,"{""office"": ""ME Senate District 9"", ""source"": ""mock"", ""candidates"": [{""name"": ""David Davis"", ""party"": ""R""}, {""name"": ""Susan Davis"", ""party"": ""D""}]}",Synthetic state-leg row — replace via OpenStates / FTM pipeline,mock
ME-U-010,ME,upper,10,ocd-division/country:us/state:me/sldu:10,ME SD-10,R,Elizabeth Rodriguez,R,2012,14.0,10.8,Likely R,True,False,defend,35,18,164255.0,147829.0,158980.0,143082.0,147829.0,139616.0,143082.0,135133.0,139616.0,131404.0,135133.0,127184.0,144070.0,"{""office"": ""ME Senate District 10"", ""source"": ""mock"", ""candidates"": [{""name"": ""Elizabeth Rodriguez"", ""party"": ""R""}, {""name"": ""Jennifer Thomas"", ""party"": ""D""}]}",Synthetic state-leg row — replace via OpenStates / FTM pipeline,mock
ME-U-011,ME,upper,11,ocd-division/country:us/state:me/sldu:11,ME SD-11,D,William Martinez,D,2019,7.0,2.2,Lean R,False,False,attack,35,18,450757.0,405682.0,640000.0,576000.0,405682.0,383144.0,576000.0,544000.0,383144.0,360606.0,544000.0,512000.0,620173.0,"{""office"": ""ME Senate District 11"", ""source"": ""mock"", ""candidates"": [{""name"": ""William Martinez"", ""party"": ""D""}, {""name"": ""Richard Williams"", ""party"": ""R""}]}",Synthetic state-leg row — replace via OpenStates / FTM pipeline,mock
ME-U-012,ME,upper,12,ocd-division/country:us/state:me/sldu:12,ME SD-12,R,OPEN SEAT,,,0.0,-0.1,Toss-up,False,True,defend,35,18,641937.0,577743.0,853191.0,767872.0,577743.0,545646.0,767872.0,725213.0,545646.0,513549.0,725213.0,682553.0,894941.0,"{""office"": ""ME Senate District 12"", ""source"": ""mock"", ""candidates"": [{""name"": ""Barbara Garcia"", ""party"": ""D""}]}",Synthetic state-leg row — replace via OpenStates / FTM pipeline,mock
ME-U-013,ME,upper,13,ocd-division/country:us/state:me/sldu:13,ME SD-13,R,Barbara Hernandez,R,2019,7.0,9.8,Likely R,True,False,defend,35,18,350515.0,315464.0,216870.0,195183.0,315464.0,297938.0,195183.0,184339.0,297938.0,280412.0,184339.0,173496.0,260997.0,"{""office"": ""ME Senate District 13"", ""source"": ""mock"", ""candidates"": [{""name"": ""Barbara Hernandez"", ""party"": ""R""}, {""name"": ""Robert Wilson"", ""party"": ""D""}]}",Synthetic state-leg row — replace via OpenStates / FTM pipeline,mock
ME-U-014,ME,upper,14,ocd-division/country:us/state:me/sldu:14,ME SD-14,D,Richard Lopez,D,2021,5.0,-3.9,Lean D,True,False,attack,35,18,969469.0,872522.0,1163960.0,1047564.0,872522.0,824049.0,1047564.0,989366.0,824049.0,775575.0,989366.0,931168.0,1161195.0,"{""office"": ""ME Senate District 14"", ""source"": ""mock"", ""candidates"": [{""name"": ""Richard Lopez"", ""party"": ""D""}, {""name"": ""Susan Miller"", ""party"": ""R""}]}",Synthetic state-leg row — replace via OpenStates / FTM pipeline,mock
ME-U-015,ME,upper,15,ocd-division/country:us/state:me/sldu:15,ME SD-15,R,Susan Wilson,R,2013,13.0,10.3,Likely R,True,False,defend,35,18,313707.0,282336.0,277362.0,249626.0,282336.0,266651.0,249626.0,235758.0,266651.0,250965.0,235758.0,221889.0,267670.0,"{""office"": ""ME Senate District 15"", ""source"": ""mock"", ""candidates"": [{""name"": ""Susan Wilson"", ""party"": ""R""}, {""name"": ""Jennifer Williams"", ""party"": ""D""}]}",Synthetic state-leg row — replace via OpenStates / FTM pipeline,mock
ME-U-016,ME,upper,16,ocd-division/country:us/state:me/sldu:16,ME SD-16,R,Joseph Anderson,R,2022,4.0,7.3,Likely R,True,False,defend,35,18,279993.0,251994.0,330772.0,297695.0,251994.0,237994.0,297695.0,281156.0,237994.0,223994.0,281156.0,264617.0,302765.0,"{""office"": ""ME Senate District 16"", ""source"": ""mock"", ""candidates"": [{""name"": ""Joseph Anderson"", ""party"": ""R""}, {""name"": ""Joseph Martinez"", ""party"": ""D""}]}",Synthetic state-leg row — replace via OpenStates / FTM pipeline,mock
ME-U-017,ME,upper,17,ocd-division/country:us/state:me/sldu:17,ME SD-17,D,Jessica Thomas,D,2023,3.0,-15.6,Likely D,False,False,safe,35,18,543717.0,489345.0,739217.0,665295.0,489345.0,462159.0,665295.0,628335.0,462159.0,434973.0,628335.0,591374.0,483849.0,"{""office"": ""ME Senate District 17"", ""source"": ""mock"", ""candidates"": [{""name"": ""Jessica Thomas"", ""party"": ""D""}]}",Synthetic state-leg row — replace via OpenStates / FTM pipeline,mock
ME-U-018,ME,upper,18,ocd-division/country:us/state:me/sldu:18,ME SD-18,D,James Smith,D,2008,18.0,-8.8,Likely D,True,False,attack,35,18,153794.0,138415.0,177037.0,159333.0,138415.0,130725.0,159333.0,150481.0,130725.0,123035.0,150481.0,141630.0,156908.0,"{""office"": ""ME Senate District 18"", ""source"": ""mock"", ""candidates"": [{""name"": ""James Smith"", ""party"": ""D""}, {""name"": ""Mary Lopez"", ""party"": ""R""}]}",Synthetic state-leg row — replace via OpenStates / FTM pipeline,mock
ME-U-019,ME,upper,19,ocd-division/country:us/state:me/sldu:19,ME SD-19,R,OPEN SEAT,,,0.0,10.3,Likely R,False,True,defend,35,18,237948.0,214153.0,124803.0,112323.0,214153.0,202256.0,112323.0,106083.0,202256.0,190359.0,106083.0,99843.0,164275.0,"{""office"": ""ME Senate District 19"", ""source"": ""mock"", ""candidates"": [{""name"": ""David Garcia"", ""party"": ""D""}]}",Synthetic state-leg row — replace via OpenStates / FTM pipeline,mock
ME-U-020,ME,upper,20,ocd-division/country:us/state:me/sldu:20,ME SD-20,D,Mary Johnson,D,2022,4.0,-2.2,Lean D,True,False,attack,35,18,575556.0,518000.0,815064.0,733558.0,518000.0,489222.0,733558.0,692805.0,489222.0,460445.0,692805.0,652051.0,790667.0,"{""office"": ""ME Senate District 20"", ""source"": ""mock"", ""candidates"": [{""name"": ""Mary Johnson"", ""party"": ""D""}, {""name"": ""Michael Williams"", ""party"": ""R""}]}",Synthetic state-leg row — replace via OpenStates / FTM pipeline,mock
ME-U-021,ME,upper,21,ocd-division/country:us/state:me/sldu:21,ME SD-21,D,Robert Williams,D,2009,17.0,-2.1,Lean D,True,False,attack,35,18,623446.0,561101.0,611931.0,550738.0,561101.0,529929.0,550738.0,520142.0,529929.0,498756.0,520142.0,489545.0,704165.0,"{""office"": ""ME Senate District 21"", ""source"": ""mock"", ""candidates"": [{""name"": ""Robert Williams"", ""party"": ""D""}, {""name"": ""Barbara Anderson"", ""party"": ""R""}]}",Synthetic state-leg row — replace via OpenStates / FTM pipeline,mock
ME-U-022,ME,upper,22,ocd-division/country:us/state:me/sldu:22,ME SD-22,D,Patricia Brown,D,2015,11.0,-9.8,Likely D,True,False,attack,35,18,508790.0,457911.0,738481.0,664632.0,457911.0,432472.0,664632.0,627708.0,432472.0,407032.0,627708.0,590784.0,573744.0,"{""office"": ""ME Senate District 22"", ""source"": ""mock"", ""candidates"": [{""name"": ""Patricia Brown"", ""party"": ""D""}, {""name"": ""William Rodriguez"", ""party"": ""R""}]}",Synthetic state-leg row — replace via OpenStates / FTM pipeline,mock
ME-U-023,ME,upper,23,ocd-division/country:us/state:me/sldu:23,ME SD-23,D,John Jones,D,2023,3.0,-0.7,Toss-up,True,False,attack,35,18,1172800.0,1055520.0,1446505.0,1301855.0,1055520.0,996880.0,1301855.0,1229529.0,996880.0,938240.0,1229529.0,1157204.0,1545390.0,"{""office"": ""ME Senate District 23"", ""source"": ""mock"", ""candidates"": [{""name"": ""John Jones"", ""party"": ""D""}, {""name"": ""Joseph Smith"", ""party"": ""R""}]}",Synthetic state-leg row — replace via OpenStates / FTM pipeline,mock
ME-U-024,ME,upper,24,ocd-division/country:us/state:me/sldu:24,ME SD-24,R,Jennifer Garcia,R,2023,3.0,9.7,Likely R,True,False,defend,35,18,872728.0,785455.0,550812.0,495730.0,785455.0,741819.0,495730.0,468190.0,741819.0,698182.0,468190.0,440649.0,656862.0,"{""office"": ""ME Senate District 24"", ""source"": ""mock"", ""candidates"": [{""name"": ""Jennifer Garcia"", ""party"": ""R""}, {""name"": ""Susan Martinez"", ""party"": ""D""}]}",Synthetic state-leg row — replace via OpenStates / FTM pipeline,mock
ME-U-025,ME,upper,25,ocd-division/country:us/state:me/sldu:25,ME SD-25,D,Michael Miller,D,2023,3.0,-9.4,Likely D,True,False,attack,35,18,611760.0,550584.0,651412.0,586271.0,550584.0,519996.0,586271.0,553700.0,519996.0,489408.0,553700.0,521130.0,588277.0,"{""office"": ""ME Senate District 25"", ""source"": ""mock"", ""candidates"": [{""name"": ""Michael Miller"", ""party"": ""D""}, {""name"": ""William Smith"", ""party"": ""R""}]}",Synthetic state-leg row — replace via OpenStates / FTM pipeline,mock
ME-U-026,ME,upper,26,ocd-division/country:us/state:me/sldu:26,ME SD-26,D,Linda Davis,D,2010,16.0,-5.3,Lean D,True,False,attack,35,18,551128.0,496015.0,528126.0,475313.0,496015.0,468459.0,475313.0,448907.0,468459.0,440903.0,448907.0,422500.0,565837.0,"{""office"": ""ME Senate District 26"", ""source"": ""mock"", ""candidates"": [{""name"": ""Linda Davis"", ""party"": ""D""}, {""name"": ""John Smith"", ""party"": ""R""}]}",Synthetic state-leg row — replace via OpenStates / FTM pipeline,mock
ME-U-027,ME,upper,27,ocd-division/country:us/state:me/sldu:27,ME SD-27,D,David Rodriguez,D,2021,5.0,-10.7,Likely D,True,False,attack,35,18,629019.0,566117.0,684515.0,616064.0,566117.0,534666.0,616064.0,581838.0,534666.0,503215.0,581838.0,547612.0,587338.0,"{""office"": ""ME Senate District 27"", ""source"": ""mock"", ""candidates"": [{""name"": ""David Rodriguez"", ""party"": ""D""}, {""name"": ""Jessica Miller"", ""party"": ""R""}]}",Synthetic state-leg row — replace via OpenStates / FTM pipeline,mock
ME-U-028,ME,upper,28,ocd-division/country:us/state:me/sldu:28,ME SD-28,R,Elizabeth Martinez,R,2017,9.0,1.3,Toss-up,True,False,defend,35,18,1586701.0,1428030.0,1250387.0,1125348.0,1428030.0,1348695.0,1125348.0,1062829.0,1348695.0,1269360.0,1062829.0,1000309.0,1649564.0,"{""office"": ""ME Senate District 28"", ""source"": ""mock"", ""candidates"": [{""name"": ""Elizabeth Martinez"", ""party"": ""R""}, {""name"": ""Michael Jones"", ""party"": ""D""}]}",Synthetic state-leg row — replace via OpenStates / FTM pipeline,mock
ME-U-029,ME,upper,29,ocd-division/country:us/state:me/sldu:29,ME SD-29,D,William Hernandez,D,2019,7.0,-10.8,Likely D,True,False,attack,35,18,131444.0,118300.0,178069.0,160262.0,118300.0,111728.0,160262.0,151359.0,111728.0,105156.0,151359.0,142455.0,137955.0,"{""office"": ""ME Senate District 29"", ""source"": ""mock"", ""candidates"": [{""name"": ""William Hernandez"", ""party"": ""D""}, {""name"": ""Richard Anderson"", ""party"": ""R""}]}",Synthetic state-leg row — replace via OpenStates / FTM pipeline,mock
ME-U-030,ME,upper,30,ocd-division/country:us/state:me/sldu:30,ME SD-30,R,OPEN SEAT,,,0.0,4.4,Lean R,False,True,defend,35,18,584782.0,526304.0,395702.0,356131.0,526304.0,497065.0,356131.0,336346.0,497065.0,467826.0,336346.0,316561.0,526660.0,"{""office"": ""ME Senate District 30"", ""source"": ""mock"", ""candidates"": [{""name"": ""Michael Martinez"", ""party"": ""D""}]}",Synthetic state-leg row — replace via OpenStates / FTM pipeline,mock
ME-U-031,ME,upper,31,ocd-division/country:us/state:me/sldu:31,ME SD-31,D,Barbara Lopez,D,2020,6.0,1.5,Toss-up,False,False,attack,35,18,244259.0,219833.0,212719.0,191447.0,219833.0,207620.0,191447.0,180811.0,207620.0,195407.0,180811.0,170175.0,264394.0,"{""office"": ""ME Senate District 31"", ""source"": ""mock"", ""candidates"": [{""name"": ""Barbara Lopez"", ""party"": ""D""}, {""name"": ""Susan Hernandez"", ""party"": ""R""}]}",Synthetic state-leg row — replace via OpenStates / FTM pipeline,mock
ME-U-032,ME,upper,32,ocd-division/country:us/state:me/sldu:32,ME SD-32,R,Richard Wilson,R,2023,3.0,12.8,Likely R,False,False,defend,35,18,368517.0,331665.0,241770.0,217593.0,331665.0,313239.0,217593.0,205505.0,313239.0,294813.0,205505.0,193416.0,254577.0,"{""office"": ""ME Senate District 32"", ""source"": ""mock"", ""candidates"": [{""name"": ""Richard Wilson"", ""party"": ""R""}, {""name"": ""Jennifer Anderson"", ""party"": ""D""}]}",Synthetic state-leg row — replace via OpenStates / FTM pipeline,mock
ME-U-033,ME,upper,33,ocd-division/country:us/state:me/sldu:33,ME SD-33,D,Susan Anderson,D,2019,7.0,-2.7,Lean D,True,False,attack,35,18,299585.0,269627.0,370759.0,333683.0,269627.0,254648.0,333683.0,315145.0,254648.0,239668.0,315145.0,296607.0,376350.0,"{""office"": ""ME Senate District 33"", ""source"": ""mock"", ""candidates"": [{""name"": ""Susan Anderson"", ""party"": ""D""}, {""name"": ""Richard Jones"", ""party"": ""R""}]}",Synthetic state-leg row — replace via OpenStates / FTM pipeline,mock
ME-U-034,ME,upper,34,ocd-division/country:us/state:me/sldu:34,ME SD-34,D,Joseph Thomas,D,2010,16.0,-19.8,Likely D,True,False,safe,35,18,195121.0,175609.0,289472.0,260525.0,175609.0,165853.0,260525.0,246051.0,165853.0,156097.0,246051.0,231578.0,153685.0,"{""office"": ""ME Senate District 34"", ""source"": ""mock"", ""candidates"": [{""name"": ""Joseph Thomas"", ""party"": ""D""}]}",Synthetic state-leg row — replace via OpenStates / FTM pipeline,mock
ME-U-035,ME,upper,35,ocd-division/country:us/state:me/sldu:35,ME SD-35,R,Jessica Smith,R,2011,15.0,2.4,Lean R,True,False,defend,35,18,515870.0,464283.0,651172.0,586055.0,464283.0,438490.0,586055.0,553497.0,438490.0,412696.0,553497.0,520938.0,660213.0,"{""office"": ""ME Senate District 35"", ""source"": ""mock"", ""candidates"": [{""name"": ""Jessica Smith"", ""party"": ""R""}, {""name"": ""Jennifer Rodriguez"", ""party"": ""D""}]}",Synthetic state-leg row — replace via OpenStates / FTM pipeline,mock
MI-U-001,MI,upper,1,ocd-division/country:us/state:mi/sldu:1,MI SD-1,D,James Johnson,D,2022,4.0,-5.4,Lean D,True,False,attack,38,20,433808.0,390427.0,558115.0,502304.0,390427.0,368737.0,502304.0,474398.0,368737.0,347046.0,474398.0,446492.0,518634.0,"{""office"": ""MI Senate District 1"", ""source"": ""mock"", ""candidates"": [{""name"": ""James Johnson"", ""party"": ""D""}, {""name"": ""Robert Johnson"", ""party"": ""R""}]}",Synthetic state-leg row — replace via OpenStates / FTM pipeline,mock
MI-U-002,MI,upper,2,ocd-division/country:us/state:mi/sldu:2,MI SD-2,D,Mary Williams,D,2011,15.0,-2.6,Lean D,True,False,attack,38,20,828418.0,745577.0,818331.0,736498.0,745577.0,704156.0,736498.0,695582.0,704156.0,662735.0,695582.0,654665.0,926885.0,"{""office"": ""MI Senate District 2"", ""source"": ""mock"", ""candidates"": [{""name"": ""Mary Williams"", ""party"": ""D""}, {""name"": ""Robert Wilson"", ""party"": ""R""}]}",Synthetic state-leg row — replace via OpenStates / FTM pipeline,mock
MI-U-003,MI,upper,3,ocd-division/country:us/state:mi/sldu:3,MI SD-3,D,Robert Brown,D,2011,15.0,-3.9,Lean D,True,False,attack,38,20,725166.0,652650.0,584042.0,525638.0,652650.0,616391.0,525638.0,496435.0,616391.0,580133.0,496435.0,467233.0,712583.0,"{""office"": ""MI Senate District 3"", ""source"": ""mock"", ""candidates"": [{""name"": ""Robert Brown"", ""party"": ""D""}, {""name"": ""Jennifer Thomas"", ""party"": ""R""}]}",Synthetic state-leg row — replace via OpenStates / FTM pipeline,mock
MI-U-004,MI,upper,4,ocd-division/country:us/state:mi/sldu:4,MI SD-4,R,Patricia Jones,R,2020,6.0,2.1,Lean R,True,False,defend,38,20,797179.0,717461.0,544937.0,490443.0,717461.0,677602.0,490443.0,463196.0,677602.0,637743.0,463196.0,435950.0,765006.0,"{""office"": ""MI Senate District 4"", ""source"": ""mock"", ""candidates"": [{""name"": ""Patricia Jones"", ""party"": ""R""}, {""name"": ""Barbara Hernandez"", ""party"": ""D""}]}",Synthetic state-leg row — replace via OpenStates / FTM pipeline,mock
MI-U-005,MI,upper,5,ocd-division/country:us/state:mi/sldu:5,MI SD-5,R,John Garcia,R,2012,14.0,17.6,Likely R,True,False,safe,38,20,341120.0,307008.0,266991.0,240292.0,307008.0,289952.0,240292.0,226942.0,289952.0,272896.0,226942.0,213593.0,211970.0,"{""office"": ""MI Senate District 5"", ""source"": ""mock"", ""candidates"": [{""name"": ""John Garcia"", ""party"": ""R""}, {""name"": ""Susan Brown"", ""party"": ""D""}]}",Synthetic state-leg row — replace via OpenStates / FTM pipeline,mock
MI-U-006,MI,upper,6,ocd-division/country:us/state:mi/sldu:6,MI SD-6,D,Jennifer Miller,D,2022,4.0,-1.3,Toss-up,True,False,attack,38,20,325215.0,292694.0,327618.0,294857.0,292694.0,276433.0,294857.0,278476.0,276433.0,260172.0,278476.0,262095.0,379576.0,"{""office"": ""MI Senate District 6"", ""source"": ""mock"", ""candidates"": [{""name"": ""Jennifer Miller"", ""party"": ""D""}, {""name"": ""Jennifer Garcia"", ""party"": ""R""}]}",Synthetic state-leg row — replace via OpenStates / FTM pipeline,mock
MI-U-007,MI,upper,7,ocd-division/country:us/state:mi/sldu:7,MI SD-7,R,Michael Davis,R,2014,12.0,13.1,Likely R,True,False,defend,38,20,398951.0,359056.0,285908.0,257318.0,359056.0,339109.0,257318.0,243022.0,339109.0,319161.0,243022.0,228727.0,282749.0,"{""office"": ""MI Senate District 7"", ""source"": ""mock"", ""candidates"": [{""name"": ""Michael Davis"", ""party"": ""R""}, {""name"": ""Michael Davis"", ""party"": ""D""}]}",Synthetic state-leg row — replace via OpenStates / FTM pipeline,mock
MI-U-008,MI,upper,8,ocd-division/country:us/state:mi/sldu:8,MI SD-8,R,Linda Rodriguez,R,2019,7.0,7.3,Likely R,True,False,defend,38,20,393766.0,354390.0,315636.0,284072.0,354390.0,334701.0,284072.0,268291.0,334701.0,315013.0,268291.0,252509.0,351661.0,"{""office"": ""MI Senate District 8"", ""source"": ""mock"", ""candidates"": [{""name"": ""Linda Rodriguez"", ""party"": ""R""}, {""name"": ""Jessica Jones"", ""party"": ""D""}]}",Synthetic state-leg row — replace via OpenStates / FTM pipeline,mock
MI-U-009,MI,upper,9,ocd-division/country:us/state:mi/sldu:9,MI SD-9,R,David Martinez,R,2023,3.0,-4.7,Lean D,True,False,defend,38,20,247344.0,222610.0,194794.0,175315.0,222610.0,210243.0,175315.0,165575.0,210243.0,197876.0,165575.0,155835.0,235597.0,"{""office"": ""MI Senate District 9"", ""source"": ""mock"", ""candidates"": [{""name"": ""David Martinez"", ""party"": ""R""}, {""name"": ""Barbara Rodriguez"", ""party"": ""D""}]}",Synthetic state-leg row — replace via OpenStates / FTM pipeline,mock
MI-U-010,MI,upper,10,ocd-division/country:us/state:mi/sldu:10,MI SD-10,R,Elizabeth Hernandez,R,2009,17.0,7.1,Likely R,True,False,defend,38,20,292921.0,263629.0,251066.0,225959.0,263629.0,248983.0,225959.0,213406.0,248983.0,234337.0,213406.0,200852.0,271216.0,"{""office"": ""MI Senate District 10"", ""source"": ""mock"", ""candidates"": [{""name"": ""Elizabeth Hernandez"", ""party"": ""R""}, {""name"": ""Robert Davis"", ""party"": ""D""}]}",Synthetic state-leg row — replace via OpenStates / FTM pipeline,mock
MI-U-011,MI,upper,11,ocd-division/country:us/state:mi/sldu:11,MI SD-11,D,William Lopez,D,2009,17.0,-7.9,Likely D,True,False,attack,38,20,250071.0,225064.0,403481.0,363133.0,225064.0,212560.0,363133.0,342959.0,212560.0,200057.0,342959.0,322785.0,318373.0,"{""office"": ""MI Senate District 11"", ""source"": ""mock"", ""candidates"": [{""name"": ""William Lopez"", ""party"": ""D""}, {""name"": ""Jessica Williams"", ""party"": ""R""}]}",Synthetic state-leg row — replace via OpenStates / FTM pipeline,mock
MI-U-012,MI,upper,12,ocd-division/country:us/state:mi/sldu:12,MI SD-12,D,Barbara Wilson,D,2011,15.0,-11.3,Likely D,True,False,attack,38,20,470760.0,423684.0,624886.0,562397.0,423684.0,400146.0,562397.0,531153.0,400146.0,376608.0,531153.0,499909.0,480519.0,"{""office"": ""MI Senate District 12"", ""source"": ""mock"", ""candidates"": [{""name"": ""Barbara Wilson"", ""party"": ""D""}, {""name"": ""Robert Wilson"", ""party"": ""R""}]}",Synthetic state-leg row — replace via OpenStates / FTM pipeline,mock
MI-U-013,MI,upper,13,ocd-division/country:us/state:mi/sldu:13,MI SD-13,R,Richard Anderson,R,2014,12.0,6.4,Lean R,True,False,defend,38,20,706994.0,636295.0,821371.0,739233.0,636295.0,600945.0,739233.0,698165.0,600945.0,565595.0,698165.0,657096.0,777283.0,"{""office"": ""MI Senate District 13"", ""source"": ""mock"", ""candidates"": [{""name"": ""Richard Anderson"", ""party"": ""R""}, {""name"": ""Michael Martinez"", ""party"": ""D""}]}",Synthetic state-leg row — replace via OpenStates / FTM pipeline,mock
MI-U-014,MI,upper,14,ocd-division/country:us/state:mi/sldu:14,MI SD-14,D,Susan Thomas,D,2022,4.0,-18.9,Likely D,True,False,safe,38,20,221201.0,199081.0,281896.0,253706.0,199081.0,188021.0,253706.0,239611.0,188021.0,176961.0,239611.0,225517.0,166022.0,"{""office"": ""MI Senate District 14"", ""source"": ""mock"", ""candidates"": [{""name"": ""Susan Thomas"", ""party"": ""D""}]}",Synthetic state-leg row — replace via OpenStates / FTM pipeline,mock
MI-U-015,MI,upper,15,ocd-division/country:us/state:mi/sldu:15,MI SD-15,D,Joseph Smith,D,2019,7.0,-5.8,Lean D,True,False,attack,38,20,397787.0,358009.0,586359.0,527723.0,358009.0,338119.0,527723.0,498405.0,338119.0,318230.0,498405.0,469087.0,508944.0,"{""office"": ""MI Senate District 15"", ""source"": ""mock"", ""candidates"": [{""name"": ""Joseph Smith"", ""party"": ""D""}, {""name"": ""Elizabeth Hernandez"", ""party"": ""R""}]}",Synthetic state-leg row — replace via OpenStates / FTM pipeline,mock
MI-U-016,MI,upper,16,ocd-division/country:us/state:mi/sldu:16,MI SD-16,R,Jessica Johnson,R,2020,6.0,7.3,Likely R,True,False,defend,38,20,741328.0,667195.0,645900.0,581310.0,667195.0,630129.0,581310.0,549015.0,630129.0,593062.0,549015.0,516720.0,687669.0,"{""office"": ""MI Senate District 16"", ""source"": ""mock"", ""candidates"": [{""name"": ""Jessica Johnson"", ""party"": ""R""}, {""name"": ""Richard Rodriguez"", ""party"": ""D""}]}",Synthetic state-leg row — replace via OpenStates / FTM pipeline,mock
MI-U-017,MI,upper,17,ocd-division/country:us/state:mi/sldu:17,MI SD-17,D,James Williams,D,2016,10.0,-7.1,Likely D,True,False,attack,38,20,180676.0,162609.0,279842.0,251858.0,162609.0,153575.0,251858.0,237866.0,153575.0,144541.0,237866.0,223874.0,229601.0,"{""office"": ""MI Senate District 17"", ""source"": ""mock"", ""candidates"": [{""name"": ""James Williams"", ""party"": ""D""}, {""name"": ""David Anderson"", ""party"": ""R""}]}",Synthetic state-leg row — replace via OpenStates / FTM pipeline,mock
MI-U-018,MI,upper,18,ocd-division/country:us/state:mi/sldu:18,MI SD-18,R,Mary Brown,R,2016,10.0,3.8,Lean R,True,False,defend,38,20,1428812.0,1285931.0,1008497.0,907647.0,1285931.0,1214490.0,907647.0,857222.0,1214490.0,1143049.0,857222.0,806797.0,1330074.0,"{""office"": ""MI Senate District 18"", ""source"": ""mock"", ""candidates"": [{""name"": ""Mary Brown"", ""party"": ""R""}, {""name"": ""Robert Hernandez"", ""party"": ""D""}]}",Synthetic state-leg row — replace via OpenStates / FTM pipeline,mock
MI-U-019,MI,upper,19,ocd-division/country:us/state:mi/sldu:19,MI SD-19,R,Robert Jones,R,2016,10.0,10.0,Likely R,True,False,defend,38,20,875554.0,787998.0,569528.0,512575.0,787998.0,744221.0,512575.0,484099.0,744221.0,700443.0,484099.0,455622.0,660609.0,"{""office"": ""MI Senate District 19"", ""source"": ""mock"", ""candidates"": [{""name"": ""Robert Jones"", ""party"": ""R""}, {""name"": ""Linda Smith"", ""party"": ""D""}]}",Synthetic state-leg row — replace via OpenStates / FTM pipeline,mock
MI-U-020,MI,upper,20,ocd-division/country:us/state:mi/sldu:20,MI SD-20,D,Patricia Garcia,D,2017,9.0,3.1,Lean R,True,False,attack,38,20,380782.0,342704.0,390019.0,351017.0,342704.0,323665.0,351017.0,331516.0,323665.0,304626.0,331516.0,312015.0,428345.0,"{""office"": ""MI Senate District 20"", ""source"": ""mock"", ""candidates"": [{""name"": ""Patricia Garcia"", ""party"": ""D""}, {""name"": ""Elizabeth Rodriguez"", ""party"": ""R""}]}",Synthetic state-leg row — replace via OpenStates / FTM pipeline,mock
MI-U-021,MI,upper,21,ocd-division/country:us/state:mi/sldu:21,MI SD-21,R,John Miller,R,2011,15.0,6.1,Lean R,True,False,defend,38,20,520354.0,468319.0,362474.0,326227.0,468319.0,442301.0,326227.0,308103.0,442301.0,416283.0,308103.0,289979.0,452765.0,"{""office"": ""MI Senate District 21"", ""source"": ""mock"", ""candidates"": [{""name"": ""John Miller"", ""party"": ""R""}, {""name"": ""Barbara Brown"", ""party"": ""D""}]}",Synthetic state-leg row — replace via OpenStates / FTM pipeline,mock
MI-U-022,MI,upper,22,ocd-division/country:us/state:mi/sldu:22,MI SD-22,D,Jennifer Davis,D,2014,12.0,-28.0,Likely D,True,False,safe,38,20,151673.0,136506.0,193767.0,174390.0,136506.0,128922.0,174390.0,164702.0,128922.0,121339.0,164702.0,155013.0,85669.0,"{""office"": ""MI Senate District 22"", ""source"": ""mock"", ""candidates"": [{""name"": ""Jennifer Davis"", ""party"": ""D""}, {""name"": ""Patricia Martinez"", ""party"": ""R""}]}",Synthetic state-leg row — replace via OpenStates / FTM pipeline,mock
MI-U-023,MI,upper,23,ocd-division/country:us/state:mi/sldu:23,MI SD-23,R,Michael Rodriguez,R,2017,9.0,16.2,Likely R,True,False,safe,38,20,238386.0,214548.0,134246.0,120821.0,214548.0,202628.0,120821.0,114109.0,202628.0,190709.0,114109.0,107396.0,137342.0,"{""office"": ""MI Senate District 23"", ""source"": ""mock"", ""candidates"": [{""name"": ""Michael Rodriguez"", ""party"": ""R""}]}",Synthetic state-leg row — replace via OpenStates / FTM pipeline,mock
MI-U-024,MI,upper,24,ocd-division/country:us/state:mi/sldu:24,MI SD-24,D,Linda Martinez,D,2008,18.0,-18.8,Likely D,True,False,safe,38,20,151950.0,136755.0,208021.0,187219.0,136755.0,129157.0,187219.0,176818.0,129157.0,121560.0,176818.0,166417.0,119305.0,"{""office"": ""MI Senate District 24"", ""source"": ""mock"", ""candidates"": [{""name"": ""Linda Martinez"", ""party"": ""D""}]}",Synthetic state-leg row — replace via OpenStates / FTM pipeline,mock
MI-U-025,MI,upper,25,ocd-division/country:us/state:mi/sldu:25,MI SD-25,R,David Hernandez,R,2009,17.0,14.5,Likely R,True,False,safe,38,20,192574.0,173316.0,123152.0,110837.0,173316.0,163688.0,110837.0,104679.0,163688.0,154059.0,104679.0,98522.0,124035.0,"{""office"": ""MI Senate District 25"", ""source"": ""mock"", ""candidates"": [{""name"": ""David Hernandez"", ""party"": ""R""}]}",Synthetic state-leg row — replace via OpenStates / FTM pipeline,mock
MI-U-026,MI,upper,26,ocd-division/country:us/state:mi/sldu:26,MI SD-26,R,Elizabeth Lopez,R,2022,4.0,2.7,Lean R,False,False,defend,38,20,518614.0,466753.0,368878.0,331990.0,466753.0,440822.0,331990.0,313546.0,440822.0,414891.0,313546.0,295102.0,498263.0,"{""office"": ""MI Senate District 26"", ""source"": ""mock"", ""candidates"": [{""name"": ""Elizabeth Lopez"", ""party"": ""R""}, {""name"": ""Patricia Rodriguez"", ""party"": ""D""}]}",Synthetic state-leg row — replace via OpenStates / FTM pipeline,mock
MI-U-027,MI,upper,27,ocd-division/country:us/state:mi/sldu:27,MI SD-27,R,William Wilson,R,2014,12.0,4.5,Lean R,True,False,defend,38,20,1121203.0,1009082.0,708531.0,637678.0,1009082.0,953022.0,637678.0,602251.0,953022.0,896962.0,602251.0,566825.0,980214.0,"{""office"": ""MI Senate District 27"", ""source"": ""mock"", ""candidates"": [{""name"": ""William Wilson"", ""party"": ""R""}, {""name"": ""Patricia Hernandez"", ""party"": ""D""}]}",Synthetic state-leg row — replace via OpenStates / FTM pipeline,mock
MI-U-028,MI,upper,28,ocd-division/country:us/state:mi/sldu:28,MI SD-28,R,Barbara Anderson,R,2023,3.0,23.1,Likely R,True,False,safe,38,20,199788.0,179809.0,222277.0,200049.0,179809.0,169819.0,200049.0,188935.0,169819.0,159830.0,188935.0,177821.0,113957.0,"{""office"": ""MI Senate District 28"", ""source"": ""mock"", ""candidates"": [{""name"": ""Barbara Anderson"", ""party"": ""R""}]}",Synthetic state-leg row — replace via OpenStates / FTM pipeline,mock
MI-U-029,MI,upper,29,ocd-division/country:us/state:mi/sldu:29,MI SD-29,D,Richard Thomas,D,2020,6.0,-8.7,Likely D,True,False,attack,38,20,213002.0,191702.0,202577.0,182319.0,191702.0,181052.0,182319.0,172190.0,181052.0,170402.0,172190.0,162061.0,197697.0,"{""office"": ""MI Senate District 29"", ""source"": ""mock"", ""candidates"": [{""name"": ""Richard Thomas"", ""party"": ""D""}, {""name"": ""Jessica Lopez"", ""party"": ""R""}]}",Synthetic state-leg row — replace via OpenStates / FTM pipeline,mock
MI-U-030,MI,upper,30,ocd-division/country:us/state:mi/sldu:30,MI SD-30,R,Susan Smith,R,2008,18.0,5.2,Lean R,True,False,defend,38,20,268878.0,241990.0,177208.0,159487.0,241990.0,228546.0,159487.0,150627.0,228546.0,215102.0,150627.0,141767.0,234514.0,"{""office"": ""MI Senate District 30"", ""source"": ""mock"", ""candidates"": [{""name"": ""Susan Smith"", ""party"": ""R""}, {""name"": ""Mary Wilson"", ""party"": ""D""}]}",Synthetic state-leg row — replace via OpenStates / FTM pipeline,mock
MI-U-031,MI,upper,31,ocd-division/country:us/state:mi/sldu:31,MI SD-31,R,Joseph Johnson,R,2024,2.0,2.2,Lean R,True,False,defend,38,20,833024.0,749721.0,886429.0,797786.0,749721.0,708070.0,797786.0,753464.0,708070.0,666419.0,753464.0,709143.0,977631.0,"{""office"": ""MI Senate District 31"", ""source"": ""mock"", ""candidates"": [{""name"": ""Joseph Johnson"", ""party"": ""R""}, {""name"": ""Jessica Thomas"", ""party"": ""D""}]}",Synthetic state-leg row — replace via OpenStates / FTM pipeline,mock
MI-U-032,MI,upper,32,ocd-division/country:us/state:mi/sldu:32,MI SD-32,R,Jessica Williams,R,2024,2.0,13.6,Likely R,True,False,defend,38,20,886464.0,797818.0,556097.0,500487.0,797818.0,753495.0,500487.0,472683.0,753495.0,709172.0,472683.0,444878.0,585268.0,"{""office"": ""MI Senate District 32"", ""source"": ""mock"", ""candidates"": [{""name"": ""Jessica Williams"", ""party"": ""R""}, {""name"": ""Jennifer Williams"", ""party"": ""D""}]}",Synthetic state-leg row — replace via OpenStates / FTM pipeline,mock
MI-U-033,MI,upper,33,ocd-division/country:us/state:mi/sldu:33,MI SD-33,D,James Brown,D,2023,3.0,-20.4,Likely D,True,False,safe,38,20,314127.0,282714.0,389597.0,350637.0,282714.0,267008.0,350637.0,331157.0,267008.0,251301.0,331157.0,311677.0,217149.0,"{""office"": ""MI Senate District 33"", ""source"": ""mock"", ""candidates"": [{""name"": ""James Brown"", ""party"": ""D""}]}",Synthetic state-leg row — replace via OpenStates / FTM pipeline,mock
MI-U-034,MI,upper,34,ocd-division/country:us/state:mi/sldu:34,MI SD-34,D,Mary Jones,D,2008,18.0,4.2,Lean R,True,False,attack,38,20,330972.0,297875.0,547307.0,492576.0,297875.0,281326.0,492576.0,465211.0,281326.0,264778.0,465211.0,437845.0,474271.0,"{""office"": ""MI Senate District 34"", ""source"": ""mock"", ""candidates"": [{""name"": ""Mary Jones"", ""party"": ""D""}, {""name"": ""Robert Anderson"", ""party"": ""R""}]}",Synthetic state-leg row — replace via OpenStates / FTM pipeline,mock
MI-U-035,MI,upper,35,ocd-division/country:us/state:mi/sldu:35,MI SD-35,D,Robert Garcia,D,2012,14.0,-2.5,Lean D,True,False,attack,38,20,742166.0,667949.0,759376.0,683438.0,667949.0,630841.0,683438.0,645470.0,630841.0,593733.0,645470.0,607501.0,847299.0,"{""office"": ""MI Senate District 35"", ""source"": ""mock"", ""candidates"": [{""name"": ""Robert Garcia"", ""party"": ""D""}, {""name"": ""Mary Martinez"", ""party"": ""R""}]}",Synthetic state-leg row — replace via OpenStates / FTM pipeline,mock
MI-U-036,MI,upper,36,ocd-division/country:us/state:mi/sldu:36,MI SD-36,D,Patricia Miller,D,2012,14.0,-8.1,Likely D,True,False,attack,38,20,484835.0,436351.0,447867.0,403080.0,436351.0,412109.0,403080.0,380687.0,412109.0,387868.0,380687.0,358294.0,451694.0,"{""office"": ""MI Senate District 36"", ""source"": ""mock"", ""candidates"": [{""name"": ""Patricia Miller"", ""party"": ""D""}, {""name"": ""David Hernandez"", ""party"": ""R""}]}",Synthetic state-leg row — replace via OpenStates / FTM pipeline,mock
MI-U-037,MI,upper,37,ocd-division/country:us/state:mi/sldu:37,MI SD-37,R,John Davis,R,2016,10.0,-0.6,Toss-up,True,False,defend,38,20,1024735.0,922262.0,1213943.0,1092548.0,922262.0,871025.0,1092548.0,1031851.0,871025.0,819788.0,1031851.0,971154.0,1324018.0,"{""office"": ""MI Senate District 37"", ""source"": ""mock"", ""candidates"": [{""name"": ""John Davis"", ""party"": ""R""}, {""name"": ""Michael Jones"", ""party"": ""D""}]}",Synthetic state-leg row — replace via OpenStates / FTM pipeline,mock
MI-U-038,MI,upper,38,ocd-division/country:us/state:mi/sldu:38,MI SD-38,R,Jennifer Rodriguez,R,2012,14.0,9.6,Likely R,True,False,defend,38,20,716736.0,645062.0,630908.0,567817.0,645062.0,609226.0,567817.0,536272.0,609226.0,573389.0,536272.0,504727.0,623767.0,"{""office"": ""MI Senate District 38"", ""source"": ""mock"", ""candidates"": [{""name"": ""Jennifer Rodriguez"", ""party"": ""R""}, {""name"": ""David Miller"", ""party"": ""D""}]}",Synthetic state-leg row — replace via OpenStates / FTM pipeline,mock
MN-U-001,MN,upper,1,ocd-division/country:us/state:mn/sldu:1,MN SD-1,D,Michael Martinez,D,2009,17.0,-3.0,Lean D,True,False,attack,67,34,266591.0,239932.0,424231.0,381807.0,239932.0,226602.0,381807.0,360596.0,226602.0,213273.0,360596.0,339384.0,384886.0,"{""office"": ""MN Senate District 1"", ""source"": ""mock"", ""candidates"": [{""name"": ""Michael Martinez"", ""party"": ""D""}, {""name"": ""Linda Davis"", ""party"": ""R""}]}",Synthetic state-leg row — replace via OpenStates / FTM pipeline,mock
MN-U-002,MN,upper,2,ocd-division/country:us/state:mn/sldu:2,MN SD-2,D,OPEN SEAT,,,0.0,-0.9,Toss-up,False,True,attack,67,34,558779.0,502901.0,754547.0,679093.0,502901.0,474962.0,679093.0,641365.0,474962.0,447023.0,641365.0,603638.0,771110.0,"{""office"": ""MN Senate District 2"", ""source"": ""mock"", ""candidates"": [{""name"": ""Patricia Anderson"", ""party"": ""R""}]}",Synthetic state-leg row — replace via OpenStates / FTM pipeline,mock
MN-U-003,MN,upper,3,ocd-division/country:us/state:mn/sldu:3,MN SD-3,R,Linda Hernandez,R,2020,6.0,-1.0,Toss-up,True,False,defend,67,34,818041.0,736237.0,562487.0,506238.0,736237.0,695335.0,506238.0,478114.0,695335.0,654433.0,478114.0,449990.0,808595.0,"{""office"": ""MN Senate District 3"", ""source"": ""mock"", ""candidates"": [{""name"": ""Linda Hernandez"", ""party"": ""R""}, {""name"": ""Linda Davis"", ""party"": ""D""}]}",Synthetic state-leg row — replace via OpenStates / FTM pipeline,mock
MN-U-004,MN,upper,4,ocd-division/country:us/state:mn/sldu:4,MN SD-4,D,David Lopez,D,2018,8.0,-6.2,Lean D,True,False,attack,67,34,209475.0,188527.0,175558.0,158002.0,188527.0,178054.0,158002.0,149224.0,178054.0,167580.0,149224.0,140446.0,196917.0,"{""office"": ""MN Senate District 4"", ""source"": ""mock"", ""candidates"": [{""name"": ""David Lopez"", ""party"": ""D""}, {""name"": ""Joseph Williams"", ""party"": ""R""}]}",Synthetic state-leg row — replace via OpenStates / FTM pipeline,mock
MN-U-005,MN,upper,5,ocd-division/country:us/state:mn/sldu:5,MN SD-5,D,Elizabeth Wilson,D,2015,11.0,-5.5,Lean D,True,False,attack,67,34,253306.0,227975.0,317107.0,285397.0,227975.0,215310.0,285397.0,269541.0,215310.0,202645.0,269541.0,253686.0,297430.0,"{""office"": ""MN Senate District 5"", ""source"": ""mock"", ""candidates"": [{""name"": ""Elizabeth Wilson"", ""party"": ""D""}, {""name"": ""William Davis"", ""party"": ""R""}]}",Synthetic state-leg row — replace via OpenStates / FTM pipeline,mock
MN-U-006,MN,upper,6,ocd-division/country:us/state:mn/sldu:6,MN SD-6,R,William Anderson,R,2016,10.0,2.7,Lean R,True,False,defend,67,34,1150323.0,1035291.0,906940.0,816246.0,1035291.0,977775.0,816246.0,770899.0,977775.0,920259.0,770899.0,725552.0,1155006.0,"{""office"": ""MN Senate District 6"", ""source"": ""mock"", ""candidates"": [{""name"": ""William Anderson"", ""party"": ""R""}, {""name"": ""Patricia Brown"", ""party"": ""D""}]}",Synthetic state-leg row — replace via OpenStates / FTM pipeline,mock
MN-U-007,MN,upper,7,ocd-division/country:us/state:mn/sldu:7,MN SD-7,R,Barbara Thomas,R,2010,16.0,-4.8,Lean D,True,False,defend,67,34,699341.0,629407.0,493395.0,444056.0,629407.0,594440.0,444056.0,419386.0,594440.0,559473.0,419386.0,394716.0,633854.0,"{""office"": ""MN Senate District 7"", ""source"": ""mock"", ""candidates"": [{""name"": ""Barbara Thomas"", ""party"": ""R""}, {""name"": ""James Jones"", ""party"": ""D""}]}",Synthetic state-leg row — replace via OpenStates / FTM pipeline,mock
MN-U-008,MN,upper,8,ocd-division/country:us/state:mn/sldu:8,MN SD-8,D,Richard Smith,D,2018,8.0,-4.6,Lean D,True,False,attack,67,34,808272.0,727444.0,801252.0,721126.0,727444.0,687031.0,721126.0,681064.0,687031.0,646617.0,681064.0,641001.0,859945.0,"{""office"": ""MN Senate District 8"", ""source"": ""mock"", ""candidates"": [{""name"": ""Richard Smith"", ""party"": ""D""}, {""name"": ""Jennifer Lopez"", ""party"": ""R""}]}",Synthetic state-leg row — replace via OpenStates / FTM pipeline,mock
MN-U-009,MN,upper,9,ocd-division/country:us/state:mn/sldu:9,MN SD-9,R,Susan Johnson,R,2013,13.0,10.4,Likely R,True,False,defend,67,34,441920.0,397728.0,514761.0,463285.0,397728.0,375632.0,463285.0,437547.0,375632.0,353536.0,437547.0,411809.0,431873.0,"{""office"": ""MN Senate District 9"", ""source"": ""mock"", ""candidates"": [{""name"": ""Susan Johnson"", ""party"": ""R""}, {""name"": ""Michael Martinez"", ""party"": ""D""}]}",Synthetic state-leg row — replace via OpenStates / FTM pipeline,mock
MN-U-010,MN,upper,10,ocd-division/country:us/state:mn/sldu:10,MN SD-10,R,Joseph Williams,R,2010,16.0,3.3,Lean R,False,False,defend,67,34,1008311.0,907480.0,903627.0,813264.0,907480.0,857065.0,813264.0,768083.0,857065.0,806649.0,768083.0,722901.0,1057029.0,"{""office"": ""MN Senate District 10"", ""source"": ""mock"", ""candidates"": [{""name"": ""Joseph Williams"", ""party"": ""R""}, {""name"": ""Robert Johnson"", ""party"": ""D""}]}",Synthetic state-leg row — replace via OpenStates / FTM pipeline,mock
MN-U-011,MN,upper,11,ocd-division/country:us/state:mn/sldu:11,MN SD-11,R,Jessica Brown,R,2021,5.0,-1.4,Toss-up,True,False,defend,67,34,490869.0,441782.0,655996.0,590396.0,441782.0,417239.0,590396.0,557596.0,417239.0,392695.0,557596.0,524797.0,665182.0,"{""office"": ""MN Senate District 11"", ""source"": ""mock"", ""candidates"": [{""name"": ""Jessica Brown"", ""party"": ""R""}, {""name"": ""James Anderson"", ""party"": ""D""}]}",Synthetic state-leg row — replace via OpenStates / FTM pipeline,mock
MN-U-012,MN,upper,12,ocd-division/country:us/state:mn/sldu:12,MN SD-12,D,James Jones,D,2008,18.0,-7.9,Likely D,True,False,attack,67,34,278265.0,250439.0,349920.0,314928.0,250439.0,236526.0,314928.0,297432.0,236526.0,222612.0,297432.0,279936.0,306016.0,"{""office"": ""MN Senate District 12"", ""source"": ""mock"", ""candidates"": [{""name"": ""James Jones"", ""party"": ""D""}, {""name"": ""Linda Lopez"", ""party"": ""R""}]}",Synthetic state-leg row — replace via OpenStates / FTM pipeline,mock
MN-U-013,MN,upper,13,ocd-division/country:us/state:mn/sldu:13,MN SD-13,R,Mary Garcia,R,2022,4.0,15.4,Likely R,True,False,safe,67,34,535001.0,481501.0,453944.0,408550.0,481501.0,454751.0,408550.0,385853.0,454751.0,428001.0,385853.0,363155.0,375799.0,"{""office"": ""MN Senate District 13"", ""source"": ""mock"", ""candidates"": [{""name"": ""Mary Garcia"", ""party"": ""R""}]}",Synthetic state-leg row — replace via OpenStates / FTM pipeline,mock
MN-U-014,MN,upper,14,ocd-division/country:us/state:mn/sldu:14,MN SD-14,R,Robert Miller,R,2015,11.0,23.7,Likely R,True,False,safe,67,34,139927.0,125935.0,108984.0,98085.0,125935.0,118938.0,98085.0,92636.0,118938.0,111942.0,92636.0,87187.0,65072.0,"{""office"": ""MN Senate District 14"", ""source"": ""mock"", ""candidates"": [{""name"": ""Robert Miller"", ""party"": ""R""}, {""name"": ""Patricia Rodriguez"", ""party"": ""D""}]}",Synthetic state-leg row — replace via OpenStates / FTM pipeline,mock
MN-U-015,MN,upper,15,ocd-division/country:us/state:mn/sldu:15,MN SD-15,D,Patricia Davis,D,2010,16.0,0.2,Toss-up,True,False,attack,67,34,886357.0,797721.0,1225464.0,1102917.0,797721.0,753403.0,1102917.0,1041644.0,753403.0,709085.0,1041644.0,980371.0,1261058.0,"{""office"": ""MN Senate District 15"", ""source"": ""mock"", ""candidates"": [{""name"": ""Patricia Davis"", ""party"": ""D""}, {""name"": ""Jennifer Miller"", ""party"": ""R""}]}",Synthetic state-leg row — replace via OpenStates / FTM pipeline,mock
MN-U-016,MN,upper,16,ocd-division/country:us/state:mn/sldu:16,MN SD-16,R,John Rodriguez,R,2014,12.0,11.1,Likely R,True,False,defend,67,34,353865.0,318478.0,297407.0,267666.0,318478.0,300785.0,267666.0,252796.0,300785.0,283092.0,252796.0,237926.0,287490.0,"{""office"": ""MN Senate District 16"", ""source"": ""mock"", ""candidates"": [{""name"": ""John Rodriguez"", ""party"": ""R""}, {""name"": ""Joseph Anderson"", ""party"": ""D""}]}",Synthetic state-leg row — replace via OpenStates / FTM pipeline,mock
MN-U-017,MN,upper,17,ocd-division/country:us/state:mn/sldu:17,MN SD-17,R,Jennifer Martinez,R,2012,14.0,15.7,Likely R,True,False,safe,67,34,184479.0,166031.0,174571.0,157114.0,166031.0,156807.0,157114.0,148385.0,156807.0,147583.0,148385.0,139657.0,134900.0,"{""office"": ""MN Senate District 17"", ""source"": ""mock"", ""candidates"": [{""name"": ""Jennifer Martinez"", ""party"": ""R""}, {""name"": ""Michael Thomas"", ""party"": ""D""}]}",Synthetic state-leg row — replace via OpenStates / FTM pipeline,mock
MN-U-018,MN,upper,18,ocd-division/country:us/state:mn/sldu:18,MN SD-18,D,Michael Hernandez,D,2019,7.0,-13.3,Likely D,True,False,attack,67,34,563397.0,507057.0,474865.0,427378.0,507057.0,478887.0,427378.0,403635.0,478887.0,450718.0,403635.0,379892.0,425687.0,"{""office"": ""MN Senate District 18"", ""source"": ""mock"", ""candidates"": [{""name"": ""Michael Hernandez"", ""party"": ""D""}, {""name"": ""Michael Thomas"", ""party"": ""R""}]}",Synthetic state-leg row — replace via OpenStates / FTM pipeline,mock
MN-U-019,MN,upper,19,ocd-division/country:us/state:mn/sldu:19,MN SD-19,D,Linda Lopez,D,2020,6.0,-4.2,Lean D,True,False,attack,67,34,789038.0,710134.0,736193.0,662574.0,710134.0,670682.0,662574.0,625764.0,670682.0,631230.0,625764.0,588954.0,823625.0,"{""office"": ""MN Senate District 19"", ""source"": ""mock"", ""candidates"": [{""name"": ""Linda Lopez"", ""party"": ""D""}, {""name"": ""Michael Martinez"", ""party"": ""R""}]}",Synthetic state-leg row — replace via OpenStates / FTM pipeline,mock
MN-U-020,MN,upper,20,ocd-division/country:us/state:mn/sldu:20,MN SD-20,D,David Wilson,D,2016,10.0,-12.4,Likely D,True,False,attack,67,34,632280.0,569052.0,784148.0,705733.0,569052.0,537438.0,705733.0,666526.0,537438.0,505824.0,666526.0,627318.0,598947.0,"{""office"": ""MN Senate District 20"", ""source"": ""mock"", ""candidates"": [{""name"": ""David Wilson"", ""party"": ""D""}, {""name"": ""Barbara Lopez"", ""party"": ""R""}]}",Synthetic state-leg row — replace via OpenStates / FTM pipeline,mock
MN-U-021,MN,upper,21,ocd-division/country:us/state:mn/sldu:21,MN SD-21,D,Elizabeth Anderson,D,2013,13.0,-18.4,Likely D,True,False,safe,67,34,264096.0,237686.0,390769.0,351692.0,237686.0,224481.0,351692.0,332154.0,224481.0,211276.0,332154.0,312615.0,220783.0,"{""office"": ""MN Senate District 21"", ""source"": ""mock"", ""candidates"": [{""name"": ""Elizabeth Anderson"", ""party"": ""D""}]}",Synthetic state-leg row — replace via OpenStates / FTM pipeline,mock
MN-U-022,MN,upper,22,ocd-division/country:us/state:mn/sldu:22,MN SD-22,D,William Thomas,D,2016,10.0,-1.4,Toss-up,True,False,attack,67,34,452579.0,407321.0,672062.0,604856.0,407321.0,384692.0,604856.0,571253.0,384692.0,362063.0,571253.0,537650.0,652292.0,"{""office"": ""MN Senate District 22"", ""source"": ""mock"", ""candidates"": [{""name"": ""William Thomas"", ""party"": ""D""}, {""name"": ""Barbara Wilson"", ""party"": ""R""}]}",Synthetic state-leg row — replace via OpenStates / FTM pipeline,mock
MN-U-023,MN,upper,23,ocd-division/country:us/state:mn/sldu:23,MN SD-23,D,Barbara Smith,D,2023,3.0,-9.0,Likely D,True,False,attack,67,34,767854.0,691069.0,976451.0,878806.0,691069.0,652676.0,878806.0,829984.0,652676.0,614283.0,829984.0,781161.0,822315.0,"{""office"": ""MN Senate District 23"", ""source"": ""mock"", ""candidates"": [{""name"": ""Barbara Smith"", ""party"": ""D""}, {""name"": ""David Williams"", ""party"": ""R""}]}",Synthetic state-leg row — replace via OpenStates / FTM pipeline,mock
MN-U-024,MN,upper,24,ocd-division/country:us/state:mn/sldu:24,MN SD-24,R,Richard Johnson,R,2015,11.0,10.4,Likely R,True,False,defend,67,34,720244.0,648219.0,744346.0,669912.0,648219.0,612207.0,669912.0,632694.0,612207.0,576195.0,632694.0,595477.0,661158.0,"{""office"": ""MN Senate District 24"", ""source"": ""mock"", ""candidates"": [{""name"": ""Richard Johnson"", ""party"": ""R""}, {""name"": ""Linda Jones"", ""party"": ""D""}]}",Synthetic state-leg row — replace via OpenStates / FTM pipeline,mock
MN-U-025,MN,upper,25,ocd-division/country:us/state:mn/sldu:25,MN SD-25,R,Susan Williams,R,2009,17.0,23.3,Likely R,True,False,safe,67,34,128673.0,115806.0,93660.0,84294.0,115806.0,109372.0,84294.0,79611.0,109372.0,102939.0,79611.0,74928.0,59395.0,"{""office"": ""MN Senate District 25"", ""source"": ""mock"", ""candidates"": [{""name"": ""Susan Williams"", ""party"": ""R""}]}",Synthetic state-leg row — replace via OpenStates / FTM pipeline,mock
MN-U-026,MN,upper,26,ocd-division/country:us/state:mn/sldu:26,MN SD-26,R,Joseph Brown,R,2008,18.0,20.8,Likely R,True,False,safe,67,34,375321.0,337789.0,302212.0,271991.0,337789.0,319023.0,271991.0,256880.0,319023.0,300257.0,256880.0,241770.0,205196.0,"{""office"": ""MN Senate District 26"", ""source"": ""mock"", ""candidates"": [{""name"": ""Joseph Brown"", ""party"": ""R""}]}",Synthetic state-leg row — replace via OpenStates / FTM pipeline,mock
MN-U-027,MN,upper,27,ocd-division/country:us/state:mn/sldu:27,MN SD-27,R,Jessica Jones,R,2019,7.0,4.2,Lean R,True,False,defend,67,34,1075441.0,967897.0,927495.0,834746.0,967897.0,914125.0,834746.0,788371.0,914125.0,860353.0,788371.0,741996.0,1081586.0,"{""office"": ""MN Senate District 27"", ""source"": ""mock"", ""candidates"": [{""name"": ""Jessica Jones"", ""party"": ""R""}, {""name"": ""Patricia Wilson"", ""party"": ""D""}]}",Synthetic state-leg row — replace via OpenStates / FTM pipeline,mock
MN-U-028,MN,upper,28,ocd-division/country:us/state:mn/sldu:28,MN SD-28,D,James Garcia,D,2018,8.0,-7.3,Likely D,True,False,attack,67,34,322740.0,290466.0,540272.0,486245.0,290466.0,274329.0,486245.0,459231.0,274329.0,258192.0,459231.0,432217.0,427807.0,"{""office"": ""MN Senate District 28"", ""source"": ""mock"", ""candidates"": [{""name"": ""James Garcia"", ""party"": ""D""}, {""name"": ""Michael Smith"", ""party"": ""R""}]}",Synthetic state-leg row — replace via OpenStates / FTM pipeline,mock
MN-U-029,MN,upper,29,ocd-division/country:us/state:mn/sldu:29,MN SD-29,D,Mary Miller,D,2023,3.0,-9.6,Likely D,True,False,attack,67,34,302355.0,272120.0,557742.0,501967.0,272120.0,257002.0,501967.0,474080.0,257002.0,241884.0,474080.0,446193.0,398102.0,"{""office"": ""MN Senate District 29"", ""source"": ""mock"", ""candidates"": [{""name"": ""Mary Miller"", ""party"": ""D""}, {""name"": ""Richard Thomas"", ""party"": ""R""}]}",Synthetic state-leg row — replace via OpenStates / FTM pipeline,mock
MN-U-030,MN,upper,30,ocd-division/country:us/state:mn/sldu:30,MN SD-30,D,Robert Davis,D,2022,4.0,-6.3,Lean D,True,False,attack,67,34,535468.0,481921.0,897310.0,807579.0,481921.0,455148.0,807579.0,762713.0,455148.0,428374.0,762713.0,717848.0,730717.0,"{""office"": ""MN Senate District 30"", ""source"": ""mock"", ""candidates"": [{""name"": ""Robert Davis"", ""party"": ""D""}, {""name"": ""Elizabeth Smith"", ""party"": ""R""}]}",Synthetic state-leg row — replace via OpenStates / FTM pipeline,mock
MN-U-031,MN,upper,31,ocd-division/country:us/state:mn/sldu:31,MN SD-31,R,Patricia Rodriguez,R,2018,8.0,23.1,Likely R,True,False,safe,67,34,278165.0,250348.0,243093.0,218784.0,250348.0,236440.0,218784.0,206629.0,236440.0,222532.0,206629.0,194475.0,140740.0,"{""office"": ""MN Senate District 31"", ""source"": ""mock"", ""candidates"": [{""name"": ""Patricia Rodriguez"", ""party"": ""R""}, {""name"": ""Robert Wilson"", ""party"": ""D""}]}",Synthetic state-leg row — replace via OpenStates / FTM pipeline,mock
MN-U-032,MN,upper,32,ocd-division/country:us/state:mn/sldu:32,MN SD-32,R,John Martinez,R,2016,10.0,-0.5,Toss-up,True,False,defend,67,34,616762.0,555086.0,304355.0,273920.0,555086.0,524248.0,273920.0,258702.0,524248.0,493410.0,258702.0,243484.0,546091.0,"{""office"": ""MN Senate District 32"", ""source"": ""mock"", ""candidates"": [{""name"": ""John Martinez"", ""party"": ""R""}, {""name"": ""Patricia Hernandez"", ""party"": ""D""}]}",Synthetic state-leg row — replace via OpenStates / FTM pipeline,mock
MN-U-033,MN,upper,33,ocd-division/country:us/state:mn/sldu:33,MN SD-33,R,Jennifer Hernandez,R,2011,15.0,14.9,Likely R,True,False,safe,67,34,403008.0,362707.0,351254.0,316129.0,362707.0,342557.0,316129.0,298566.0,342557.0,322407.0,298566.0,281003.0,292007.0,"{""office"": ""MN Senate District 33"", ""source"": ""mock"", ""candidates"": [{""name"": ""Jennifer Hernandez"", ""party"": ""R""}]}",Synthetic state-leg row — replace via OpenStates / FTM pipeline,mock
MN-U-034,MN,upper,34,ocd-division/country:us/state:mn/sldu:34,MN SD-34,R,Michael Lopez,R,2011,15.0,5.0,Lean R,True,False,defend,67,34,833572.0,750215.0,1075005.0,967505.0,750215.0,708536.0,967505.0,913754.0,708536.0,666857.0,913754.0,860004.0,1008819.0,"{""office"": ""MN Senate District 34"", ""source"": ""mock"", ""candidates"": [{""name"": ""Michael Lopez"", ""party"": ""R""}, {""name"": ""Jennifer Jones"", ""party"": ""D""}]}",Synthetic state-leg row — replace via OpenStates / FTM pipeline,mock
MN-U-035,MN,upper,35,ocd-division/country:us/state:mn/sldu:35,MN SD-35,R,Linda Wilson,R,2009,17.0,6.1,Lean R,False,False,defend,67,34,755385.0,679846.0,544061.0,489655.0,679846.0,642077.0,489655.0,462452.0,642077.0,604308.0,462452.0,435249.0,666430.0,"{""office"": ""MN Senate District 35"", ""source"": ""mock"", ""candidates"": [{""name"": ""Linda Wilson"", ""party"": ""R""}, {""name"": ""Robert Jones"", ""party"": ""D""}]}",Synthetic state-leg row — replace via OpenStates / FTM pipeline,mock
MN-U-036,MN,upper,36,ocd-division/country:us/state:mn/sldu:36,MN SD-36,D,David Anderson,D,2014,12.0,-8.9,Likely D,False,False,attack,67,34,480728.0,432655.0,672325.0,605092.0,432655.0,408619.0,605092.0,571476.0,408619.0,384582.0,571476.0,537860.0,545229.0,"{""office"": ""MN Senate District 36"", ""source"": ""mock"", ""candidates"": [{""name"": ""David Anderson"", ""party"": ""D""}, {""name"": ""Jessica Martinez"", ""party"": ""R""}]}",Synthetic state-leg row — replace via OpenStates / FTM pipeline,mock
MN-U-037,MN,upper,37,ocd-division/country:us/state:mn/sldu:37,MN SD-37,D,Elizabeth Thomas,D,2016,10.0,-6.8,Lean D,True,False,attack,67,34,278564.0,250708.0,247848.0,223063.0,250708.0,236779.0,223063.0,210671.0,236779.0,222851.0,210671.0,198278.0,264710.0,"{""office"": ""MN Senate District 37"", ""source"": ""mock"", ""candidates"": [{""name"": ""Elizabeth Thomas"", ""party"": ""D""}, {""name"": ""Linda Jones"", ""party"": ""R""}]}",Synthetic state-leg row — replace via OpenStates / FTM pipeline,mock
MN-U-038,MN,upper,38,ocd-division/country:us/state:mn/sldu:38,MN SD-38,R,William Smith,R,2015,11.0,7.5,Likely R,True,False,defend,67,34,247085.0,222377.0,207592.0,186833.0,222377.0,210023.0,186833.0,176454.0,210023.0,197668.0,176454.0,166074.0,224091.0,"{""office"": ""MN Senate District 38"", ""source"": ""mock"", ""candidates"": [{""name"": ""William Smith"", ""party"": ""R""}, {""name"": ""Barbara Jones"", ""party"": ""D""}]}",Synthetic state-leg row — replace via OpenStates / FTM pipeline,mock
MN-U-039,MN,upper,39,ocd-division/country:us/state:mn/sldu:39,MN SD-39,R,Barbara Johnson,R,2010,16.0,15.1,Likely R,True,False,safe,67,34,232206.0,208986.0,182234.0,164011.0,208986.0,197375.0,164011.0,154899.0,197375.0,185765.0,154899.0,145788.0,159264.0,"{""office"": ""MN Senate District 39"", ""source"": ""mock"", ""candidates"": [{""name"": ""Barbara Johnson"", ""party"": ""R""}, {""name"": ""Jessica Brown"", ""party"": ""D""}]}",Synthetic state-leg row — replace via OpenStates / FTM pipeline,mock
MN-U-040,MN,upper,40,ocd-division/country:us/state:mn/sldu:40,MN SD-40,D,Richard Williams,D,2011,15.0,-5.0,Lean D,True,False,attack,67,34,992682.0,893414.0,796294.0,716665.0,893414.0,843780.0,716665.0,676850.0,843780.0,794145.0,676850.0,637035.0,945602.0,"{""office"": ""MN Senate District 40"", ""source"": ""mock"", ""candidates"": [{""name"": ""Richard Williams"", ""party"": ""D""}, {""name"": ""Robert Lopez"", ""party"": ""R""}]}",Synthetic state-leg row — replace via OpenStates / FTM pipeline,mock
MN-U-041,MN,upper,41,ocd-division/country:us/state:mn/sldu:41,MN SD-41,R,Susan Brown,R,2021,5.0,5.9,Lean R,True,False,defend,67,34,1297961.0,1168165.0,1035208.0,931687.0,1168165.0,1103267.0,931687.0,879926.0,1103267.0,1038369.0,879926.0,828166.0,1203249.0,"{""office"": ""MN Senate District 41"", ""source"": ""mock"", ""candidates"": [{""name"": ""Susan Brown"", ""party"": ""R""}, {""name"": ""Joseph Davis"", ""party"": ""D""}]}",Synthetic state-leg row — replace via OpenStates / FTM pipeline,mock
MN-U-042,MN,upper,42,ocd-division/country:us/state:mn/sldu:42,MN SD-42,D,Joseph Jones,D,2022,4.0,-22.9,Likely D,True,False,safe,67,34,144893.0,130404.0,183432.0,165089.0,130404.0,123159.0,165089.0,155917.0,123159.0,115914.0,155917.0,146746.0,89586.0,"{""office"": ""MN Senate District 42"", ""source"": ""mock"", ""candidates"": [{""name"": ""Joseph Jones"", ""party"": ""D""}, {""name"": ""Richard Johnson"", ""party"": ""R""}]}",Synthetic state-leg row — replace via OpenStates / FTM pipeline,mock
MN-U-043,MN,upper,43,ocd-division/country:us/state:mn/sldu:43,MN SD-43,D,Jessica Garcia,D,2012,14.0,-11.2,Likely D,True,False,attack,67,34,516790.0,465111.0,655990.0,590391.0,465111.0,439272.0,590391.0,557592.0,439272.0,413432.0,557592.0,524792.0,516023.0,"{""office"": ""MN Senate District 43"", ""source"": ""mock"", ""candidates"": [{""name"": ""Jessica Garcia"", ""party"": ""D""}, {""name"": ""William Miller"", ""party"": ""R""}]}",Synthetic state-leg row — replace via OpenStates / FTM pipeline,mock
MN-U-044,MN,upper,44,ocd-division/country:us/state:mn/sldu:44,MN SD-44,D,James Miller,D,2022,4.0,-17.9,Likely D,True,False,safe,67,34,205954.0,185359.0,198305.0,178475.0,185359.0,175061.0,178475.0,168559.0,175061.0,164763.0,168559.0,158644.0,139181.0,"{""office"": ""MN Senate District 44"", ""source"": ""mock"", ""candidates"": [{""name"": ""James Miller"", ""party"": ""D""}, {""name"": ""Patricia Davis"", ""party"": ""R""}]}",Synthetic state-leg row — replace via OpenStates / FTM pipeline,mock
MN-U-045,MN,upper,45,ocd-division/country:us/state:mn/sldu:45,MN SD-45,R,Mary Davis,R,2023,3.0,5.7,Lean R,True,False,defend,67,34,326341.0,293707.0,426007.0,383406.0,293707.0,277390.0,383406.0,362106.0,277390.0,261073.0,362106.0,340806.0,390146.0,"{""office"": ""MN Senate District 45"", ""source"": ""mock"", ""candidates"": [{""name"": ""Mary Davis"", ""party"": ""R""}, {""name"": ""Linda Davis"", ""party"": ""D""}]}",Synthetic state-leg row — replace via OpenStates / FTM pipeline,mock
MN-U-046,MN,upper,46,ocd-division/country:us/state:mn/sldu:46,MN SD-46,R,Robert Rodriguez,R,2018,8.0,9.8,Likely R,True,False,defend,67,34,279967.0,251971.0,204011.0,183610.0,251971.0,237972.0,183610.0,173409.0,237972.0,223974.0,173409.0,163209.0,222630.0,"{""office"": ""MN Senate District 46"", ""source"": ""mock"", ""candidates"": [{""name"": ""Robert Rodriguez"", ""party"": ""R""}, {""name"": ""Barbara Garcia"", ""party"": ""D""}]}",Synthetic state-leg row — replace via OpenStates / FTM pipeline,mock
MN-U-047,MN,upper,47,ocd-division/country:us/state:mn/sldu:47,MN SD-47,D,Patricia Martinez,D,2014,12.0,-2.7,Lean D,True,False,attack,67,34,666766.0,600089.0,574906.0,517416.0,600089.0,566751.0,517416.0,488670.0,566751.0,533413.0,488670.0,459925.0,697110.0,"{""office"": ""MN Senate District 47"", ""source"": ""mock"", ""candidates"": [{""name"": ""Patricia Martinez"", ""party"": ""D""}, {""name"": ""Mary Garcia"", ""party"": ""R""}]}",Synthetic state-leg row — replace via OpenStates / FTM pipeline,mock
MN-U-048,MN,upper,48,ocd-division/country:us/state:mn/sldu:48,MN SD-48,D,John Hernandez,D,2010,16.0,-9.0,Likely D,True,False,attack,67,34,648064.0,583257.0,615029.0,553526.0,583257.0,550854.0,553526.0,522775.0,550854.0,518451.0,522775.0,492024.0,595458.0,"{""office"": ""MN Senate District 48"", ""source"": ""mock"", ""candidates"": [{""name"": ""John Hernandez"", ""party"": ""D""}, {""name"": ""Susan Miller"", ""party"": ""R""}]}",Synthetic state-leg row — replace via OpenStates / FTM pipeline,mock
MN-U-049,MN,upper,49,ocd-division/country:us/state:mn/sldu:49,MN SD-49,R,Jennifer Lopez,R,2014,12.0,17.3,Likely R,True,False,safe,67,34,189845.0,170861.0,212862.0,191576.0,170861.0,161368.0,191576.0,180933.0,161368.0,151876.0,180933.0,170290.0,142098.0,"{""office"": ""MN Senate District 49"", ""source"": ""mock"", ""candidates"": [{""name"": ""Jennifer Lopez"", ""party"": ""R""}, {""name"": ""Mary Wilson"", ""party"": ""D""}]}",Synthetic state-leg row — replace via OpenStates / FTM pipeline,mock
MN-U-050,MN,upper,50,ocd-division/country:us/state:mn/sldu:50,MN SD-50,R,Michael Wilson,R,2012,14.0,-2.0,Lean D,False,False,defend,67,34,486693.0,438023.0,326912.0,294221.0,438023.0,413689.0,294221.0,277875.0,413689.0,389354.0,277875.0,261530.0,464917.0,"{""office"": ""MN Senate District 50"", ""source"": ""mock"", ""candidates"": [{""name"": ""Michael Wilson"", ""party"": ""R""}, {""name"": ""Robert Anderson"", ""party"": ""D""}]}",Synthetic state-leg row — replace via OpenStates / FTM pipeline,mock
MN-U-051,MN,upper,51,ocd-division/country:us/state:mn/sldu:51,MN SD-51,D,OPEN SEAT,,,0.0,-6.3,Lean D,False,True,attack,67,34,406500.0,365850.0,727594.0,654835.0,365850.0,345525.0,654835.0,618455.0,345525.0,325200.0,618455.0,582075.0,578388.0,"{""office"": ""MN Senate District 51"", ""source"": ""mock"", ""candidates"": [{""name"": ""William Garcia"", ""party"": ""R""}]}",Synthetic state-leg row — replace via OpenStates / FTM pipeline,mock
MN-U-052,MN,upper,52,ocd-division/country:us/state:mn/sldu:52,MN SD-52,D,Linda Anderson,D,2022,4.0,-3.5,Lean D,True,False,attack,67,34,268117.0,241305.0,405975.0,365378.0,241305.0,227899.0,365378.0,345079.0,227899.0,214494.0,345079.0,324780.0,370751.0,"{""office"": ""MN Senate District 52"", ""source"": ""mock"", ""candidates"": [{""name"": ""Linda Anderson"", ""party"": ""D""}, {""name"": ""Michael Brown"", ""party"": ""R""}]}",Synthetic state-leg row — replace via OpenStates / FTM pipeline,mock
MN-U-053,MN,upper,53,ocd-division/country:us/state:mn/sldu:53,MN SD-53,D,David Thomas,D,2010,16.0,-10.1,Likely D,True,False,attack,67,34,740823.0,666741.0,747794.0,673015.0,666741.0,629700.0,673015.0,635625.0,629700.0,592658.0,635625.0,598235.0,678384.0,"{""office"": ""MN Senate District 53"", ""source"": ""mock"", ""candidates"": [{""name"": ""David Thomas"", ""party"": ""D""}, {""name"": ""Jessica Smith"", ""party"": ""R""}]}",Synthetic state-leg row — replace via OpenStates / FTM pipeline,mock
MN-U-054,MN,upper,54,ocd-division/country:us/state:mn/sldu:54,MN SD-54,R,Elizabeth Smith,R,2015,11.0,-3.7,Lean D,True,False,defend,67,34,557930.0,502137.0,494743.0,445269.0,502137.0,474241.0,445269.0,420531.0,474241.0,446344.0,420531.0,395794.0,575962.0,"{""office"": ""MN Senate District 54"", ""source"": ""mock"", ""candidates"": [{""name"": ""Elizabeth Smith"", ""party"": ""R""}, {""name"": ""Richard Hernandez"", ""party"": ""D""}]}",Synthetic state-leg row — replace via OpenStates / FTM pipeline,mock
MN-U-055,MN,upper,55,ocd-division/country:us/state:mn/sldu:55,MN SD-55,R,William Johnson,R,2015,11.0,9.4,Likely R,True,False,defend,67,34,899619.0,809657.0,668645.0,601781.0,809657.0,764676.0,601781.0,568348.0,764676.0,719695.0,568348.0,534916.0,730363.0,"{""office"": ""MN Senate District 55"", ""source"": ""mock"", ""candidates"": [{""name"": ""William Johnson"", ""party"": ""R""}, {""name"": ""Joseph Garcia"", ""party"": ""D""}]}",Synthetic state-leg row — replace via OpenStates / FTM pipeline,mock
MN-U-056,MN,upper,56,ocd-division/country:us/state:mn/sldu:56,MN SD-56,D,Barbara Williams,D,2015,11.0,-7.7,Likely D,True,False,attack,67,34,541199.0,487079.0,506376.0,455738.0,487079.0,460019.0,455738.0,430419.0,460019.0,432959.0,430419.0,405101.0,513311.0,"{""office"": ""MN Senate District 56"", ""source"": ""mock"", ""candidates"": [{""name"": ""Barbara Williams"", ""party"": ""D""}, {""name"": ""John Johnson"", ""party"": ""R""}]}",Synthetic state-leg row — replace via OpenStates / FTM pipeline,mock
MN-U-057,MN,upper,57,ocd-division/country:us/state:mn/sldu:57,MN SD-57,D,Richard Brown,D,2018,8.0,-5.1,Lean D,True,False,attack,67,34,408961.0,368064.0,458289.0,412460.0,368064.0,347616.0,412460.0,389546.0,347616.0,327168.0,389546.0,366631.0,457164.0,"{""office"": ""MN Senate District 57"", ""source"": ""mock"", ""candidates"": [{""name"": ""Richard Brown"", ""party"": ""D""}, {""name"": ""Patricia Lopez"", ""party"": ""R""}]}",Synthetic state-leg row — replace via OpenStates / FTM pipeline,mock
MN-U-058,MN,upper,58,ocd-division/country:us/state:mn/sldu:58,MN SD-58,D,Susan Jones,D,2010,16.0,-15.7,Likely D,True,False,safe,67,34,435016.0,391514.0,399433.0,359490.0,391514.0,369764.0,359490.0,339518.0,369764.0,348013.0,339518.0,319546.0,313514.0,"{""office"": ""MN Senate District 58"", ""source"": ""mock"", ""candidates"": [{""name"": ""Susan Jones"", ""party"": ""D""}, {""name"": ""Joseph Rodriguez"", ""party"": ""R""}]}",Synthetic state-leg row — replace via OpenStates / FTM pipeline,mock
MN-U-059,MN,upper,59,ocd-division/country:us/state:mn/sldu:59,MN SD-59,D,Joseph Garcia,D,2017,9.0,-24.1,Likely D,True,False,safe,67,34,202049.0,181844.0,190284.0,171255.0,181844.0,171742.0,171255.0,161741.0,171742.0,161639.0,161741.0,152227.0,100325.0,"{""office"": ""MN Senate District 59"", ""source"": ""mock"", ""candidates"": [{""name"": ""Joseph Garcia"", ""party"": ""D""}]}",Synthetic state-leg row — replace via OpenStates / FTM pipeline,mock
MN-U-060,MN,upper,60,ocd-division/country:us/state:mn/sldu:60,MN SD-60,R,OPEN SEAT,,,0.0,4.6,Lean R,False,True,defend,67,34,274911.0,247419.0,205403.0,184862.0,247419.0,233674.0,184862.0,174592.0,233674.0,219928.0,174592.0,164322.0,256624.0,"{""office"": ""MN Senate District 60"", ""source"": ""mock"", ""candidates"": [{""name"": ""Barbara Brown"", ""party"": ""D""}]}",Synthetic state-leg row — replace via OpenStates / FTM pipeline,mock
MN-U-061,MN,upper,61,ocd-division/country:us/state:mn/sldu:61,MN SD-61,R,Jessica Miller,R,2022,4.0,8.5,Likely R,True,False,defend,67,34,516705.0,465034.0,591904.0,532714.0,465034.0,439199.0,532714.0,503119.0,439199.0,413364.0,503119.0,473523.0,530549.0,"{""office"": ""MN Senate District 61"", ""source"": ""mock"", ""candidates"": [{""name"": ""Jessica Miller"", ""party"": ""R""}, {""name"": ""Barbara Jones"", ""party"": ""D""}]}",Synthetic state-leg row — replace via OpenStates / FTM pipeline,mock
MN-U-062,MN,upper,62,ocd-division/country:us/state:mn/sldu:62,MN SD-62,R,James Davis,R,2012,14.0,6.5,Lean R,True,False,defend,67,34,810737.0,729663.0,654081.0,588673.0,729663.0,689126.0,588673.0,555969.0,689126.0,648590.0,555969.0,523265.0,742872.0,"{""office"": ""MN Senate District 62"", ""source"": ""mock"", ""candidates"": [{""name"": ""James Davis"", ""party"": ""R""}, {""name"": ""William Jones"", ""party"": ""D""}]}",Synthetic state-leg row — replace via OpenStates / FTM pipeline,mock
MN-U-063,MN,upper,63,ocd-division/country:us/state:mn/sldu:63,MN SD-63,R,Mary Rodriguez,R,2010,16.0,-0.9,Toss-up,True,False,defend,67,34,551483.0,496334.0,502848.0,452563.0,496334.0,468760.0,452563.0,427421.0,468760.0,441186.0,427421.0,402278.0,619043.0,"{""office"": ""MN Senate District 63"", ""source"": ""mock"", ""candidates"": [{""name"": ""Mary Rodriguez"", ""party"": ""R""}, {""name"": ""Patricia Smith"", ""party"": ""D""}]}",Synthetic state-leg row — replace via OpenStates / FTM pipeline,mock
MN-U-064,MN,upper,64,ocd-division/country:us/state:mn/sldu:64,MN SD-64,R,Robert Martinez,R,2009,17.0,6.5,Lean R,True,False,defend,67,34,337817.0,304035.0,188485.0,169637.0,304035.0,287144.0,169637.0,160212.0,287144.0,270253.0,160212.0,150788.0,266910.0,"{""office"": ""MN Senate District 64"", ""source"": ""mock"", ""candidates"": [{""name"": ""Robert Martinez"", ""party"": ""R""}, {""name"": ""Joseph Jones"", ""party"": ""D""}]}",Synthetic state-leg row — replace via OpenStates / FTM pipeline,mock
MN-U-065,MN,upper,65,ocd-division/country:us/state:mn/sldu:65,MN SD-65,R,Patricia Hernandez,R,2016,10.0,-1.8,Toss-up,True,False,defend,67,34,1436583.0,1292925.0,890834.0,801750.0,1292925.0,1221096.0,801750.0,757209.0,1221096.0,1149267.0,757209.0,712667.0,1336602.0,"{""office"": ""MN Senate District 65"", ""source"": ""mock"", ""candidates"": [{""name"": ""Patricia Hernandez"", ""party"": ""R""}, {""name"": ""Jennifer Johnson"", ""party"": ""D""}]}",Synthetic state-leg row — replace via OpenStates / FTM pipeline,mock
MN-U-066,MN,upper,66,ocd-division/country:us/state:mn/sldu:66,MN SD-66,R,John Lopez,R,2020,6.0,-3.4,Lean D,True,False,defend,67,34,1117487.0,1005738.0,860102.0,774092.0,1005738.0,949864.0,774092.0,731087.0,949864.0,893989.0,731087.0,688081.0,1090499.0,"{""office"": ""MN Senate District 66"", ""source"": ""mock"", ""candidates"": [{""name"": ""John Lopez"", ""party"": ""R""}, {""name"": ""Richard Lopez"", ""party"": ""D""}]}",Synthetic state-leg row — replace via OpenStates / FTM pipeline,mock
MN-U-067,MN,upper,67,ocd-division/country:us/state:mn/sldu:67,MN SD-67,D,Jennifer Wilson,D,2021,5.0,-7.6,Likely D,True,False,attack,67,34,723713.0,651342.0,635650.0,572085.0,651342.0,615156.0,572085.0,540303.0,615156.0,578971.0,540303.0,508520.0,668030.0,"{""office"": ""MN Senate District 67"", ""source"": ""mock"", ""candidates"": [{""name"": ""Jennifer Wilson"", ""party"": ""D""}, {""name"": ""Jessica Davis"", ""party"": ""R""}]}",Synthetic state-leg row — replace via OpenStates / FTM pipeline,mock
MO-U-001,MO,upper,1,ocd-division/country:us/state:mo/sldu:1,MO SD-1,R,Michael Anderson,R,2021,5.0,1.5,Toss-up,True,False,defend,34,18,696860.0,627174.0,508890.0,458001.0,627174.0,592331.0,458001.0,432556.0,592331.0,557488.0,432556.0,407112.0,697612.0,"{""office"": ""MO Senate District 1"", ""source"": ""mock"", ""candidates"": [{""name"": ""Michael Anderson"", ""party"": ""R""}, {""name"": ""Robert Johnson"", ""party"": ""D""}]}",Synthetic state-leg row — replace via OpenStates / FTM pipeline,mock
MO-U-002,MO,upper,2,ocd-division/country:us/state:mo/sldu:2,MO SD-2,D,Linda Thomas,D,2014,12.0,0.8,Toss-up,True,False,attack,34,18,824276.0,741848.0,981893.0,883704.0,741848.0,700634.0,883704.0,834609.0,700634.0,659421.0,834609.0,785514.0,1063059.0,"{""office"": ""MO Senate District 2"", ""source"": ""mock"", ""candidates"": [{""name"": ""Linda Thomas"", ""party"": ""D""}, {""name"": ""Linda Smith"", ""party"": ""R""}]}",Synthetic state-leg row — replace via OpenStates / FTM pipeline,mock
MO-U-003,MO,upper,3,ocd-division/country:us/state:mo/sldu:3,MO SD-3,R,David Smith,R,2018,8.0,9.0,Likely R,True,False,defend,34,18,558684.0,502816.0,364697.0,328227.0,502816.0,474882.0,328227.0,309992.0,474882.0,446947.0,309992.0,291757.0,435308.0,"{""office"": ""MO Senate District 3"", ""source"": ""mock"", ""candidates"": [{""name"": ""David Smith"", ""party"": ""R""}, {""name"": ""Elizabeth Wilson"", ""party"": ""D""}]}",Synthetic state-leg row — replace via OpenStates / FTM pipeline,mock
MO-U-004,MO,upper,4,ocd-division/country:us/state:mo/sldu:4,MO SD-4,R,Elizabeth Johnson,R,2012,14.0,9.7,Likely R,True,False,defend,34,18,1078470.0,970623.0,843774.0,759397.0,970623.0,916700.0,759397.0,717208.0,916700.0,862776.0,717208.0,675019.0,886979.0,"{""office"": ""MO Senate District 4"", ""source"": ""mock"", ""candidates"": [{""name"": ""Elizabeth Johnson"", ""party"": ""R""}, {""name"": ""James Lopez"", ""party"": ""D""}]}",Synthetic state-leg row — replace via OpenStates / FTM pipeline,mock
MO-U-005,MO,upper,5,ocd-division/country:us/state:mo/sldu:5,MO SD-5,R,William Williams,R,2016,10.0,10.2,Likely R,True,False,defend,34,18,435830.0,392247.0,368138.0,331324.0,392247.0,370455.0,331324.0,312917.0,370455.0,348664.0,312917.0,294510.0,365231.0,"{""office"": ""MO Senate District 5"", ""source"": ""mock"", ""candidates"": [{""name"": ""William Williams"", ""party"": ""R""}, {""name"": ""David Anderson"", ""party"": ""D""}]}",Synthetic state-leg row — replace via OpenStates / FTM pipeline,mock
MO-U-006,MO,upper,6,ocd-division/country:us/state:mo/sldu:6,MO SD-6,R,OPEN SEAT,,,0.0,0.0,Toss-up,False,True,defend,34,18,278576.0,250718.0,177276.0,159549.0,250718.0,236790.0,159549.0,150685.0,236790.0,222861.0,150685.0,141821.0,273511.0,"{""office"": ""MO Senate District 6"", ""source"": ""mock"", ""candidates"": [{""name"": ""John Wilson"", ""party"": ""D""}]}",Synthetic state-leg row — replace via OpenStates / FTM pipeline,mock
MO-U-007,MO,upper,7,ocd-division/country:us/state:mo/sldu:7,MO SD-7,R,Barbara Brown,R,2011,15.0,4.6,Lean R,True,False,defend,34,18,458177.0,412359.0,457957.0,412161.0,412359.0,389450.0,412161.0,389263.0,389450.0,366541.0,389263.0,366365.0,489477.0,"{""office"": ""MO Senate District 7"", ""source"": ""mock"", ""candidates"": [{""name"": ""Barbara Brown"", ""party"": ""R""}, {""name"": ""Patricia Miller"", ""party"": ""D""}]}",Synthetic state-leg row — replace via OpenStates / FTM pipeline,mock
MO-U-008,MO,upper,8,ocd-division/country:us/state:mo/sldu:8,MO SD-8,R,Richard Jones,R,2021,5.0,13.2,Likely R,True,False,defend,34,18,576281.0,518653.0,392170.0,352953.0,518653.0,489839.0,352953.0,333345.0,489839.0,461025.0,333345.0,313736.0,398449.0,"{""office"": ""MO Senate District 8"", ""source"": ""mock"", ""candidates"": [{""name"": ""Richard Jones"", ""party"": ""R""}, {""name"": ""Richard Williams"", ""party"": ""D""}]}",Synthetic state-leg row — replace via OpenStates / FTM pipeline,mock
MO-U-009,MO,upper,9,ocd-division/country:us/state:mo/sldu:9,MO SD-9,D,Susan Garcia,D,2015,11.0,1.5,Toss-up,True,False,attack,34,18,1154372.0,1038935.0,1404213.0,1263792.0,1038935.0,981216.0,1263792.0,1193581.0,981216.0,923498.0,1193581.0,1123370.0,1480324.0,"{""office"": ""MO Senate District 9"", ""source"": ""mock"", ""candidates"": [{""name"": ""Susan Garcia"", ""party"": ""D""}, {""name"": ""Mary Williams"", ""party"": ""R""}]}",Synthetic state-leg row — replace via OpenStates / FTM pipeline,mock
MO-U-010,MO,upper,10,ocd-division/country:us/state:mo/sldu:10,MO SD-10,R,Joseph Miller,R,2017,9.0,15.5,Likely R,True,False,safe,34,18,208695.0,187826.0,196121.0,176509.0,187826.0,177391.0,176509.0,166703.0,177391.0,166956.0,166703.0,156897.0,153252.0,"{""office"": ""MO Senate District 10"", ""source"": ""mock"", ""candidates"": [{""name"": ""Joseph Miller"", ""party"": ""R""}, {""name"": ""Barbara Johnson"", ""party"": ""D""}]}",Synthetic state-leg row — replace via OpenStates / FTM pipeline,mock
MO-U-011,MO,upper,11,ocd-division/country:us/state:mo/sldu:11,MO SD-11,R,Jessica Davis,R,2011,15.0,-2.1,Lean D,True,False,defend,34,18,1071734.0,964560.0,618718.0,556846.0,964560.0,910974.0,556846.0,525910.0,910974.0,857387.0,525910.0,494975.0,963558.0,"{""office"": ""MO Senate District 11"", ""source"": ""mock"", ""candidates"": [{""name"": ""Jessica Davis"", ""party"": ""R""}, {""name"": ""William Rodriguez"", ""party"": ""D""}]}",Synthetic state-leg row — replace via OpenStates / FTM pipeline,mock
MO-U-012,MO,upper,12,ocd-division/country:us/state:mo/sldu:12,MO SD-12,D,James Rodriguez,D,2014,12.0,-3.0,Lean D,True,False,attack,34,18,757690.0,681921.0,1138087.0,1024278.0,681921.0,644036.0,1024278.0,967374.0,644036.0,606152.0,967374.0,910470.0,1056219.0,"{""office"": ""MO Senate District 12"", ""source"": ""mock"", ""candidates"": [{""name"": ""James Rodriguez"", ""party"": ""D""}, {""name"": ""Susan Lopez"", ""party"": ""R""}]}",Synthetic state-leg row — replace via OpenStates / FTM pipeline,mock
MO-U-013,MO,upper,13,ocd-division/country:us/state:mo/sldu:13,MO SD-13,R,Mary Martinez,R,2022,4.0,19.7,Likely R,True,False,safe,34,18,274159.0,246743.0,367971.0,331174.0,246743.0,233035.0,331174.0,312776.0,233035.0,219327.0,312776.0,294377.0,204564.0,"{""office"": ""MO Senate District 13"", ""source"": ""mock"", ""candidates"": [{""name"": ""Mary Martinez"", ""party"": ""R""}]}",Synthetic state-leg row — replace via OpenStates / FTM pipeline,mock
MO-U-014,MO,upper,14,ocd-division/country:us/state:mo/sldu:14,MO SD-14,D,Robert Hernandez,D,2009,17.0,-4.1,Lean D,True,False,attack,34,18,589541.0,530587.0,601767.0,541590.0,530587.0,501110.0,541590.0,511502.0,501110.0,471633.0,511502.0,481414.0,645008.0,"{""office"": ""MO Senate District 14"", ""source"": ""mock"", ""candidates"": [{""name"": ""Robert Hernandez"", ""party"": ""D""}, {""name"": ""Jennifer Brown"", ""party"": ""R""}]}",Synthetic state-leg row — replace via OpenStates / FTM pipeline,mock
MO-U-015,MO,upper,15,ocd-division/country:us/state:mo/sldu:15,MO SD-15,R,Patricia Lopez,R,2020,6.0,8.7,Likely R,True,False,defend,34,18,535780.0,482202.0,346092.0,311483.0,482202.0,455413.0,311483.0,294178.0,455413.0,428624.0,294178.0,276874.0,419519.0,"{""office"": ""MO Senate District 15"", ""source"": ""mock"", ""candidates"": [{""name"": ""Patricia Lopez"", ""party"": ""R""}, {""name"": ""Michael Wilson"", ""party"": ""D""}]}",Synthetic state-leg row — replace via OpenStates / FTM pipeline,mock
MO-U-016,MO,upper,16,ocd-division/country:us/state:mo/sldu:16,MO SD-16,D,John Wilson,D,2021,5.0,0.2,Toss-up,True,False,attack,34,18,1127172.0,1014454.0,1125869.0,1013282.0,1014454.0,958096.0,1013282.0,956989.0,958096.0,901737.0,956989.0,900695.0,1345387.0,"{""office"": ""MO Senate District 16"", ""source"": ""mock"", ""candidates"": [{""name"": ""John Wilson"", ""party"": ""D""}, {""name"": ""Michael Smith"", ""party"": ""R""}]}",Synthetic state-leg row — replace via OpenStates / FTM pipeline,mock
MO-U-017,MO,upper,17,ocd-division/country:us/state:mo/sldu:17,MO SD-17,R,Jennifer Anderson,R,2016,10.0,17.0,Likely R,True,False,safe,34,18,435526.0,391973.0,368095.0,331286.0,391973.0,370197.0,331286.0,312881.0,370197.0,348421.0,312881.0,294476.0,287008.0,"{""office"": ""MO Senate District 17"", ""source"": ""mock"", ""candidates"": [{""name"": ""Jennifer Anderson"", ""party"": ""R""}]}",Synthetic state-leg row — replace via OpenStates / FTM pipeline,mock
MO-U-018,MO,upper,18,ocd-division/country:us/state:mo/sldu:18,MO SD-18,R,Michael Thomas,R,2023,3.0,17.7,Likely R,True,False,safe,34,18,348647.0,313782.0,276487.0,248838.0,313782.0,296350.0,248838.0,235014.0,296350.0,278918.0,235014.0,221190.0,217011.0,"{""office"": ""MO Senate District 18"", ""source"": ""mock"", ""candidates"": [{""name"": ""Michael Thomas"", ""party"": ""R""}]}",Synthetic state-leg row — replace via OpenStates / FTM pipeline,mock
MO-U-019,MO,upper,19,ocd-division/country:us/state:mo/sldu:19,MO SD-19,R,Linda Smith,R,2024,2.0,7.3,Likely R,True,False,defend,34,18,1044723.0,940250.0,632037.0,568834.0,940250.0,888014.0,568834.0,537232.0,888014.0,835778.0,537232.0,505630.0,831194.0,"{""office"": ""MO Senate District 19"", ""source"": ""mock"", ""candidates"": [{""name"": ""Linda Smith"", ""party"": ""R""}, {""name"": ""Linda Williams"", ""party"": ""D""}]}",Synthetic state-leg row — replace via OpenStates / FTM pipeline,mock
MO-U-020,MO,upper,20,ocd-division/country:us/state:mo/sldu:20,MO SD-20,R,David Johnson,R,2014,12.0,16.3,Likely R,True,False,safe,34,18,440124.0,396111.0,337346.0,303611.0,396111.0,374105.0,303611.0,286744.0,374105.0,352099.0,286744.0,269877.0,285442.0,"{""office"": ""MO Senate District 20"", ""source"": ""mock"", ""candidates"": [{""name"": ""David Johnson"", ""party"": ""R""}]}",Synthetic state-leg row — replace via OpenStates / FTM pipeline,mock
MO-U-021,MO,upper,21,ocd-division/country:us/state:mo/sldu:21,MO SD-21,R,Elizabeth Williams,R,2008,18.0,16.3,Likely R,True,False,safe,34,18,371439.0,334295.0,330749.0,297674.0,334295.0,315723.0,297674.0,281137.0,315723.0,297151.0,281137.0,264599.0,257803.0,"{""office"": ""MO Senate District 21"", ""source"": ""mock"", ""candidates"": [{""name"": ""Elizabeth Williams"", ""party"": ""R""}]}",Synthetic state-leg row — replace via OpenStates / FTM pipeline,mock
MO-U-022,MO,upper,22,ocd-division/country:us/state:mo/sldu:22,MO SD-22,R,William Brown,R,2023,3.0,3.2,Lean R,True,False,defend,34,18,232961.0,209665.0,177434.0,159690.0,209665.0,198017.0,159690.0,150819.0,198017.0,186369.0,150819.0,141947.0,227476.0,"{""office"": ""MO Senate District 22"", ""source"": ""mock"", ""candidates"": [{""name"": ""William Brown"", ""party"": ""R""}, {""name"": ""James Miller"", ""party"": ""D""}]}",Synthetic state-leg row — replace via OpenStates / FTM pipeline,mock
MO-U-023,MO,upper,23,ocd-division/country:us/state:mo/sldu:23,MO SD-23,R,Barbara Jones,R,2018,8.0,25.8,Likely R,True,False,safe,34,18,98877.0,88989.0,82536.0,74283.0,88989.0,84045.0,74283.0,70156.0,84045.0,79102.0,70156.0,66029.0,44991.0,"{""office"": ""MO Senate District 23"", ""source"": ""mock"", ""candidates"": [{""name"": ""Barbara Jones"", ""party"": ""R""}]}",Synthetic state-leg row — replace via OpenStates / FTM pipeline,mock
MO-U-024,MO,upper,24,ocd-division/country:us/state:mo/sldu:24,MO SD-24,R,Richard Garcia,R,2013,13.0,12.8,Likely R,True,False,defend,34,18,716923.0,645231.0,544683.0,490215.0,645231.0,609385.0,490215.0,462980.0,609385.0,573538.0,462980.0,435746.0,526270.0,"{""office"": ""MO Senate District 24"", ""source"": ""mock"", ""candidates"": [{""name"": ""Richard Garcia"", ""party"": ""R""}, {""name"": ""James Thomas"", ""party"": ""D""}]}",Synthetic state-leg row — replace via OpenStates / FTM pipeline,mock
MO-U-025,MO,upper,25,ocd-division/country:us/state:mo/sldu:25,MO SD-25,R,Susan Miller,R,2012,14.0,16.6,Likely R,False,False,safe,34,18,313705.0,282334.0,283751.0,255376.0,282334.0,266649.0,255376.0,241189.0,266649.0,250964.0,241189.0,227001.0,216791.0,"{""office"": ""MO Senate District 25"", ""source"": ""mock"", ""candidates"": [{""name"": ""Susan Miller"", ""party"": ""R""}]}",Synthetic state-leg row — replace via OpenStates / FTM pipeline,mock
MO-U-026,MO,upper,26,ocd-division/country:us/state:mo/sldu:26,MO SD-26,R,OPEN SEAT,,,0.0,0.1,Toss-up,False,True,defend,34,18,483255.0,434930.0,470896.0,423806.0,434930.0,410767.0,423806.0,400261.0,410767.0,386604.0,400261.0,376716.0,571127.0,"{""office"": ""MO Senate District 26"", ""source"": ""mock"", ""candidates"": [{""name"": ""Barbara Johnson"", ""party"": ""D""}]}",Synthetic state-leg row — replace via OpenStates / FTM pipeline,mock
MO-U-027,MO,upper,27,ocd-division/country:us/state:mo/sldu:27,MO SD-27,R,Joseph Davis,R,2011,15.0,7.6,Likely R,True,False,defend,34,18,175024.0,157522.0,183920.0,165528.0,157522.0,148771.0,165528.0,156332.0,148771.0,140019.0,156332.0,147136.0,176395.0,"{""office"": ""MO Senate District 27"", ""source"": ""mock"", ""candidates"": [{""name"": ""Joseph Davis"", ""party"": ""R""}, {""name"": ""Barbara Brown"", ""party"": ""D""}]}",Synthetic state-leg row — replace via OpenStates / FTM pipeline,mock
MO-U-028,MO,upper,28,ocd-division/country:us/state:mo/sldu:28,MO SD-28,R,Jessica Rodriguez,R,2022,4.0,15.6,Likely R,True,False,safe,34,18,218682.0,196814.0,220397.0,198357.0,196814.0,185879.0,198357.0,187338.0,185879.0,174945.0,187338.0,176318.0,165595.0,"{""office"": ""MO Senate District 28"", ""source"": ""mock"", ""candidates"": [{""name"": ""Jessica Rodriguez"", ""party"": ""R""}]}",Synthetic state-leg row — replace via OpenStates / FTM pipeline,mock
MO-U-029,MO,upper,29,ocd-division/country:us/state:mo/sldu:29,MO SD-29,R,James Martinez,R,2016,10.0,0.5,Toss-up,True,False,defend,34,18,193592.0,174233.0,222252.0,200027.0,174233.0,164553.0,200027.0,188914.0,164553.0,154874.0,188914.0,177802.0,246536.0,"{""office"": ""MO Senate District 29"", ""source"": ""mock"", ""candidates"": [{""name"": ""James Martinez"", ""party"": ""R""}, {""name"": ""Barbara Jones"", ""party"": ""D""}]}",Synthetic state-leg row — replace via OpenStates / FTM pipeline,mock
MO-U-030,MO,upper,30,ocd-division/country:us/state:mo/sldu:30,MO SD-30,R,Mary Hernandez,R,2015,11.0,10.6,Likely R,True,False,defend,34,18,633130.0,569817.0,610137.0,549123.0,569817.0,538161.0,549123.0,518616.0,538161.0,506504.0,518616.0,488109.0,557694.0,"{""office"": ""MO Senate District 30"", ""source"": ""mock"", ""candidates"": [{""name"": ""Mary Hernandez"", ""party"": ""R""}, {""name"": ""Elizabeth Lopez"", ""party"": ""D""}]}",Synthetic state-leg row — replace via OpenStates / FTM pipeline,mock
MO-U-031,MO,upper,31,ocd-division/country:us/state:mo/sldu:31,MO SD-31,D,Robert Lopez,D,2023,3.0,-9.6,Likely D,True,False,attack,34,18,343829.0,309446.0,380557.0,342501.0,309446.0,292255.0,342501.0,323473.0,292255.0,275063.0,323473.0,304445.0,335287.0,"{""office"": ""MO Senate District 31"", ""source"": ""mock"", ""candidates"": [{""name"": ""Robert Lopez"", ""party"": ""D""}, {""name"": ""James Lopez"", ""party"": ""R""}]}",Synthetic state-leg row — replace via OpenStates / FTM pipeline,mock
MO-U-032,MO,upper,32,ocd-division/country:us/state:mo/sldu:32,MO SD-32,R,Patricia Wilson,R,2018,8.0,24.7,Likely R,True,False,safe,34,18,98144.0,88330.0,98312.0,88481.0,88330.0,83423.0,88481.0,83565.0,83423.0,78516.0,83565.0,78649.0,48721.0,"{""office"": ""MO Senate District 32"", ""source"": ""mock"", ""candidates"": [{""name"": ""Patricia Wilson"", ""party"": ""R""}]}",Synthetic state-leg row — replace via OpenStates / FTM pipeline,mock
MO-U-033,MO,upper,33,ocd-division/country:us/state:mo/sldu:33,MO SD-33,R,John Anderson,R,2022,4.0,26.5,Likely R,True,False,safe,34,18,137849.0,124064.0,127819.0,115037.0,124064.0,117171.0,115037.0,108646.0,117171.0,110279.0,108646.0,102255.0,65886.0,"{""office"": ""MO Senate District 33"", ""source"": ""mock"", ""candidates"": [{""name"": ""John Anderson"", ""party"": ""R""}, {""name"": ""Jennifer Davis"", ""party"": ""D""}]}",Synthetic state-leg row — replace via OpenStates / FTM pipeline,mock
MO-U-034,MO,upper,34,ocd-division/country:us/state:mo/sldu:34,MO SD-34,R,OPEN SEAT,,,0.0,9.1,Likely R,False,True,defend,34,18,782633.0,704370.0,502204.0,451984.0,704370.0,665238.0,451984.0,426874.0,665238.0,626107.0,426874.0,401763.0,603874.0,"{""office"": ""MO Senate District 34"", ""source"": ""mock"", ""candidates"": [{""name"": ""Richard Davis"", ""party"": ""D""}]}",Synthetic state-leg row — replace via OpenStates / FTM pipeline,mock
MS-U-001,MS,upper,1,ocd-division/country:us/state:ms/sldu:1,MS SD-1,R,Jennifer Thomas,R,2024,2.0,0.1,Toss-up,True,False,defend,52,27,1121268.0,1009141.0,1329143.0,1196229.0,1009141.0,953077.0,1196229.0,1129772.0,953077.0,897014.0,1129772.0,1063315.0,1466746.0,"{""office"": ""MS Senate District 1"", ""source"": ""mock"", ""candidates"": [{""name"": ""Jennifer Thomas"", ""party"": ""R""}, {""name"": ""Patricia Jones"", ""party"": ""D""}]}",Synthetic state-leg row — replace via OpenStates / FTM pipeline,mock
MS-U-002,MS,upper,2,ocd-division/country:us/state:ms/sldu:2,MS SD-2,R,Michael Smith,R,2010,16.0,6.1,Lean R,True,False,defend,52,27,988933.0,890040.0,666615.0,599953.0,890040.0,840593.0,599953.0,566622.0,840593.0,791146.0,566622.0,533292.0,849059.0,"{""office"": ""MS Senate District 2"", ""source"": ""mock"", ""candidates"": [{""name"": ""Michael Smith"", ""party"": ""R""}, {""name"": ""Robert Martinez"", ""party"": ""D""}]}",Synthetic state-leg row — replace via OpenStates / FTM pipeline,mock
MS-U-003,MS,upper,3,ocd-division/country:us/state:ms/sldu:3,MS SD-3,R,Linda Johnson,R,2016,10.0,3.5,Lean R,False,False,defend,52,27,723008.0,650707.0,416960.0,375264.0,650707.0,614557.0,375264.0,354416.0,614557.0,578406.0,354416.0,333568.0,626982.0,"{""office"": ""MS Senate District 3"", ""source"": ""mock"", ""candidates"": [{""name"": ""Linda Johnson"", ""party"": ""R""}, {""name"": ""Jennifer Williams"", ""party"": ""D""}]}",Synthetic state-leg row — replace via OpenStates / FTM pipeline,mock
MS-U-004,MS,upper,4,ocd-division/country:us/state:ms/sldu:4,MS SD-4,D,David Williams,D,2018,8.0,3.7,Lean R,True,False,attack,52,27,832449.0,749204.0,1031168.0,928051.0,749204.0,707582.0,928051.0,876493.0,707582.0,665959.0,876493.0,824935.0,1019665.0,"{""office"": ""MS Senate District 4"", ""source"": ""mock"", ""candidates"": [{""name"": ""David Williams"", ""party"": ""D""}, {""name"": ""Michael Garcia"", ""party"": ""R""}]}",Synthetic state-leg row — replace via OpenStates / FTM pipeline,mock
MS-U-005,MS,upper,5,ocd-division/country:us/state:ms/sldu:5,MS SD-5,R,Elizabeth Brown,R,2009,17.0,6.2,Lean R,True,False,defend,52,27,529680.0,476712.0,486350.0,437715.0,476712.0,450228.0,437715.0,413397.0,450228.0,423744.0,413397.0,389080.0,519626.0,"{""office"": ""MS Senate District 5"", ""source"": ""mock"", ""candidates"": [{""name"": ""Elizabeth Brown"", ""party"": ""R""}, {""name"": ""Elizabeth Thomas"", ""party"": ""D""}]}",Synthetic state-leg row — replace via OpenStates / FTM pipeline,mock
MS-U-006,MS,upper,6,ocd-division/country:us/state:ms/sldu:6,MS SD-6,R,William Jones,R,2017,9.0,5.3,Lean R,True,False,defend,52,27,409520.0,368568.0,250682.0,225614.0,368568.0,348092.0,225614.0,213080.0,348092.0,327616.0,213080.0,200546.0,346134.0,"{""office"": ""MS Senate District 6"", ""source"": ""mock"", ""candidates"": [{""name"": ""William Jones"", ""party"": ""R""}, {""name"": ""Patricia Wilson"", ""party"": ""D""}]}",Synthetic state-leg row — replace via OpenStates / FTM pipeline,mock
MS-U-007,MS,upper,7,ocd-division/country:us/state:ms/sldu:7,MS SD-7,R,Barbara Garcia,R,2016,10.0,17.9,Likely R,True,False,safe,52,27,363940.0,327546.0,348323.0,313491.0,327546.0,309349.0,313491.0,296074.0,309349.0,291152.0,296074.0,278658.0,245222.0,"{""office"": ""MS Senate District 7"", ""source"": ""mock"", ""candidates"": [{""name"": ""Barbara Garcia"", ""party"": ""R""}, {""name"": ""Jessica Anderson"", ""party"": ""D""}]}",Synthetic state-leg row — replace via OpenStates / FTM pipeline,mock
MS-U-008,MS,upper,8,ocd-division/country:us/state:ms/sldu:8,MS SD-8,R,Richard Miller,R,2008,18.0,12.5,Likely R,True,False,defend,52,27,644433.0,579989.0,445329.0,400797.0,579989.0,547768.0,400797.0,378530.0,547768.0,515546.0,378530.0,356264.0,459257.0,"{""office"": ""MS Senate District 8"", ""source"": ""mock"", ""candidates"": [{""name"": ""Richard Miller"", ""party"": ""R""}, {""name"": ""Mary Wilson"", ""party"": ""D""}]}",Synthetic state-leg row — replace via OpenStates / FTM pipeline,mock
MS-U-009,MS,upper,9,ocd-division/country:us/state:ms/sldu:9,MS SD-9,R,Susan Davis,R,2022,4.0,21.2,Likely R,False,False,safe,52,27,193742.0,174368.0,164393.0,147954.0,174368.0,164681.0,147954.0,139734.0,164681.0,154994.0,139734.0,131515.0,106417.0,"{""office"": ""MS Senate District 9"", ""source"": ""mock"", ""candidates"": [{""name"": ""Susan Davis"", ""party"": ""R""}]}",Synthetic state-leg row — replace via OpenStates / FTM pipeline,mock
MS-U-010,MS,upper,10,ocd-division/country:us/state:ms/sldu:10,MS SD-10,R,Joseph Rodriguez,R,2014,12.0,7.2,Likely R,True,False,defend,52,27,993942.0,894548.0,715222.0,643700.0,894548.0,844851.0,643700.0,607939.0,844851.0,795154.0,607939.0,572178.0,849699.0,"{""office"": ""MS Senate District 10"", ""source"": ""mock"", ""candidates"": [{""name"": ""Joseph Rodriguez"", ""party"": ""R""}, {""name"": ""Robert Miller"", ""party"": ""D""}]}",Synthetic state-leg row — replace via OpenStates / FTM pipeline,mock
MS-U-011,MS,upper,11,ocd-division/country:us/state:ms/sldu:11,MS SD-11,R,Jessica Martinez,R,2012,14.0,-0.1,Toss-up,True,False,defend,52,27,1087816.0,979034.0,948385.0,853547.0,979034.0,924644.0,853547.0,806127.0,924644.0,870253.0,806127.0,758708.0,1218812.0,"{""office"": ""MS Senate District 11"", ""source"": ""mock"", ""candidates"": [{""name"": ""Jessica Martinez"", ""party"": ""R""}, {""name"": ""Linda Thomas"", ""party"": ""D""}]}",Synthetic state-leg row — replace via OpenStates / FTM pipeline,mock
MS-U-012,MS,upper,12,ocd-division/country:us/state:ms/sldu:12,MS SD-12,R,James Hernandez,R,2021,5.0,7.5,Likely R,True,False,defend,52,27,250410.0,225369.0,183257.0,164931.0,225369.0,212849.0,164931.0,155768.0,212849.0,200328.0,155768.0,146605.0,213736.0,"{""office"": ""MS Senate District 12"", ""source"": ""mock"", ""candidates"": [{""name"": ""James Hernandez"", ""party"": ""R""}, {""name"": ""Barbara Martinez"", ""party"": ""D""}]}",Synthetic state-leg row — replace via OpenStates / FTM pipeline,mock
MS-U-013,MS,upper,13,ocd-division/country:us/state:ms/sldu:13,MS SD-13,R,Mary Lopez,R,2012,14.0,2.9,Lean R,True,False,defend,52,27,729713.0,656742.0,584193.0,525774.0,656742.0,620256.0,525774.0,496564.0,620256.0,583771.0,496564.0,467354.0,733910.0,"{""office"": ""MS Senate District 13"", ""source"": ""mock"", ""candidates"": [{""name"": ""Mary Lopez"", ""party"": ""R""}, {""name"": ""John Williams"", ""party"": ""D""}]}",Synthetic state-leg row — replace via OpenStates / FTM pipeline,mock
MS-U-014,MS,upper,14,ocd-division/country:us/state:ms/sldu:14,MS SD-14,R,Robert Wilson,R,2018,8.0,17.0,Likely R,False,False,safe,52,27,569455.0,512510.0,398700.0,358830.0,512510.0,484037.0,358830.0,338895.0,484037.0,455564.0,338895.0,318960.0,345770.0,"{""office"": ""MS Senate District 14"", ""source"": ""mock"", ""candidates"": [{""name"": ""Robert Wilson"", ""party"": ""R""}]}",Synthetic state-leg row — replace via OpenStates / FTM pipeline,mock
MS-U-015,MS,upper,15,ocd-division/country:us/state:ms/sldu:15,MS SD-15,R,Patricia Anderson,R,2017,9.0,8.3,Likely R,True,False,defend,52,27,396635.0,356971.0,449978.0,404980.0,356971.0,337139.0,404980.0,382481.0,337139.0,317308.0,382481.0,359983.0,407584.0,"{""office"": ""MS Senate District 15"", ""source"": ""mock"", ""candidates"": [{""name"": ""Patricia Anderson"", ""party"": ""R""}, {""name"": ""Joseph Hernandez"", ""party"": ""D""}]}",Synthetic state-leg row — replace via OpenStates / FTM pipeline,mock
MS-U-016,MS,upper,16,ocd-division/country:us/state:ms/sldu:16,MS SD-16,R,John Thomas,R,2023,3.0,10.2,Likely R,True,False,defend,52,27,482228.0,434005.0,521323.0,469191.0,434005.0,409893.0,469191.0,443125.0,409893.0,385782.0,443125.0,417059.0,455899.0,"{""office"": ""MS Senate District 16"", ""source"": ""mock"", ""candidates"": [{""name"": ""John Thomas"", ""party"": ""R""}, {""name"": ""Susan Lopez"", ""party"": ""D""}]}",Synthetic state-leg row — replace via OpenStates / FTM pipeline,mock
MS-U-017,MS,upper,17,ocd-division/country:us/state:ms/sldu:17,MS SD-17,R,Jennifer Smith,R,2012,14.0,18.4,Likely R,True,False,safe,52,27,284487.0,256039.0,233303.0,209973.0,256039.0,241814.0,209973.0,198308.0,241814.0,227590.0,198308.0,186643.0,174569.0,"{""office"": ""MS Senate District 17"", ""source"": ""mock"", ""candidates"": [{""name"": ""Jennifer Smith"", ""party"": ""R""}]}",Synthetic state-leg row — replace via OpenStates / FTM pipeline,mock
MS-U-018,MS,upper,18,ocd-division/country:us/state:ms/sldu:18,MS SD-18,R,Michael Johnson,R,2018,8.0,19.6,Likely R,True,False,safe,52,27,268857.0,241971.0,190612.0,171551.0,241971.0,228528.0,171551.0,162020.0,228528.0,215086.0,162020.0,152490.0,147030.0,"{""office"": ""MS Senate District 18"", ""source"": ""mock"", ""candidates"": [{""name"": ""Michael Johnson"", ""party"": ""R""}, {""name"": ""John Smith"", ""party"": ""D""}]}",Synthetic state-leg row — replace via OpenStates / FTM pipeline,mock
MS-U-019,MS,upper,19,ocd-division/country:us/state:ms/sldu:19,MS SD-19,R,OPEN SEAT,,,0.0,8.5,Likely R,False,True,defend,52,27,227344.0,204610.0,176734.0,159060.0,204610.0,193242.0,159060.0,150224.0,193242.0,181875.0,150224.0,141387.0,193380.0,"{""office"": ""MS Senate District 19"", ""source"": ""mock"", ""candidates"": [{""name"": ""Michael Rodriguez"", ""party"": ""D""}]}",Synthetic state-leg row — replace via OpenStates / FTM pipeline,mock
MS-U-020,MS,upper,20,ocd-division/country:us/state:ms/sldu:20,MS SD-20,R,Linda Williams,R,2010,16.0,28.2,Likely R,True,False,safe,52,27,132010.0,118809.0,106748.0,96074.0,118809.0,112208.0,96074.0,90736.0,112208.0,105608.0,90736.0,85399.0,59212.0,"{""office"": ""MS Senate District 20"", ""source"": ""mock"", ""candidates"": [{""name"": ""Linda Williams"", ""party"": ""R""}]}",Synthetic state-leg row — replace via OpenStates / FTM pipeline,mock
MS-U-021,MS,upper,21,ocd-division/country:us/state:ms/sldu:21,MS SD-21,D,David Brown,D,2022,4.0,-3.3,Lean D,True,False,attack,52,27,933206.0,839885.0,998058.0,898253.0,839885.0,793225.0,898253.0,848350.0,793225.0,746565.0,848350.0,798447.0,1067713.0,"{""office"": ""MS Senate District 21"", ""source"": ""mock"", ""candidates"": [{""name"": ""David Brown"", ""party"": ""D""}, {""name"": ""Richard Rodriguez"", ""party"": ""R""}]}",Synthetic state-leg row — replace via OpenStates / FTM pipeline,mock
MS-U-022,MS,upper,22,ocd-division/country:us/state:ms/sldu:22,MS SD-22,R,OPEN SEAT,,,0.0,9.4,Likely R,False,True,defend,52,27,687400.0,618660.0,540204.0,486184.0,618660.0,584290.0,486184.0,459174.0,584290.0,549920.0,459174.0,432163.0,571713.0,"{""office"": ""MS Senate District 22"", ""source"": ""mock"", ""candidates"": [{""name"": ""Patricia Thomas"", ""party"": ""D""}]}",Synthetic state-leg row — replace via OpenStates / FTM pipeline,mock
MS-U-023,MS,upper,23,ocd-division/country:us/state:ms/sldu:23,MS SD-23,R,Elizabeth Jones,R,2015,11.0,0.1,Toss-up,True,False,defend,52,27,270026.0,243023.0,165307.0,148776.0,243023.0,229522.0,148776.0,140511.0,229522.0,216021.0,140511.0,132245.0,260578.0,"{""office"": ""MS Senate District 23"", ""source"": ""mock"", ""candidates"": [{""name"": ""Elizabeth Jones"", ""party"": ""R""}, {""name"": ""Patricia Martinez"", ""party"": ""D""}]}",Synthetic state-leg row — replace via OpenStates / FTM pipeline,mock
MS-U-024,MS,upper,24,ocd-division/country:us/state:ms/sldu:24,MS SD-24,R,William Garcia,R,2012,14.0,9.5,Likely R,True,False,defend,52,27,984265.0,885839.0,587456.0,528710.0,885839.0,836626.0,528710.0,499338.0,836626.0,787412.0,499338.0,469965.0,729728.0,"{""office"": ""MS Senate District 24"", ""source"": ""mock"", ""candidates"": [{""name"": ""William Garcia"", ""party"": ""R""}, {""name"": ""Mary Thomas"", ""party"": ""D""}]}",Synthetic state-leg row — replace via OpenStates / FTM pipeline,mock
MS-U-025,MS,upper,25,ocd-division/country:us/state:ms/sldu:25,MS SD-25,R,Barbara Miller,R,2019,7.0,19.1,Likely R,True,False,safe,52,27,180797.0,162717.0,133017.0,119715.0,162717.0,153677.0,119715.0,113064.0,153677.0,144637.0,113064.0,106414.0,102662.0,"{""office"": ""MS Senate District 25"", ""source"": ""mock"", ""candidates"": [{""name"": ""Barbara Miller"", ""party"": ""R""}]}",Synthetic state-leg row — replace via OpenStates / FTM pipeline,mock
MS-U-026,MS,upper,26,ocd-division/country:us/state:ms/sldu:26,MS SD-26,R,Richard Davis,R,2016,10.0,12.4,Likely R,True,False,defend,52,27,272716.0,245445.0,276359.0,248723.0,245445.0,231809.0,248723.0,234905.0,231809.0,218173.0,234905.0,221087.0,232181.0,"{""office"": ""MS Senate District 26"", ""source"": ""mock"", ""candidates"": [{""name"": ""Richard Davis"", ""party"": ""R""}, {""name"": ""Joseph Martinez"", ""party"": ""D""}]}",Synthetic state-leg row — replace via OpenStates / FTM pipeline,mock
MS-U-027,MS,upper,27,ocd-division/country:us/state:ms/sldu:27,MS SD-27,D,Susan Rodriguez,D,2012,14.0,-5.1,Lean D,True,False,attack,52,27,281561.0,253405.0,354272.0,318845.0,253405.0,239327.0,318845.0,301131.0,239327.0,225249.0,301131.0,283418.0,335175.0,"{""office"": ""MS Senate District 27"", ""source"": ""mock"", ""candidates"": [{""name"": ""Susan Rodriguez"", ""party"": ""D""}, {""name"": ""Jessica Davis"", ""party"": ""R""}]}",Synthetic state-leg row — replace via OpenStates / FTM pipeline,mock
MS-U-028,MS,upper,28,ocd-division/country:us/state:ms/sldu:28,MS SD-28,D,Joseph Martinez,D,2008,18.0,0.6,Toss-up,True,False,attack,52,27,502759.0,452484.0,379255.0,341329.0,452484.0,427346.0,341329.0,322367.0,427346.0,402208.0,322367.0,303404.0,521649.0,"{""office"": ""MS Senate District 28"", ""source"": ""mock"", ""candidates"": [{""name"": ""Joseph Martinez"", ""party"": ""D""}, {""name"": ""Michael Thomas"", ""party"": ""R""}]}",Synthetic state-leg row — replace via OpenStates / FTM pipeline,mock
MS-U-029,MS,upper,29,ocd-division/country:us/state:ms/sldu:29,MS SD-29,R,Jessica Hernandez,R,2015,11.0,16.6,Likely R,True,False,safe,52,27,231220.0,208098.0,265044.0,238540.0,208098.0,196537.0,238540.0,225288.0,196537.0,184976.0,225288.0,212036.0,180073.0,"{""office"": ""MS Senate District 29"", ""source"": ""mock"", ""candidates"": [{""name"": ""Jessica Hernandez"", ""party"": ""R""}]}",Synthetic state-leg row — replace via OpenStates / FTM pipeline,mock
MS-U-030,MS,upper,30,ocd-division/country:us/state:ms/sldu:30,MS SD-30,R,James Lopez,R,2024,2.0,22.9,Likely R,True,False,safe,52,27,199773.0,179795.0,150193.0,135174.0,179795.0,169807.0,135174.0,127664.0,169807.0,159818.0,127664.0,120155.0,95491.0,"{""office"": ""MS Senate District 30"", ""source"": ""mock"", ""candidates"": [{""name"": ""James Lopez"", ""party"": ""R""}]}",Synthetic state-leg row — replace via OpenStates / FTM pipeline,mock
MS-U-031,MS,upper,31,ocd-division/country:us/state:ms/sldu:31,MS SD-31,D,Mary Wilson,D,2023,3.0,-0.4,Toss-up,True,False,attack,52,27,560538.0,504484.0,1055754.0,950179.0,504484.0,476457.0,950179.0,897391.0,476457.0,448430.0,897391.0,844604.0,960539.0,"{""office"": ""MS Senate District 31"", ""source"": ""mock"", ""candidates"": [{""name"": ""Mary Wilson"", ""party"": ""D""}, {""name"": ""Susan Thomas"", ""party"": ""R""}]}",Synthetic state-leg row — replace via OpenStates / FTM pipeline,mock
MS-U-032,MS,upper,32,ocd-division/country:us/state:ms/sldu:32,MS SD-32,R,Robert Anderson,R,2020,6.0,16.8,Likely R,True,False,safe,52,27,149874.0,134887.0,147484.0,132735.0,134887.0,127393.0,132735.0,125361.0,127393.0,119900.0,125361.0,117987.0,107049.0,"{""office"": ""MS Senate District 32"", ""source"": ""mock"", ""candidates"": [{""name"": ""Robert Anderson"", ""party"": ""R""}]}",Synthetic state-leg row — replace via OpenStates / FTM pipeline,mock
MS-U-033,MS,upper,33,ocd-division/country:us/state:ms/sldu:33,MS SD-33,D,Patricia Thomas,D,2010,16.0,4.3,Lean R,True,False,attack,52,27,560931.0,504838.0,775358.0,697823.0,504838.0,476792.0,697823.0,659055.0,476792.0,448745.0,659055.0,620287.0,719688.0,"{""office"": ""MS Senate District 33"", ""source"": ""mock"", ""candidates"": [{""name"": ""Patricia Thomas"", ""party"": ""D""}, {""name"": ""John Thomas"", ""party"": ""R""}]}",Synthetic state-leg row — replace via OpenStates / FTM pipeline,mock
MS-U-034,MS,upper,34,ocd-division/country:us/state:ms/sldu:34,MS SD-34,R,John Smith,R,2017,9.0,13.4,Likely R,True,False,defend,52,27,323837.0,291453.0,279189.0,251270.0,291453.0,275261.0,251270.0,237311.0,275261.0,259069.0,237311.0,223352.0,246379.0,"{""office"": ""MS Senate District 34"", ""source"": ""mock"", ""candidates"": [{""name"": ""John Smith"", ""party"": ""R""}, {""name"": ""James Rodriguez"", ""party"": ""D""}]}",Synthetic state-leg row — replace via OpenStates / FTM pipeline,mock
MS-U-035,MS,upper,35,ocd-division/country:us/state:ms/sldu:35,MS SD-35,R,Jennifer Johnson,R,2016,10.0,-1.3,Toss-up,True,False,defend,52,27,297443.0,267699.0,299065.0,269159.0,267699.0,252827.0,269159.0,254205.0,252827.0,237955.0,254205.0,239252.0,346827.0,"{""office"": ""MS Senate District 35"", ""source"": ""mock"", ""candidates"": [{""name"": ""Jennifer Johnson"", ""party"": ""R""}, {""name"": ""Linda Jones"", ""party"": ""D""}]}",Synthetic state-leg row — replace via OpenStates / FTM pipeline,mock
MS-U-036,MS,upper,36,ocd-division/country:us/state:ms/sldu:36,MS SD-36,R,Michael Williams,R,2023,3.0,0.0,Toss-up,True,False,defend,52,27,1468163.0,1321346.0,966743.0,870068.0,1321346.0,1247938.0,870068.0,821731.0,1247938.0,1174530.0,821731.0,773394.0,1460943.0,"{""office"": ""MS Senate District 36"", ""source"": ""mock"", ""candidates"": [{""name"": ""Michael Williams"", ""party"": ""R""}, {""name"": ""Mary Wilson"", ""party"": ""D""}]}",Synthetic state-leg row — replace via OpenStates / FTM pipeline,mock
MS-U-037,MS,upper,37,ocd-division/country:us/state:ms/sldu:37,MS SD-37,R,Linda Brown,R,2020,6.0,3.2,Lean R,True,False,defend,52,27,561310.0,505179.0,301508.0,271357.0,505179.0,477114.0,271357.0,256282.0,477114.0,449048.0,256282.0,241206.0,478248.0,"{""office"": ""MS Senate District 37"", ""source"": ""mock"", ""candidates"": [{""name"": ""Linda Brown"", ""party"": ""R""}, {""name"": ""Richard Jones"", ""party"": ""D""}]}",Synthetic state-leg row — replace via OpenStates / FTM pipeline,mock
MS-U-038,MS,upper,38,ocd-division/country:us/state:ms/sldu:38,MS SD-38,R,David Jones,R,2023,3.0,8.3,Likely R,True,False,defend,52,27,403210.0,362889.0,285835.0,257252.0,362889.0,342729.0,257252.0,242960.0,342729.0,322568.0,242960.0,228668.0,331726.0,"{""office"": ""MS Senate District 38"", ""source"": ""mock"", ""candidates"": [{""name"": ""David Jones"", ""party"": ""R""}, {""name"": ""Patricia Davis"", ""party"": ""D""}]}",Synthetic state-leg row — replace via OpenStates / FTM pipeline,mock
MS-U-039,MS,upper,39,ocd-division/country:us/state:ms/sldu:39,MS SD-39,R,Elizabeth Garcia,R,2017,9.0,1.4,Toss-up,True,False,defend,52,27,372199.0,334979.0,284832.0,256349.0,334979.0,316369.0,256349.0,242107.0,316369.0,297759.0,242107.0,227865.0,381078.0,"{""office"": ""MS Senate District 39"", ""source"": ""mock"", ""candidates"": [{""name"": ""Elizabeth Garcia"", ""party"": ""R""}, {""name"": ""Linda Thomas"", ""party"": ""D""}]}",Synthetic state-leg row — replace via OpenStates / FTM pipeline,mock
MS-U-040,MS,upper,40,ocd-division/country:us/state:ms/sldu:40,MS SD-40,R,William Miller,R,2013,13.0,1.7,Toss-up,True,False,defend,52,27,718721.0,646849.0,363689.0,327320.0,646849.0,610913.0,327320.0,309135.0,610913.0,574977.0,309135.0,290951.0,623159.0,"{""office"": ""MS Senate District 40"", ""source"": ""mock"", ""candidates"": [{""name"": ""William Miller"", ""party"": ""R""}, {""name"": ""Jessica Davis"", ""party"": ""D""}]}",Synthetic state-leg row — replace via OpenStates / FTM pipeline,mock
MS-U-041,MS,upper,41,ocd-division/country:us/state:ms/sldu:41,MS SD-41,R,Barbara Davis,R,2009,17.0,14.5,Likely R,True,False,safe,52,27,371268.0,334141.0,305712.0,275141.0,334141.0,315578.0,275141.0,259855.0,315578.0,297015.0,259855.0,244570.0,265957.0,"{""office"": ""MS Senate District 41"", ""source"": ""mock"", ""candidates"": [{""name"": ""Barbara Davis"", ""party"": ""R""}, {""name"": ""Jennifer Johnson"", ""party"": ""D""}]}",Synthetic state-leg row — replace via OpenStates / FTM pipeline,mock
MS-U-042,MS,upper,42,ocd-division/country:us/state:ms/sldu:42,MS SD-42,D,Richard Rodriguez,D,2010,16.0,-0.1,Toss-up,True,False,attack,52,27,902646.0,812381.0,1237766.0,1113990.0,812381.0,767249.0,1113990.0,1052101.0,767249.0,722117.0,1052101.0,990213.0,1281189.0,"{""office"": ""MS Senate District 42"", ""source"": ""mock"", ""candidates"": [{""name"": ""Richard Rodriguez"", ""party"": ""D""}, {""name"": ""Robert Garcia"", ""party"": ""R""}]}",Synthetic state-leg row — replace via OpenStates / FTM pipeline,mock
MS-U-043,MS,upper,43,ocd-division/country:us/state:ms/sldu:43,MS SD-43,R,Susan Martinez,R,2011,15.0,22.0,Likely R,True,False,safe,52,27,338536.0,304683.0,258410.0,232569.0,304683.0,287756.0,232569.0,219649.0,287756.0,270829.0,219649.0,206728.0,170556.0,"{""office"": ""MS Senate District 43"", ""source"": ""mock"", ""candidates"": [{""name"": ""Susan Martinez"", ""party"": ""R""}, {""name"": ""David Martinez"", ""party"": ""D""}]}",Synthetic state-leg row — replace via OpenStates / FTM pipeline,mock
MS-U-044,MS,upper,44,ocd-division/country:us/state:ms/sldu:44,MS SD-44,R,Joseph Hernandez,R,2012,14.0,27.6,Likely R,True,False,safe,52,27,257284.0,231555.0,135672.0,122105.0,231555.0,218691.0,122105.0,115321.0,218691.0,205827.0,115321.0,108537.0,97453.0,"{""office"": ""MS Senate District 44"", ""source"": ""mock"", ""candidates"": [{""name"": ""Joseph Hernandez"", ""party"": ""R""}]}",Synthetic state-leg row — replace via OpenStates / FTM pipeline,mock
MS-U-045,MS,upper,45,ocd-division/country:us/state:ms/sldu:45,MS SD-45,D,Jessica Lopez,D,2017,9.0,-3.9,Lean D,True,False,attack,52,27,296262.0,266636.0,437205.0,393484.0,266636.0,251822.0,393484.0,371624.0,251822.0,237009.0,371624.0,349764.0,399215.0,"{""office"": ""MS Senate District 45"", ""source"": ""mock"", ""candidates"": [{""name"": ""Jessica Lopez"", ""party"": ""D""}, {""name"": ""William Miller"", ""party"": ""R""}]}",Synthetic state-leg row — replace via OpenStates / FTM pipeline,mock
MS-U-046,MS,upper,46,ocd-division/country:us/state:ms/sldu:46,MS SD-46,R,James Wilson,R,2012,14.0,14.4,Likely R,True,False,safe,52,27,465701.0,419131.0,491166.0,442050.0,419131.0,395846.0,442050.0,417491.0,395846.0,372560.0,417491.0,392933.0,377279.0,"{""office"": ""MS Senate District 46"", ""source"": ""mock"", ""candidates"": [{""name"": ""James Wilson"", ""party"": ""R""}]}",Synthetic state-leg row — replace via OpenStates / FTM pipeline,mock
MS-U-047,MS,upper,47,ocd-division/country:us/state:ms/sldu:47,MS SD-47,R,Mary Anderson,R,2010,16.0,11.5,Likely R,True,False,defend,52,27,548405.0,493564.0,567371.0,510634.0,493564.0,466144.0,510634.0,482265.0,466144.0,438724.0,482265.0,453897.0,486160.0,"{""office"": ""MS Senate District 47"", ""source"": ""mock"", ""candidates"": [{""name"": ""Mary Anderson"", ""party"": ""R""}, {""name"": ""James Jones"", ""party"": ""D""}]}",Synthetic state-leg row — replace via OpenStates / FTM pipeline,mock
MS-U-048,MS,upper,48,ocd-division/country:us/state:ms/sldu:48,MS SD-48,D,Robert Thomas,D,2017,9.0,-1.2,Toss-up,True,False,attack,52,27,537886.0,484097.0,768807.0,691927.0,484097.0,457203.0,691927.0,653486.0,457203.0,430309.0,653486.0,615046.0,761615.0,"{""office"": ""MS Senate District 48"", ""source"": ""mock"", ""candidates"": [{""name"": ""Robert Thomas"", ""party"": ""D""}, {""name"": ""Joseph Johnson"", ""party"": ""R""}]}",Synthetic state-leg row — replace via OpenStates / FTM pipeline,mock
MS-U-049,MS,upper,49,ocd-division/country:us/state:ms/sldu:49,MS SD-49,D,Patricia Smith,D,2018,8.0,-12.7,Likely D,True,False,attack,52,27,243270.0,218943.0,322348.0,290113.0,218943.0,206779.0,290113.0,273996.0,206779.0,194616.0,273996.0,257878.0,236752.0,"{""office"": ""MS Senate District 49"", ""source"": ""mock"", ""candidates"": [{""name"": ""Patricia Smith"", ""party"": ""D""}, {""name"": ""Susan Lopez"", ""party"": ""R""}]}",Synthetic state-leg row — replace via OpenStates / FTM pipeline,mock
MS-U-050,MS,upper,50,ocd-division/country:us/state:ms/sldu:50,MS SD-50,R,John Johnson,R,2008,18.0,19.5,Likely R,False,False,safe,52,27,337325.0,303593.0,247337.0,222603.0,303593.0,286726.0,222603.0,210236.0,286726.0,269860.0,210236.0,197869.0,187927.0,"{""office"": ""MS Senate District 50"", ""source"": ""mock"", ""candidates"": [{""name"": ""John Johnson"", ""party"": ""R""}]}",Synthetic state-leg row — replace via OpenStates / FTM pipeline,mock
MS-U-051,MS,upper,51,ocd-division/country:us/state:ms/sldu:51,MS SD-51,R,Jennifer Williams,R,2010,16.0,16.6,Likely R,True,False,safe,52,27,169064.0,152158.0,197331.0,177598.0,152158.0,143704.0,177598.0,167732.0,143704.0,135251.0,167732.0,157865.0,132949.0,"{""office"": ""MS Senate District 51"", ""source"": ""mock"", ""candidates"": [{""name"": ""Jennifer Williams"", ""party"": ""R""}]}",Synthetic state-leg row — replace via OpenStates / FTM pipeline,mock
MS-U-052,MS,upper,52,ocd-division/country:us/state:ms/sldu:52,MS SD-52,R,Michael Brown,R,2015,11.0,8.9,Likely R,True,False,defend,52,27,347204.0,312483.0,262038.0,235834.0,312483.0,295123.0,235834.0,222732.0,295123.0,277763.0,222732.0,209630.0,288084.0,"{""office"": ""MS Senate District 52"", ""source"": ""mock"", ""candidates"": [{""name"": ""Michael Brown"", ""party"": ""R""}, {""name"": ""Michael Wilson"", ""party"": ""D""}]}",Synthetic state-leg row — replace via OpenStates / FTM pipeline,mock
MT-U-001,MT,upper,1,ocd-division/country:us/state:mt/sldu:1,MT SD-1,R,Linda Jones,R,2024,2.0,0.8,Toss-up,True,False,defend,50,26,1272210.0,1144989.0,1034244.0,930820.0,1144989.0,1081378.0,930820.0,879108.0,1081378.0,1017768.0,879108.0,827396.0,1357513.0,"{""office"": ""MT Senate District 1"", ""source"": ""mock"", ""candidates"": [{""name"": ""Linda Jones"", ""party"": ""R""}, {""name"": ""Susan Jones"", ""party"": ""D""}]}",Synthetic state-leg row — replace via OpenStates / FTM pipeline,mock
MT-U-002,MT,upper,2,ocd-division/country:us/state:mt/sldu:2,MT SD-2,D,David Garcia,D,2018,8.0,1.0,Toss-up,True,False,attack,50,26,1155217.0,1039695.0,1182402.0,1064162.0,1039695.0,981935.0,1064162.0,1005042.0,981935.0,924174.0,1005042.0,945922.0,1369177.0,"{""office"": ""MT Senate District 2"", ""source"": ""mock"", ""candidates"": [{""name"": ""David Garcia"", ""party"": ""D""}, {""name"": ""Jennifer Hernandez"", ""party"": ""R""}]}",Synthetic state-leg row — replace via OpenStates / FTM pipeline,mock
MT-U-003,MT,upper,3,ocd-division/country:us/state:mt/sldu:3,MT SD-3,R,Elizabeth Miller,R,2018,8.0,5.0,Lean R,False,False,defend,50,26,1329614.0,1196652.0,712636.0,641372.0,1196652.0,1130172.0,641372.0,605741.0,1130172.0,1063691.0,605741.0,570109.0,1079475.0,"{""office"": ""MT Senate District 3"", ""source"": ""mock"", ""candidates"": [{""name"": ""Elizabeth Miller"", ""party"": ""R""}, {""name"": ""David Hernandez"", ""party"": ""D""}]}",Synthetic state-leg row — replace via OpenStates / FTM pipeline,mock
MT-U-004,MT,upper,4,ocd-division/country:us/state:mt/sldu:4,MT SD-4,R,William Davis,R,2008,18.0,6.4,Lean R,True,False,defend,50,26,551583.0,496425.0,419888.0,377899.0,496425.0,468846.0,377899.0,356904.0,468846.0,441267.0,356904.0,335910.0,494062.0,"{""office"": ""MT Senate District 4"", ""source"": ""mock"", ""candidates"": [{""name"": ""William Davis"", ""party"": ""R""}, {""name"": ""Linda Lopez"", ""party"": ""D""}]}",Synthetic state-leg row — replace via OpenStates / FTM pipeline,mock
MT-U-005,MT,upper,5,ocd-division/country:us/state:mt/sldu:5,MT SD-5,R,Barbara Rodriguez,R,2017,9.0,5.9,Lean R,False,False,defend,50,26,787396.0,708656.0,756093.0,680484.0,708656.0,669286.0,680484.0,642679.0,669286.0,629916.0,642679.0,604874.0,795999.0,"{""office"": ""MT Senate District 5"", ""source"": ""mock"", ""candidates"": [{""name"": ""Barbara Rodriguez"", ""party"": ""R""}, {""name"": ""John Anderson"", ""party"": ""D""}]}",Synthetic state-leg row — replace via OpenStates / FTM pipeline,mock
MT-U-006,MT,upper,6,ocd-division/country:us/state:mt/sldu:6,MT SD-6,R,Richard Martinez,R,2013,13.0,2.4,Lean R,False,False,defend,50,26,1112430.0,1001187.0,898829.0,808946.0,1001187.0,945565.0,808946.0,764005.0,945565.0,889944.0,764005.0,719063.0,1137798.0,"{""office"": ""MT Senate District 6"", ""source"": ""mock"", ""candidates"": [{""name"": ""Richard Martinez"", ""party"": ""R""}, {""name"": ""William Garcia"", ""party"": ""D""}]}",Synthetic state-leg row — replace via OpenStates / FTM pipeline,mock
MT-U-007,MT,upper,7,ocd-division/country:us/state:mt/sldu:7,MT SD-7,D,Susan Hernandez,D,2011,15.0,-1.5,Toss-up,True,False,attack,50,26,331378.0,298240.0,348229.0,313406.0,298240.0,281671.0,313406.0,295994.0,281671.0,265102.0,295994.0,278583.0,393201.0,"{""office"": ""MT Senate District 7"", ""source"": ""mock"", ""candidates"": [{""name"": ""Susan Hernandez"", ""party"": ""D""}, {""name"": ""Richard Johnson"", ""party"": ""R""}]}",Synthetic state-leg row — replace via OpenStates / FTM pipeline,mock
MT-U-008,MT,upper,8,ocd-division/country:us/state:mt/sldu:8,MT SD-8,R,Joseph Lopez,R,2016,10.0,3.2,Lean R,True,False,defend,50,26,955089.0,859581.0,716487.0,644838.0,859581.0,811826.0,644838.0,609014.0,811826.0,764072.0,609014.0,573190.0,926531.0,"{""office"": ""MT Senate District 8"", ""source"": ""mock"", ""candidates"": [{""name"": ""Joseph Lopez"", ""party"": ""R""}, {""name"": ""William Garcia"", ""party"": ""D""}]}",Synthetic state-leg row — replace via OpenStates / FTM pipeline,mock
MT-U-009,MT,upper,9,ocd-division/country:us/state:mt/sldu:9,MT SD-9,R,Jessica Wilson,R,2013,13.0,-4.3,Lean D,False,False,defend,50,26,530325.0,477293.0,510734.0,459660.0,477293.0,450777.0,459660.0,434124.0,450777.0,424260.0,434124.0,408587.0,560685.0,"{""office"": ""MT Senate District 9"", ""source"": ""mock"", ""candidates"": [{""name"": ""Jessica Wilson"", ""party"": ""R""}, {""name"": ""David Miller"", ""party"": ""D""}]}",Synthetic state-leg row — replace via OpenStates / FTM pipeline,mock
MT-U-010,MT,upper,10,ocd-division/country:us/state:mt/sldu:10,MT SD-10,R,James Anderson,R,2022,4.0,8.9,Likely R,True,False,defend,50,26,618866.0,556979.0,498151.0,448336.0,556979.0,526036.0,448336.0,423429.0,526036.0,495092.0,423429.0,398521.0,528189.0,"{""office"": ""MT Senate District 10"", ""source"": ""mock"", ""candidates"": [{""name"": ""James Anderson"", ""party"": ""R""}, {""name"": ""Jessica Williams"", ""party"": ""D""}]}",Synthetic state-leg row — replace via OpenStates / FTM pipeline,mock
MT-U-011,MT,upper,11,ocd-division/country:us/state:mt/sldu:11,MT SD-11,R,Mary Thomas,R,2020,6.0,24.3,Likely R,True,False,safe,50,26,217568.0,195811.0,128638.0,115775.0,195811.0,184933.0,115775.0,109343.0,184933.0,174054.0,109343.0,102911.0,87541.0,"{""office"": ""MT Senate District 11"", ""source"": ""mock"", ""candidates"": [{""name"": ""Mary Thomas"", ""party"": ""R""}]}",Synthetic state-leg row — replace via OpenStates / FTM pipeline,mock
MT-U-012,MT,upper,12,ocd-division/country:us/state:mt/sldu:12,MT SD-12,R,Robert Smith,R,2024,2.0,9.8,Likely R,True,False,defend,50,26,205965.0,185369.0,162634.0,146371.0,185369.0,175070.0,146371.0,138239.0,175070.0,164772.0,138239.0,130108.0,169556.0,"{""office"": ""MT Senate District 12"", ""source"": ""mock"", ""candidates"": [{""name"": ""Robert Smith"", ""party"": ""R""}, {""name"": ""John Miller"", ""party"": ""D""}]}",Synthetic state-leg row — replace via OpenStates / FTM pipeline,mock
MT-U-013,MT,upper,13,ocd-division/country:us/state:mt/sldu:13,MT SD-13,R,Patricia Johnson,R,2016,10.0,15.3,Likely R,True,False,safe,50,26,469485.0,422537.0,416558.0,374902.0,422537.0,399062.0,374902.0,354074.0,399062.0,375588.0,354074.0,333246.0,337962.0,"{""office"": ""MT Senate District 13"", ""source"": ""mock"", ""candidates"": [{""name"": ""Patricia Johnson"", ""party"": ""R""}]}",Synthetic state-leg row — replace via OpenStates / FTM pipeline,mock
MT-U-014,MT,upper,14,ocd-division/country:us/state:mt/sldu:14,MT SD-14,D,John Williams,D,2010,16.0,-13.6,Likely D,True,False,attack,50,26,316447.0,284802.0,341836.0,307652.0,284802.0,268980.0,307652.0,290560.0,268980.0,253158.0,290560.0,273468.0,267075.0,"{""office"": ""MT Senate District 14"", ""source"": ""mock"", ""candidates"": [{""name"": ""John Williams"", ""party"": ""D""}, {""name"": ""Jennifer Miller"", ""party"": ""R""}]}",Synthetic state-leg row — replace via OpenStates / FTM pipeline,mock
MT-U-015,MT,upper,15,ocd-division/country:us/state:mt/sldu:15,MT SD-15,R,Jennifer Brown,R,2012,14.0,4.0,Lean R,True,False,defend,50,26,814654.0,733189.0,519218.0,467296.0,733189.0,692456.0,467296.0,441335.0,692456.0,651723.0,441335.0,415374.0,724102.0,"{""office"": ""MT Senate District 15"", ""source"": ""mock"", ""candidates"": [{""name"": ""Jennifer Brown"", ""party"": ""R""}, {""name"": ""Patricia Martinez"", ""party"": ""D""}]}",Synthetic state-leg row — replace via OpenStates / FTM pipeline,mock
MT-U-016,MT,upper,16,ocd-division/country:us/state:mt/sldu:16,MT SD-16,R,Michael Jones,R,2012,14.0,13.4,Likely R,True,False,defend,50,26,580254.0,522228.0,319861.0,287875.0,522228.0,493216.0,287875.0,271881.0,493216.0,464203.0,271881.0,255888.0,367761.0,"{""office"": ""MT Senate District 16"", ""source"": ""mock"", ""candidates"": [{""name"": ""Michael Jones"", ""party"": ""R""}, {""name"": ""Robert Smith"", ""party"": ""D""}]}",Synthetic state-leg row — replace via OpenStates / FTM pipeline,mock
MT-U-017,MT,upper,17,ocd-division/country:us/state:mt/sldu:17,MT SD-17,R,Linda Garcia,R,2022,4.0,5.5,Lean R,True,False,defend,50,26,301439.0,271295.0,208502.0,187651.0,271295.0,256223.0,187651.0,177226.0,256223.0,241151.0,177226.0,166801.0,265897.0,"{""office"": ""MT Senate District 17"", ""source"": ""mock"", ""candidates"": [{""name"": ""Linda Garcia"", ""party"": ""R""}, {""name"": ""Mary Wilson"", ""party"": ""D""}]}",Synthetic state-leg row — replace via OpenStates / FTM pipeline,mock
MT-U-018,MT,upper,18,ocd-division/country:us/state:mt/sldu:18,MT SD-18,R,David Miller,R,2022,4.0,13.5,Likely R,True,False,defend,50,26,432503.0,389253.0,301428.0,271286.0,389253.0,367628.0,271286.0,256214.0,367628.0,346003.0,256214.0,241143.0,298815.0,"{""office"": ""MT Senate District 18"", ""source"": ""mock"", ""candidates"": [{""name"": ""David Miller"", ""party"": ""R""}, {""name"": ""Elizabeth Brown"", ""party"": ""D""}]}",Synthetic state-leg row — replace via OpenStates / FTM pipeline,mock
MT-U-019,MT,upper,19,ocd-division/country:us/state:mt/sldu:19,MT SD-19,R,Elizabeth Davis,R,2013,13.0,11.3,Likely R,True,False,defend,50,26,294609.0,265149.0,316576.0,284919.0,265149.0,250418.0,284919.0,269090.0,250418.0,235688.0,269090.0,253261.0,268049.0,"{""office"": ""MT Senate District 19"", ""source"": ""mock"", ""candidates"": [{""name"": ""Elizabeth Davis"", ""party"": ""R""}, {""name"": ""Jennifer Miller"", ""party"": ""D""}]}",Synthetic state-leg row — replace via OpenStates / FTM pipeline,mock
MT-U-020,MT,upper,20,ocd-division/country:us/state:mt/sldu:20,MT SD-20,R,William Rodriguez,R,2018,8.0,11.8,Likely R,True,False,defend,50,26,284963.0,256466.0,202806.0,182525.0,256466.0,242218.0,182525.0,172385.0,242218.0,227970.0,172385.0,162245.0,210437.0,"{""office"": ""MT Senate District 20"", ""source"": ""mock"", ""candidates"": [{""name"": ""William Rodriguez"", ""party"": ""R""}, {""name"": ""Barbara Garcia"", ""party"": ""D""}]}",Synthetic state-leg row — replace via OpenStates / FTM pipeline,mock
MT-U-021,MT,upper,21,ocd-division/country:us/state:mt/sldu:21,MT SD-21,D,Barbara Martinez,D,2021,5.0,-6.1,Lean D,True,False,attack,50,26,418257.0,376431.0,420433.0,378390.0,376431.0,355518.0,378390.0,357368.0,355518.0,334605.0,357368.0,336346.0,430128.0,"{""office"": ""MT Senate District 21"", ""source"": ""mock"", ""candidates"": [{""name"": ""Barbara Martinez"", ""party"": ""D""}, {""name"": ""Barbara Hernandez"", ""party"": ""R""}]}",Synthetic state-leg row — replace via OpenStates / FTM pipeline,mock
MT-U-022,MT,upper,22,ocd-division/country:us/state:mt/sldu:22,MT SD-22,R,Richard Hernandez,R,2010,16.0,7.3,Likely R,True,False,defend,50,26,298615.0,268753.0,254725.0,229253.0,268753.0,253822.0,229253.0,216516.0,253822.0,238892.0,216516.0,203780.0,274298.0,"{""office"": ""MT Senate District 22"", ""source"": ""mock"", ""candidates"": [{""name"": ""Richard Hernandez"", ""party"": ""R""}, {""name"": ""Michael Williams"", ""party"": ""D""}]}",Synthetic state-leg row — replace via OpenStates / FTM pipeline,mock
MT-U-023,MT,upper,23,ocd-division/country:us/state:mt/sldu:23,MT SD-23,R,Susan Lopez,R,2008,18.0,11.2,Likely R,True,False,defend,50,26,204811.0,184330.0,164033.0,147630.0,184330.0,174089.0,147630.0,139428.0,174089.0,163849.0,139428.0,131226.0,162291.0,"{""office"": ""MT Senate District 23"", ""source"": ""mock"", ""candidates"": [{""name"": ""Susan Lopez"", ""party"": ""R""}, {""name"": ""John Jones"", ""party"": ""D""}]}",Synthetic state-leg row — replace via OpenStates / FTM pipeline,mock
MT-U-024,MT,upper,24,ocd-division/country:us/state:mt/sldu:24,MT SD-24,R,Joseph Wilson,R,2014,12.0,13.7,Likely R,True,False,defend,50,26,168247.0,151422.0,182570.0,164313.0,151422.0,143010.0,164313.0,155184.0,143010.0,134598.0,155184.0,146056.0,141830.0,"{""office"": ""MT Senate District 24"", ""source"": ""mock"", ""candidates"": [{""name"": ""Joseph Wilson"", ""party"": ""R""}, {""name"": ""Michael Smith"", ""party"": ""D""}]}",Synthetic state-leg row — replace via OpenStates / FTM pipeline,mock
MT-U-025,MT,upper,25,ocd-division/country:us/state:mt/sldu:25,MT SD-25,R,OPEN SEAT,,,0.0,2.8,Lean R,False,True,defend,50,26,858302.0,772472.0,655733.0,590160.0,772472.0,729557.0,590160.0,557373.0,729557.0,686642.0,557373.0,524587.0,847860.0,"{""office"": ""MT Senate District 25"", ""source"": ""mock"", ""candidates"": [{""name"": ""David Martinez"", ""party"": ""D""}]}",Synthetic state-leg row — replace via OpenStates / FTM pipeline,mock
MT-U-026,MT,upper,26,ocd-division/country:us/state:mt/sldu:26,MT SD-26,D,OPEN SEAT,,,0.0,3.0,Lean R,False,True,attack,50,26,1187362.0,1068626.0,1012198.0,910978.0,1068626.0,1009258.0,910978.0,860368.0,1009258.0,949890.0,860368.0,809759.0,1225469.0,"{""office"": ""MT Senate District 26"", ""source"": ""mock"", ""candidates"": [{""name"": ""Michael Hernandez"", ""party"": ""R""}]}",Synthetic state-leg row — replace via OpenStates / FTM pipeline,mock
MT-U-027,MT,upper,27,ocd-division/country:us/state:mt/sldu:27,MT SD-27,R,Jessica Anderson,R,2023,3.0,18.7,Likely R,True,False,safe,50,26,430053.0,387048.0,495714.0,446142.0,387048.0,365545.0,446142.0,421357.0,365545.0,344043.0,421357.0,396571.0,308148.0,"{""office"": ""MT Senate District 27"", ""source"": ""mock"", ""candidates"": [{""name"": ""Jessica Anderson"", ""party"": ""R""}, {""name"": ""Barbara Davis"", ""party"": ""D""}]}",Synthetic state-leg row — replace via OpenStates / FTM pipeline,mock
MT-U-028,MT,upper,28,ocd-division/country:us/state:mt/sldu:28,MT SD-28,R,James Thomas,R,2016,10.0,10.0,Likely R,True,False,defend,50,26,657461.0,591715.0,328601.0,295741.0,591715.0,558842.0,295741.0,279311.0,558842.0,525969.0,279311.0,262881.0,450771.0,"{""office"": ""MT Senate District 28"", ""source"": ""mock"", ""candidates"": [{""name"": ""James Thomas"", ""party"": ""R""}, {""name"": ""Richard Rodriguez"", ""party"": ""D""}]}",Synthetic state-leg row — replace via OpenStates / FTM pipeline,mock
MT-U-029,MT,upper,29,ocd-division/country:us/state:mt/sldu:29,MT SD-29,D,OPEN SEAT,,,0.0,-1.6,Toss-up,False,True,attack,50,26,255007.0,229506.0,213424.0,192082.0,229506.0,216756.0,192082.0,181411.0,216756.0,204006.0,181411.0,170739.0,270352.0,"{""office"": ""MT Senate District 29"", ""source"": ""mock"", ""candidates"": [{""name"": ""Michael Miller"", ""party"": ""R""}]}",Synthetic state-leg row — replace via OpenStates / FTM pipeline,mock
MT-U-030,MT,upper,30,ocd-division/country:us/state:mt/sldu:30,MT SD-30,R,Mary Smith,R,2018,8.0,28.7,Likely R,True,False,safe,50,26,97177.0,87459.0,92980.0,83682.0,87459.0,82601.0,83682.0,79033.0,82601.0,77742.0,79033.0,74384.0,47159.0,"{""office"": ""MT Senate District 30"", ""source"": ""mock"", ""candidates"": [{""name"": ""Mary Smith"", ""party"": ""R""}]}",Synthetic state-leg row — replace via OpenStates / FTM pipeline,mock
MT-U-031,MT,upper,31,ocd-division/country:us/state:mt/sldu:31,MT SD-31,R,Robert Johnson,R,2020,6.0,16.1,Likely R,False,False,safe,50,26,320286.0,288257.0,354553.0,319098.0,288257.0,272243.0,319098.0,301370.0,272243.0,256229.0,301370.0,283642.0,249690.0,"{""office"": ""MT Senate District 31"", ""source"": ""mock"", ""candidates"": [{""name"": ""Robert Johnson"", ""party"": ""R""}]}",Synthetic state-leg row — replace via OpenStates / FTM pipeline,mock
MT-U-032,MT,upper,32,ocd-division/country:us/state:mt/sldu:32,MT SD-32,R,Patricia Williams,R,2020,6.0,6.9,Lean R,True,False,defend,50,26,328199.0,295379.0,302011.0,271810.0,295379.0,278969.0,271810.0,256710.0,278969.0,262559.0,256710.0,241609.0,316005.0,"{""office"": ""MT Senate District 32"", ""source"": ""mock"", ""candidates"": [{""name"": ""Patricia Williams"", ""party"": ""R""}, {""name"": ""James Lopez"", ""party"": ""D""}]}",Synthetic state-leg row — replace via OpenStates / FTM pipeline,mock
MT-U-033,MT,upper,33,ocd-division/country:us/state:mt/sldu:33,MT SD-33,R,John Brown,R,2009,17.0,9.4,Likely R,True,False,defend,50,26,244171.0,219754.0,199852.0,179867.0,219754.0,207545.0,179867.0,169874.0,207545.0,195337.0,169874.0,159882.0,206788.0,"{""office"": ""MT Senate District 33"", ""source"": ""mock"", ""candidates"": [{""name"": ""John Brown"", ""party"": ""R""}, {""name"": ""Barbara Davis"", ""party"": ""D""}]}",Synthetic state-leg row — replace via OpenStates / FTM pipeline,mock
MT-U-034,MT,upper,34,ocd-division/country:us/state:mt/sldu:34,MT SD-34,R,Jennifer Jones,R,2024,2.0,11.7,Likely R,True,False,defend,50,26,665165.0,598648.0,665680.0,599112.0,598648.0,565390.0,599112.0,565828.0,565390.0,532132.0,565828.0,532544.0,576066.0,"{""office"": ""MT Senate District 34"", ""source"": ""mock"", ""candidates"": [{""name"": ""Jennifer Jones"", ""party"": ""R""}, {""name"": ""Susan Martinez"", ""party"": ""D""}]}",Synthetic state-leg row — replace via OpenStates / FTM pipeline,mock
MT-U-035,MT,upper,35,ocd-division/country:us/state:mt/sldu:35,MT SD-35,R,Michael Garcia,R,2011,15.0,20.3,Likely R,True,False,safe,50,26,340042.0,306038.0,402472.0,362224.0,306038.0,289035.0,362224.0,342101.0,289035.0,272033.0,342101.0,321977.0,230179.0,"{""office"": ""MT Senate District 35"", ""source"": ""mock"", ""candidates"": [{""name"": ""Michael Garcia"", ""party"": ""R""}]}",Synthetic state-leg row — replace via OpenStates / FTM pipeline,mock
MT-U-036,MT,upper,36,ocd-division/country:us/state:mt/sldu:36,MT SD-36,R,Linda Miller,R,2011,15.0,7.2,Likely R,True,False,defend,50,26,488406.0,439566.0,540583.0,486525.0,439566.0,415145.0,486525.0,459496.0,415145.0,390725.0,459496.0,432467.0,511555.0,"{""office"": ""MT Senate District 36"", ""source"": ""mock"", ""candidates"": [{""name"": ""Linda Miller"", ""party"": ""R""}, {""name"": ""Jennifer Williams"", ""party"": ""D""}]}",Synthetic state-leg row — replace via OpenStates / FTM pipeline,mock
MT-U-037,MT,upper,37,ocd-division/country:us/state:mt/sldu:37,MT SD-37,R,David Davis,R,2015,11.0,1.9,Toss-up,False,False,defend,50,26,575918.0,518326.0,327909.0,295118.0,518326.0,489530.0,295118.0,278723.0,489530.0,460734.0,278723.0,262327.0,517764.0,"{""office"": ""MT Senate District 37"", ""source"": ""mock"", ""candidates"": [{""name"": ""David Davis"", ""party"": ""R""}, {""name"": ""John Anderson"", ""party"": ""D""}]}",Synthetic state-leg row — replace via OpenStates / FTM pipeline,mock
MT-U-038,MT,upper,38,ocd-division/country:us/state:mt/sldu:38,MT SD-38,R,Elizabeth Rodriguez,R,2012,14.0,12.0,Likely R,True,False,defend,50,26,643773.0,579396.0,496212.0,446591.0,579396.0,547207.0,446591.0,421780.0,547207.0,515018.0,421780.0,396970.0,488565.0,"{""office"": ""MT Senate District 38"", ""source"": ""mock"", ""candidates"": [{""name"": ""Elizabeth Rodriguez"", ""party"": ""R""}, {""name"": ""Joseph Smith"", ""party"": ""D""}]}",Synthetic state-leg row — replace via OpenStates / FTM pipeline,mock
MT-U-039,MT,upper,39,ocd-division/country:us/state:mt/sldu:39,MT SD-39,R,William Martinez,R,2012,14.0,0.6,Toss-up,True,False,defend,50,26,251112.0,226001.0,200225.0,180202.0,226001.0,213445.0,180202.0,170191.0,213445.0,200889.0,170191.0,160180.0,266933.0,"{""office"": ""MT Senate District 39"", ""source"": ""mock"", ""candidates"": [{""name"": ""William Martinez"", ""party"": ""R""}, {""name"": ""Mary Williams"", ""party"": ""D""}]}",Synthetic state-leg row — replace via OpenStates / FTM pipeline,mock
MT-U-040,MT,upper,40,ocd-division/country:us/state:mt/sldu:40,MT SD-40,R,Barbara Hernandez,R,2020,6.0,17.9,Likely R,True,False,safe,50,26,233475.0,210128.0,232903.0,209612.0,210128.0,198454.0,209612.0,197967.0,198454.0,186780.0,197967.0,186322.0,160567.0,"{""office"": ""MT Senate District 40"", ""source"": ""mock"", ""candidates"": [{""name"": ""Barbara Hernandez"", ""party"": ""R""}]}",Synthetic state-leg row — replace via OpenStates / FTM pipeline,mock
MT-U-041,MT,upper,41,ocd-division/country:us/state:mt/sldu:41,MT SD-41,D,Richard Lopez,D,2019,7.0,-13.5,Likely D,False,False,attack,50,26,325827.0,293245.0,279144.0,251229.0,293245.0,276953.0,251229.0,237272.0,276953.0,260662.0,237272.0,223315.0,246310.0,"{""office"": ""MT Senate District 41"", ""source"": ""mock"", ""candidates"": [{""name"": ""Richard Lopez"", ""party"": ""D""}, {""name"": ""Barbara Garcia"", ""party"": ""R""}]}",Synthetic state-leg row — replace via OpenStates / FTM pipeline,mock
MT-U-042,MT,upper,42,ocd-division/country:us/state:mt/sldu:42,MT SD-42,R,Susan Wilson,R,2011,15.0,16.6,Likely R,True,False,safe,50,26,720443.0,648398.0,581360.0,523224.0,648398.0,612376.0,523224.0,494156.0,612376.0,576354.0,494156.0,465088.0,472368.0,"{""office"": ""MT Senate District 42"", ""source"": ""mock"", ""candidates"": [{""name"": ""Susan Wilson"", ""party"": ""R""}]}",Synthetic state-leg row — replace via OpenStates / FTM pipeline,mock
MT-U-043,MT,upper,43,ocd-division/country:us/state:mt/sldu:43,MT SD-43,R,Joseph Anderson,R,2011,15.0,9.3,Likely R,True,False,defend,50,26,632411.0,569170.0,630566.0,567509.0,569170.0,537550.0,567509.0,535981.0,537550.0,505929.0,535981.0,504453.0,589991.0,"{""office"": ""MT Senate District 43"", ""source"": ""mock"", ""candidates"": [{""name"": ""Joseph Anderson"", ""party"": ""R""}, {""name"": ""Susan Williams"", ""party"": ""D""}]}",Synthetic state-leg row — replace via OpenStates / FTM pipeline,mock
MT-U-044,MT,upper,44,ocd-division/country:us/state:mt/sldu:44,MT SD-44,R,Jessica Thomas,R,2021,5.0,12.0,Likely R,True,False,defend,50,26,560928.0,504835.0,428942.0,386048.0,504835.0,476789.0,386048.0,364601.0,476789.0,448742.0,364601.0,343154.0,424230.0,"{""office"": ""MT Senate District 44"", ""source"": ""mock"", ""candidates"": [{""name"": ""Jessica Thomas"", ""party"": ""R""}, {""name"": ""Patricia Lopez"", ""party"": ""D""}]}",Synthetic state-leg row — replace via OpenStates / FTM pipeline,mock
MT-U-045,MT,upper,45,ocd-division/country:us/state:mt/sldu:45,MT SD-45,D,James Smith,D,2016,10.0,-0.5,Toss-up,True,False,attack,50,26,840706.0,756636.0,759744.0,683770.0,756636.0,714601.0,683770.0,645783.0,714601.0,672565.0,645783.0,607795.0,948839.0,"{""office"": ""MT Senate District 45"", ""source"": ""mock"", ""candidates"": [{""name"": ""James Smith"", ""party"": ""D""}, {""name"": ""Mary Martinez"", ""party"": ""R""}]}",Synthetic state-leg row — replace via OpenStates / FTM pipeline,mock
MT-U-046,MT,upper,46,ocd-division/country:us/state:mt/sldu:46,MT SD-46,D,Mary Johnson,D,2013,13.0,-5.8,Lean D,True,False,attack,50,26,370237.0,333214.0,578442.0,520598.0,333214.0,314702.0,520598.0,491676.0,314702.0,296190.0,491676.0,462754.0,490603.0,"{""office"": ""MT Senate District 46"", ""source"": ""mock"", ""candidates"": [{""name"": ""Mary Johnson"", ""party"": ""D""}, {""name"": ""Elizabeth Martinez"", ""party"": ""R""}]}",Synthetic state-leg row — replace via OpenStates / FTM pipeline,mock
MT-U-047,MT,upper,47,ocd-division/country:us/state:mt/sldu:47,MT SD-47,R,Robert Williams,R,2011,15.0,9.5,Likely R,True,False,defend,50,26,481438.0,433294.0,502938.0,452644.0,433294.0,409222.0,452644.0,427497.0,409222.0,385151.0,427497.0,402350.0,457032.0,"{""office"": ""MT Senate District 47"", ""source"": ""mock"", ""candidates"": [{""name"": ""Robert Williams"", ""party"": ""R""}, {""name"": ""Joseph Williams"", ""party"": ""D""}]}",Synthetic state-leg row — replace via OpenStates / FTM pipeline,mock
MT-U-048,MT,upper,48,ocd-division/country:us/state:mt/sldu:48,MT SD-48,D,Patricia Brown,D,2024,2.0,-6.7,Lean D,True,False,attack,50,26,400323.0,360290.0,413583.0,372225.0,360290.0,340274.0,372225.0,351546.0,340274.0,320258.0,351546.0,330867.0,410441.0,"{""office"": ""MT Senate District 48"", ""source"": ""mock"", ""candidates"": [{""name"": ""Patricia Brown"", ""party"": ""D""}, {""name"": ""Mary Thomas"", ""party"": ""R""}]}",Synthetic state-leg row — replace via OpenStates / FTM pipeline,mock
MT-U-049,MT,upper,49,ocd-division/country:us/state:mt/sldu:49,MT SD-49,R,John Jones,R,2022,4.0,21.7,Likely R,True,False,safe,50,26,366554.0,329899.0,292542.0,263287.0,329899.0,311571.0,263287.0,248660.0,311571.0,293243.0,248660.0,234033.0,191138.0,"{""office"": ""MT Senate District 49"", ""source"": ""mock"", ""candidates"": [{""name"": ""John Jones"", ""party"": ""R""}]}",Synthetic state-leg row — replace via OpenStates / FTM pipeline,mock
MT-U-050,MT,upper,50,ocd-division/country:us/state:mt/sldu:50,MT SD-50,R,Jennifer Garcia,R,2020,6.0,10.2,Likely R,False,False,defend,50,26,343107.0,308796.0,292069.0,262862.0,308796.0,291641.0,262862.0,248258.0,291641.0,274485.0,248258.0,233655.0,288551.0,"{""office"": ""MT Senate District 50"", ""source"": ""mock"", ""candidates"": [{""name"": ""Jennifer Garcia"", ""party"": ""R""}, {""name"": ""William Miller"", ""party"": ""D""}]}",Synthetic state-leg row — replace via OpenStates / FTM pipeline,mock
NC-U-001,NC,upper,1,ocd-division/country:us/state:nc/sldu:1,NC SD-1,D,Michael Miller,D,2024,2.0,-2.5,Lean D,True,False,attack,50,26,433989.0,390590.0,558555.0,502700.0,390590.0,368890.0,502700.0,474772.0,368890.0,347191.0,474772.0,446844.0,560078.0,"{""office"": ""NC Senate District 1"", ""source"": ""mock"", ""candidates"": [{""name"": ""Michael Miller"", ""party"": ""D""}, {""name"": ""Joseph Williams"", ""party"": ""R""}]}",Synthetic state-leg row — replace via OpenStates / FTM pipeline,mock
NC-U-002,NC,upper,2,ocd-division/country:us/state:nc/sldu:2,NC SD-2,R,Linda Davis,R,2012,14.0,5.2,Lean R,True,False,defend,50,26,404113.0,363702.0,219742.0,197768.0,363702.0,343496.0,197768.0,186781.0,343496.0,323291.0,186781.0,175794.0,327970.0,"{""office"": ""NC Senate District 2"", ""source"": ""mock"", ""candidates"": [{""name"": ""Linda Davis"", ""party"": ""R""}, {""name"": ""Joseph Lopez"", ""party"": ""D""}]}",Synthetic state-leg row — replace via OpenStates / FTM pipeline,mock
NC-U-003,NC,upper,3,ocd-division/country:us/state:nc/sldu:3,NC SD-3,D,David Rodriguez,D,2023,3.0,0.6,Toss-up,True,False,attack,50,26,487059.0,438353.0,710003.0,639003.0,438353.0,414000.0,639003.0,603503.0,414000.0,389647.0,603503.0,568003.0,707977.0,"{""office"": ""NC Senate District 3"", ""source"": ""mock"", ""candidates"": [{""name"": ""David Rodriguez"", ""party"": ""D""}, {""name"": ""Linda Jones"", ""party"": ""R""}]}",Synthetic state-leg row — replace via OpenStates / FTM pipeline,mock
NC-U-004,NC,upper,4,ocd-division/country:us/state:nc/sldu:4,NC SD-4,R,Elizabeth Martinez,R,2010,16.0,-0.0,Toss-up,True,False,defend,50,26,1590593.0,1431534.0,1016642.0,914978.0,1431534.0,1352004.0,914978.0,864146.0,1352004.0,1272474.0,864146.0,813314.0,1564341.0,"{""office"": ""NC Senate District 4"", ""source"": ""mock"", ""candidates"": [{""name"": ""Elizabeth Martinez"", ""party"": ""R""}, {""name"": ""Mary Davis"", ""party"": ""D""}]}",Synthetic state-leg row — replace via OpenStates / FTM pipeline,mock
NC-U-005,NC,upper,5,ocd-division/country:us/state:nc/sldu:5,NC SD-5,D,William Hernandez,D,2017,9.0,-4.4,Lean D,True,False,attack,50,26,931560.0,838404.0,1137451.0,1023705.0,838404.0,791826.0,1023705.0,966833.0,791826.0,745248.0,966833.0,909960.0,1111354.0,"{""office"": ""NC Senate District 5"", ""source"": ""mock"", ""candidates"": [{""name"": ""William Hernandez"", ""party"": ""D""}, {""name"": ""Michael Lopez"", ""party"": ""R""}]}",Synthetic state-leg row — replace via OpenStates / FTM pipeline,mock
NC-U-006,NC,upper,6,ocd-division/country:us/state:nc/sldu:6,NC SD-6,D,Barbara Lopez,D,2013,13.0,-4.4,Lean D,True,False,attack,50,26,530679.0,477611.0,831762.0,748586.0,477611.0,451077.0,748586.0,706998.0,451077.0,424543.0,706998.0,665410.0,731826.0,"{""office"": ""NC Senate District 6"", ""source"": ""mock"", ""candidates"": [{""name"": ""Barbara Lopez"", ""party"": ""D""}, {""name"": ""William Williams"", ""party"": ""R""}]}",Synthetic state-leg row — replace via OpenStates / FTM pipeline,mock
NC-U-007,NC,upper,7,ocd-division/country:us/state:nc/sldu:7,NC SD-7,D,Richard Wilson,D,2010,16.0,-9.3,Likely D,True,False,attack,50,26,802910.0,722619.0,723958.0,651562.0,722619.0,682474.0,651562.0,615364.0,682474.0,642328.0,615364.0,579166.0,713266.0,"{""office"": ""NC Senate District 7"", ""source"": ""mock"", ""candidates"": [{""name"": ""Richard Wilson"", ""party"": ""D""}, {""name"": ""Linda Miller"", ""party"": ""R""}]}",Synthetic state-leg row — replace via OpenStates / FTM pipeline,mock
NC-U-008,NC,upper,8,ocd-division/country:us/state:nc/sldu:8,NC SD-8,R,Susan Anderson,R,2012,14.0,-3.5,Lean D,True,False,defend,50,26,859171.0,773254.0,774119.0,696707.0,773254.0,730295.0,696707.0,658001.0,730295.0,687336.0,658001.0,619295.0,898309.0,"{""office"": ""NC Senate District 8"", ""source"": ""mock"", ""candidates"": [{""name"": ""Susan Anderson"", ""party"": ""R""}, {""name"": ""Michael Rodriguez"", ""party"": ""D""}]}",Synthetic state-leg row — replace via OpenStates / FTM pipeline,mock
NC-U-009,NC,upper,9,ocd-division/country:us/state:nc/sldu:9,NC SD-9,D,Joseph Thomas,D,2011,15.0,1.7,Toss-up,True,False,attack,50,26,262461.0,236215.0,345321.0,310788.0,236215.0,223092.0,310788.0,293522.0,223092.0,209969.0,293522.0,276256.0,349908.0,"{""office"": ""NC Senate District 9"", ""source"": ""mock"", ""candidates"": [{""name"": ""Joseph Thomas"", ""party"": ""D""}, {""name"": ""Richard Miller"", ""party"": ""R""}]}",Synthetic state-leg row — replace via OpenStates / FTM pipeline,mock
NC-U-010,NC,upper,10,ocd-division/country:us/state:nc/sldu:10,NC SD-10,D,Jessica Smith,D,2019,7.0,-16.5,Likely D,True,False,safe,50,26,293200.0,263880.0,500647.0,450582.0,263880.0,249220.0,450582.0,425550.0,249220.0,234560.0,425550.0,400517.0,289187.0,"{""office"": ""NC Senate District 10"", ""source"": ""mock"", ""candidates"": [{""name"": ""Jessica Smith"", ""party"": ""D""}]}",Synthetic state-leg row — replace via OpenStates / FTM pipeline,mock
NC-U-011,NC,upper,11,ocd-division/country:us/state:nc/sldu:11,NC SD-11,D,James Johnson,D,2018,8.0,-20.7,Likely D,True,False,safe,50,26,160553.0,144498.0,224706.0,202235.0,144498.0,136470.0,202235.0,191000.0,136470.0,128443.0,191000.0,179765.0,117229.0,"{""office"": ""NC Senate District 11"", ""source"": ""mock"", ""candidates"": [{""name"": ""James Johnson"", ""party"": ""D""}]}",Synthetic state-leg row — replace via OpenStates / FTM pipeline,mock
NC-U-012,NC,upper,12,ocd-division/country:us/state:nc/sldu:12,NC SD-12,D,Mary Williams,D,2010,16.0,1.4,Toss-up,True,False,attack,50,26,671739.0,604565.0,1202413.0,1082172.0,604565.0,570978.0,1082172.0,1022051.0,570978.0,537391.0,1022051.0,961931.0,1087008.0,"{""office"": ""NC Senate District 12"", ""source"": ""mock"", ""candidates"": [{""name"": ""Mary Williams"", ""party"": ""D""}, {""name"": ""William Johnson"", ""party"": ""R""}]}",Synthetic state-leg row — replace via OpenStates / FTM pipeline,mock
NC-U-013,NC,upper,13,ocd-division/country:us/state:nc/sldu:13,NC SD-13,D,Robert Brown,D,2024,2.0,-5.9,Lean D,True,False,attack,50,26,390484.0,351435.0,383948.0,345553.0,351435.0,331911.0,345553.0,326356.0,331911.0,312387.0,326356.0,307158.0,399386.0,"{""office"": ""NC Senate District 13"", ""source"": ""mock"", ""candidates"": [{""name"": ""Robert Brown"", ""party"": ""D""}, {""name"": ""Robert Rodriguez"", ""party"": ""R""}]}",Synthetic state-leg row — replace via OpenStates / FTM pipeline,mock
NC-U-014,NC,upper,14,ocd-division/country:us/state:nc/sldu:14,NC SD-14,R,Patricia Jones,R,2023,3.0,-1.9,Toss-up,True,False,defend,50,26,1552309.0,1397078.0,760412.0,684371.0,1397078.0,1319463.0,684371.0,646350.0,1319463.0,1241848.0,646350.0,608329.0,1324859.0,"{""office"": ""NC Senate District 14"", ""source"": ""mock"", ""candidates"": [{""name"": ""Patricia Jones"", ""party"": ""R""}, {""name"": ""William Garcia"", ""party"": ""D""}]}",Synthetic state-leg row — replace via OpenStates / FTM pipeline,mock
NC-U-015,NC,upper,15,ocd-division/country:us/state:nc/sldu:15,NC SD-15,R,John Garcia,R,2024,2.0,8.1,Likely R,True,False,defend,50,26,277280.0,249552.0,301543.0,271389.0,249552.0,235688.0,271389.0,256312.0,235688.0,221824.0,256312.0,241235.0,280316.0,"{""office"": ""NC Senate District 15"", ""source"": ""mock"", ""candidates"": [{""name"": ""John Garcia"", ""party"": ""R""}, {""name"": ""Barbara Williams"", ""party"": ""D""}]}",Synthetic state-leg row — replace via OpenStates / FTM pipeline,mock
NC-U-016,NC,upper,16,ocd-division/country:us/state:nc/sldu:16,NC SD-16,R,Jennifer Miller,R,2012,14.0,16.4,Likely R,True,False,safe,50,26,647022.0,582320.0,507224.0,456501.0,582320.0,549969.0,456501.0,431140.0,549969.0,517618.0,431140.0,405779.0,422124.0,"{""office"": ""NC Senate District 16"", ""source"": ""mock"", ""candidates"": [{""name"": ""Jennifer Miller"", ""party"": ""R""}]}",Synthetic state-leg row — replace via OpenStates / FTM pipeline,mock
NC-U-017,NC,upper,17,ocd-division/country:us/state:nc/sldu:17,NC SD-17,D,Michael Davis,D,2018,8.0,-9.6,Likely D,True,False,attack,50,26,334040.0,300636.0,429128.0,386215.0,300636.0,283934.0,386215.0,364759.0,283934.0,267232.0,364759.0,343302.0,353238.0,"{""office"": ""NC Senate District 17"", ""source"": ""mock"", ""candidates"": [{""name"": ""Michael Davis"", ""party"": ""D""}, {""name"": ""Michael Thomas"", ""party"": ""R""}]}",Synthetic state-leg row — replace via OpenStates / FTM pipeline,mock
NC-U-018,NC,upper,18,ocd-division/country:us/state:nc/sldu:18,NC SD-18,R,OPEN SEAT,,,0.0,8.5,Likely R,False,True,defend,50,26,735892.0,662303.0,465652.0,419087.0,662303.0,625508.0,419087.0,395804.0,625508.0,588714.0,395804.0,372522.0,575025.0,"{""office"": ""NC Senate District 18"", ""source"": ""mock"", ""candidates"": [{""name"": ""Patricia Rodriguez"", ""party"": ""D""}]}",Synthetic state-leg row — replace via OpenStates / FTM pipeline,mock
NC-U-019,NC,upper,19,ocd-division/country:us/state:nc/sldu:19,NC SD-19,D,Linda Rodriguez,D,2010,16.0,-14.6,Likely D,True,False,safe,50,26,214305.0,192874.0,372242.0,335018.0,192874.0,182159.0,335018.0,316405.0,182159.0,171444.0,316405.0,297793.0,229591.0,"{""office"": ""NC Senate District 19"", ""source"": ""mock"", ""candidates"": [{""name"": ""Linda Rodriguez"", ""party"": ""D""}]}",Synthetic state-leg row — replace via OpenStates / FTM pipeline,mock
NC-U-020,NC,upper,20,ocd-division/country:us/state:nc/sldu:20,NC SD-20,D,David Martinez,D,2011,15.0,-11.5,Likely D,True,False,attack,50,26,420260.0,378234.0,376856.0,339171.0,378234.0,357221.0,339171.0,320328.0,357221.0,336208.0,320328.0,301485.0,347315.0,"{""office"": ""NC Senate District 20"", ""source"": ""mock"", ""candidates"": [{""name"": ""David Martinez"", ""party"": ""D""}, {""name"": ""William Miller"", ""party"": ""R""}]}",Synthetic state-leg row — replace via OpenStates / FTM pipeline,mock
NC-U-021,NC,upper,21,ocd-division/country:us/state:nc/sldu:21,NC SD-21,D,Elizabeth Hernandez,D,2015,11.0,-4.7,Lean D,True,False,attack,50,26,495466.0,445919.0,563991.0,507592.0,445919.0,421146.0,507592.0,479392.0,421146.0,396373.0,479392.0,451193.0,564539.0,"{""office"": ""NC Senate District 21"", ""source"": ""mock"", ""candidates"": [{""name"": ""Elizabeth Hernandez"", ""party"": ""D""}, {""name"": ""John Thomas"", ""party"": ""R""}]}",Synthetic state-leg row — replace via OpenStates / FTM pipeline,mock
NC-U-022,NC,upper,22,ocd-division/country:us/state:nc/sldu:22,NC SD-22,R,William Lopez,R,2023,3.0,-3.8,Lean D,True,False,defend,50,26,881998.0,793798.0,621975.0,559778.0,793798.0,749699.0,559778.0,528679.0,749699.0,705599.0,528679.0,497580.0,820740.0,"{""office"": ""NC Senate District 22"", ""source"": ""mock"", ""candidates"": [{""name"": ""William Lopez"", ""party"": ""R""}, {""name"": ""Elizabeth Martinez"", ""party"": ""D""}]}",Synthetic state-leg row — replace via OpenStates / FTM pipeline,mock
NC-U-023,NC,upper,23,ocd-division/country:us/state:nc/sldu:23,NC SD-23,D,Barbara Wilson,D,2018,8.0,-3.4,Lean D,False,False,attack,50,26,213589.0,192230.0,334608.0,301147.0,192230.0,181550.0,301147.0,284417.0,181550.0,170871.0,284417.0,267686.0,302291.0,"{""office"": ""NC Senate District 23"", ""source"": ""mock"", ""candidates"": [{""name"": ""Barbara Wilson"", ""party"": ""D""}, {""name"": ""Mary Brown"", ""party"": ""R""}]}",Synthetic state-leg row — replace via OpenStates / FTM pipeline,mock
NC-U-024,NC,upper,24,ocd-division/country:us/state:nc/sldu:24,NC SD-24,R,Richard Anderson,R,2018,8.0,6.0,Lean R,True,False,defend,50,26,657877.0,592090.0,468277.0,421449.0,592090.0,559196.0,421449.0,398035.0,559196.0,526302.0,398035.0,374621.0,579165.0,"{""office"": ""NC Senate District 24"", ""source"": ""mock"", ""candidates"": [{""name"": ""Richard Anderson"", ""party"": ""R""}, {""name"": ""Jennifer Martinez"", ""party"": ""D""}]}",Synthetic state-leg row — replace via OpenStates / FTM pipeline,mock
NC-U-025,NC,upper,25,ocd-division/country:us/state:nc/sldu:25,NC SD-25,R,Susan Thomas,R,2023,3.0,7.6,Likely R,True,False,defend,50,26,446287.0,401658.0,527974.0,475177.0,401658.0,379344.0,475177.0,448778.0,379344.0,357030.0,448778.0,422379.0,478780.0,"{""office"": ""NC Senate District 25"", ""source"": ""mock"", ""candidates"": [{""name"": ""Susan Thomas"", ""party"": ""R""}, {""name"": ""Michael Jones"", ""party"": ""D""}]}",Synthetic state-leg row — replace via OpenStates / FTM pipeline,mock
NC-U-026,NC,upper,26,ocd-division/country:us/state:nc/sldu:26,NC SD-26,R,Joseph Smith,R,2018,8.0,17.9,Likely R,True,False,safe,50,26,246032.0,221429.0,206065.0,185458.0,221429.0,209128.0,185458.0,175155.0,209128.0,196826.0,175155.0,164852.0,155651.0,"{""office"": ""NC Senate District 26"", ""source"": ""mock"", ""candidates"": [{""name"": ""Joseph Smith"", ""party"": ""R""}, {""name"": ""Joseph Rodriguez"", ""party"": ""D""}]}",Synthetic state-leg row — replace via OpenStates / FTM pipeline,mock
NC-U-027,NC,upper,27,ocd-division/country:us/state:nc/sldu:27,NC SD-27,D,Jessica Johnson,D,2014,12.0,1.8,Toss-up,True,False,attack,50,26,867747.0,780972.0,1232126.0,1108913.0,780972.0,737585.0,1108913.0,1047307.0,737585.0,694197.0,1047307.0,985701.0,1205927.0,"{""office"": ""NC Senate District 27"", ""source"": ""mock"", ""candidates"": [{""name"": ""Jessica Johnson"", ""party"": ""D""}, {""name"": ""Susan Thomas"", ""party"": ""R""}]}",Synthetic state-leg row — replace via OpenStates / FTM pipeline,mock
NC-U-028,NC,upper,28,ocd-division/country:us/state:nc/sldu:28,NC SD-28,D,James Williams,D,2020,6.0,-12.5,Likely D,True,False,attack,50,26,526939.0,474245.0,689850.0,620865.0,474245.0,447898.0,620865.0,586373.0,447898.0,421551.0,586373.0,551880.0,512790.0,"{""office"": ""NC Senate District 28"", ""source"": ""mock"", ""candidates"": [{""name"": ""James Williams"", ""party"": ""D""}, {""name"": ""Michael Martinez"", ""party"": ""R""}]}",Synthetic state-leg row — replace via OpenStates / FTM pipeline,mock
NC-U-029,NC,upper,29,ocd-division/country:us/state:nc/sldu:29,NC SD-29,D,Mary Brown,D,2010,16.0,-12.5,Likely D,True,False,attack,50,26,392395.0,353155.0,412611.0,371350.0,353155.0,333536.0,371350.0,350719.0,333536.0,313916.0,350719.0,330088.0,339252.0,"{""office"": ""NC Senate District 29"", ""source"": ""mock"", ""candidates"": [{""name"": ""Mary Brown"", ""party"": ""D""}, {""name"": ""Linda Thomas"", ""party"": ""R""}]}",Synthetic state-leg row — replace via OpenStates / FTM pipeline,mock
NC-U-030,NC,upper,30,ocd-division/country:us/state:nc/sldu:30,NC SD-30,R,Robert Jones,R,2014,12.0,30.9,Likely R,True,False,safe,50,26,228367.0,205530.0,143602.0,129241.0,205530.0,194112.0,129241.0,122061.0,194112.0,182693.0,122061.0,114881.0,92248.0,"{""office"": ""NC Senate District 30"", ""source"": ""mock"", ""candidates"": [{""name"": ""Robert Jones"", ""party"": ""R""}]}",Synthetic state-leg row — replace via OpenStates / FTM pipeline,mock
NC-U-031,NC,upper,31,ocd-division/country:us/state:nc/sldu:31,NC SD-31,D,Patricia Garcia,D,2010,16.0,-10.8,Likely D,False,False,attack,50,26,257720.0,231948.0,294250.0,264825.0,231948.0,219062.0,264825.0,250113.0,219062.0,206176.0,250113.0,235400.0,246021.0,"{""office"": ""NC Senate District 31"", ""source"": ""mock"", ""candidates"": [{""name"": ""Patricia Garcia"", ""party"": ""D""}, {""name"": ""Linda Rodriguez"", ""party"": ""R""}]}",Synthetic state-leg row — replace via OpenStates / FTM pipeline,mock
NC-U-032,NC,upper,32,ocd-division/country:us/state:nc/sldu:32,NC SD-32,R,John Miller,R,2021,5.0,8.4,Likely R,True,False,defend,50,26,274295.0,246865.0,281156.0,253040.0,246865.0,233151.0,253040.0,238983.0,233151.0,219436.0,238983.0,224925.0,266616.0,"{""office"": ""NC Senate District 32"", ""source"": ""mock"", ""candidates"": [{""name"": ""John Miller"", ""party"": ""R""}, {""name"": ""Michael Jones"", ""party"": ""D""}]}",Synthetic state-leg row — replace via OpenStates / FTM pipeline,mock
NC-U-033,NC,upper,33,ocd-division/country:us/state:nc/sldu:33,NC SD-33,D,Jennifer Davis,D,2009,17.0,-1.6,Toss-up,True,False,attack,50,26,192684.0,173416.0,199941.0,179947.0,173416.0,163781.0,179947.0,169950.0,163781.0,154147.0,169950.0,159953.0,226601.0,"{""office"": ""NC Senate District 33"", ""source"": ""mock"", ""candidates"": [{""name"": ""Jennifer Davis"", ""party"": ""D""}, {""name"": ""William Miller"", ""party"": ""R""}]}",Synthetic state-leg row — replace via OpenStates / FTM pipeline,mock
NC-U-034,NC,upper,34,ocd-division/country:us/state:nc/sldu:34,NC SD-34,R,Michael Rodriguez,R,2012,14.0,6.3,Lean R,True,False,defend,50,26,402175.0,361957.0,354509.0,319058.0,361957.0,341849.0,319058.0,301332.0,341849.0,321740.0,301332.0,283607.0,385909.0,"{""office"": ""NC Senate District 34"", ""source"": ""mock"", ""candidates"": [{""name"": ""Michael Rodriguez"", ""party"": ""R""}, {""name"": ""Richard Anderson"", ""party"": ""D""}]}",Synthetic state-leg row — replace via OpenStates / FTM pipeline,mock
NC-U-035,NC,upper,35,ocd-division/country:us/state:nc/sldu:35,NC SD-35,D,Linda Martinez,D,2011,15.0,-15.6,Likely D,True,False,safe,50,26,149477.0,134530.0,182234.0,164011.0,134530.0,127056.0,164011.0,154899.0,127056.0,119582.0,154899.0,145788.0,125103.0,"{""office"": ""NC Senate District 35"", ""source"": ""mock"", ""candidates"": [{""name"": ""Linda Martinez"", ""party"": ""D""}]}",Synthetic state-leg row — replace via OpenStates / FTM pipeline,mock
NC-U-036,NC,upper,36,ocd-division/country:us/state:nc/sldu:36,NC SD-36,D,David Hernandez,D,2016,10.0,-1.0,Toss-up,True,False,attack,50,26,891833.0,802650.0,1179886.0,1061897.0,802650.0,758058.0,1061897.0,1002903.0,758058.0,713467.0,1002903.0,943909.0,1213436.0,"{""office"": ""NC Senate District 36"", ""source"": ""mock"", ""candidates"": [{""name"": ""David Hernandez"", ""party"": ""D""}, {""name"": ""Robert Williams"", ""party"": ""R""}]}",Synthetic state-leg row — replace via OpenStates / FTM pipeline,mock
NC-U-037,NC,upper,37,ocd-division/country:us/state:nc/sldu:37,NC SD-37,D,Elizabeth Lopez,D,2022,4.0,4.7,Lean R,True,False,attack,50,26,172345.0,155110.0,195879.0,176291.0,155110.0,146493.0,176291.0,166497.0,146493.0,137876.0,166497.0,156703.0,196211.0,"{""office"": ""NC Senate District 37"", ""source"": ""mock"", ""candidates"": [{""name"": ""Elizabeth Lopez"", ""party"": ""D""}, {""name"": ""David Lopez"", ""party"": ""R""}]}",Synthetic state-leg row — replace via OpenStates / FTM pipeline,mock
NC-U-038,NC,upper,38,ocd-division/country:us/state:nc/sldu:38,NC SD-38,D,William Wilson,D,2009,17.0,-13.9,Likely D,True,False,attack,50,26,274526.0,247074.0,411051.0,369946.0,247074.0,233347.0,369946.0,349393.0,233347.0,219621.0,349393.0,328841.0,275210.0,"{""office"": ""NC Senate District 38"", ""source"": ""mock"", ""candidates"": [{""name"": ""William Wilson"", ""party"": ""D""}, {""name"": ""Linda Jones"", ""party"": ""R""}]}",Synthetic state-leg row — replace via OpenStates / FTM pipeline,mock
NC-U-039,NC,upper,39,ocd-division/country:us/state:nc/sldu:39,NC SD-39,D,Barbara Anderson,D,2014,12.0,-7.3,Likely D,True,False,attack,50,26,600821.0,540739.0,1017679.0,915911.0,540739.0,510698.0,915911.0,865027.0,510698.0,480657.0,865027.0,814143.0,802313.0,"{""office"": ""NC Senate District 39"", ""source"": ""mock"", ""candidates"": [{""name"": ""Barbara Anderson"", ""party"": ""D""}, {""name"": ""Linda Brown"", ""party"": ""R""}]}",Synthetic state-leg row — replace via OpenStates / FTM pipeline,mock
NC-U-040,NC,upper,40,ocd-division/country:us/state:nc/sldu:40,NC SD-40,R,Richard Thomas,R,2009,17.0,11.6,Likely R,True,False,defend,50,26,266499.0,239849.0,336967.0,303270.0,239849.0,226524.0,303270.0,286422.0,226524.0,213200.0,286422.0,269574.0,262077.0,"{""office"": ""NC Senate District 40"", ""source"": ""mock"", ""candidates"": [{""name"": ""Richard Thomas"", ""party"": ""R""}, {""name"": ""Mary Johnson"", ""party"": ""D""}]}",Synthetic state-leg row — replace via OpenStates / FTM pipeline,mock
NC-U-041,NC,upper,41,ocd-division/country:us/state:nc/sldu:41,NC SD-41,D,Susan Smith,D,2024,2.0,-1.4,Toss-up,True,False,attack,50,26,865248.0,778723.0,1005843.0,905259.0,778723.0,735461.0,905259.0,854967.0,735461.0,692199.0,854967.0,804675.0,1085233.0,"{""office"": ""NC Senate District 41"", ""source"": ""mock"", ""candidates"": [{""name"": ""Susan Smith"", ""party"": ""D""}, {""name"": ""Jessica Rodriguez"", ""party"": ""R""}]}",Synthetic state-leg row — replace via OpenStates / FTM pipeline,mock
NC-U-042,NC,upper,42,ocd-division/country:us/state:nc/sldu:42,NC SD-42,D,Joseph Johnson,D,2024,2.0,-9.4,Likely D,False,False,attack,50,26,475548.0,427993.0,842524.0,758271.0,427993.0,404216.0,758271.0,716145.0,404216.0,380438.0,716145.0,674019.0,613845.0,"{""office"": ""NC Senate District 42"", ""source"": ""mock"", ""candidates"": [{""name"": ""Joseph Johnson"", ""party"": ""D""}, {""name"": ""Susan Johnson"", ""party"": ""R""}]}",Synthetic state-leg row — replace via OpenStates / FTM pipeline,mock
NC-U-043,NC,upper,43,ocd-division/country:us/state:nc/sldu:43,NC SD-43,R,Jessica Williams,R,2019,7.0,8.3,Likely R,True,False,defend,50,26,355362.0,319826.0,291629.0,262466.0,319826.0,302058.0,262466.0,247885.0,302058.0,284289.0,247885.0,233304.0,311480.0,"{""office"": ""NC Senate District 43"", ""source"": ""mock"", ""candidates"": [{""name"": ""Jessica Williams"", ""party"": ""R""}, {""name"": ""Linda Smith"", ""party"": ""D""}]}",Synthetic state-leg row — replace via OpenStates / FTM pipeline,mock
NC-U-044,NC,upper,44,ocd-division/country:us/state:nc/sldu:44,NC SD-44,R,James Brown,R,2024,2.0,7.7,Likely R,True,False,defend,50,26,418472.0,376625.0,355273.0,319745.0,376625.0,355701.0,319745.0,301982.0,355701.0,334778.0,301982.0,284218.0,379135.0,"{""office"": ""NC Senate District 44"", ""source"": ""mock"", ""candidates"": [{""name"": ""James Brown"", ""party"": ""R""}, {""name"": ""John Miller"", ""party"": ""D""}]}",Synthetic state-leg row — replace via OpenStates / FTM pipeline,mock
NC-U-045,NC,upper,45,ocd-division/country:us/state:nc/sldu:45,NC SD-45,R,Mary Jones,R,2008,18.0,21.2,Likely R,True,False,safe,50,26,229420.0,206478.0,279598.0,251638.0,206478.0,195007.0,251638.0,237658.0,195007.0,183536.0,237658.0,223678.0,151251.0,"{""office"": ""NC Senate District 45"", ""source"": ""mock"", ""candidates"": [{""name"": ""Mary Jones"", ""party"": ""R""}]}",Synthetic state-leg row — replace via OpenStates / FTM pipeline,mock
NC-U-046,NC,upper,46,ocd-division/country:us/state:nc/sldu:46,NC SD-46,R,Robert Garcia,R,2016,10.0,3.2,Lean R,True,False,defend,50,26,675456.0,607911.0,509920.0,458928.0,607911.0,574138.0,458928.0,433432.0,574138.0,540365.0,433432.0,407936.0,657037.0,"{""office"": ""NC Senate District 46"", ""source"": ""mock"", ""candidates"": [{""name"": ""Robert Garcia"", ""party"": ""R""}, {""name"": ""Barbara Hernandez"", ""party"": ""D""}]}",Synthetic state-leg row — replace via OpenStates / FTM pipeline,mock
NC-U-047,NC,upper,47,ocd-division/country:us/state:nc/sldu:47,NC SD-47,R,Patricia Miller,R,2017,9.0,15.6,Likely R,True,False,safe,50,26,473490.0,426141.0,313565.0,282208.0,426141.0,402467.0,282208.0,266530.0,402467.0,378792.0,266530.0,250852.0,296832.0,"{""office"": ""NC Senate District 47"", ""source"": ""mock"", ""candidates"": [{""name"": ""Patricia Miller"", ""party"": ""R""}]}",Synthetic state-leg row — replace via OpenStates / FTM pipeline,mock
NC-U-048,NC,upper,48,ocd-division/country:us/state:nc/sldu:48,NC SD-48,D,OPEN SEAT,,,0.0,-7.6,Likely D,False,True,attack,50,26,303902.0,273512.0,279270.0,251343.0,273512.0,258317.0,251343.0,237379.0,258317.0,243122.0,237379.0,223416.0,286588.0,"{""office"": ""NC Senate District 48"", ""source"": ""mock"", ""candidates"": [{""name"": ""John Anderson"", ""party"": ""R""}]}",Synthetic state-leg row — replace via OpenStates / FTM pipeline,mock
NC-U-049,NC,upper,49,ocd-division/country:us/state:nc/sldu:49,NC SD-49,R,John Davis,R,2010,16.0,3.9,Lean R,True,False,defend,50,26,852270.0,767043.0,738147.0,664332.0,767043.0,724430.0,664332.0,627425.0,724430.0,681816.0,627425.0,590518.0,865641.0,"{""office"": ""NC Senate District 49"", ""source"": ""mock"", ""candidates"": [{""name"": ""John Davis"", ""party"": ""R""}, {""name"": ""Jessica Johnson"", ""party"": ""D""}]}",Synthetic state-leg row — replace via OpenStates / FTM pipeline,mock
NC-U-050,NC,upper,50,ocd-division/country:us/state:nc/sldu:50,NC SD-50,R,Jennifer Rodriguez,R,2022,4.0,19.0,Likely R,True,False,safe,50,26,397960.0,358164.0,308956.0,278060.0,358164.0,338266.0,278060.0,262613.0,338266.0,318368.0,262613.0,247165.0,232272.0,"{""office"": ""NC Senate District 50"", ""source"": ""mock"", ""candidates"": [{""name"": ""Jennifer Rodriguez"", ""party"": ""R""}]}",Synthetic state-leg row — replace via OpenStates / FTM pipeline,mock
ND-U-001,ND,upper,1,ocd-division/country:us/state:nd/sldu:1,ND SD-1,R,Michael Martinez,R,2012,14.0,13.6,Likely R,True,False,defend,47,24,276388.0,248749.0,186158.0,167542.0,248749.0,234930.0,167542.0,158234.0,234930.0,221110.0,158234.0,148926.0,187661.0,"{""office"": ""ND Senate District 1"", ""source"": ""mock"", ""candidates"": [{""name"": ""Michael Martinez"", ""party"": ""R""}, {""name"": ""Elizabeth Hernandez"", ""party"": ""D""}]}",Synthetic state-leg row — replace via OpenStates / FTM pipeline,mock
ND-U-002,ND,upper,2,ocd-division/country:us/state:nd/sldu:2,ND SD-2,R,Linda Hernandez,R,2013,13.0,4.9,Lean R,False,False,defend,47,24,906864.0,816177.0,770184.0,693166.0,816177.0,770834.0,693166.0,654657.0,770834.0,725491.0,654657.0,616148.0,888836.0,"{""office"": ""ND Senate District 2"", ""source"": ""mock"", ""candidates"": [{""name"": ""Linda Hernandez"", ""party"": ""R""}, {""name"": ""Patricia Smith"", ""party"": ""D""}]}",Synthetic state-leg row — replace via OpenStates / FTM pipeline,mock
ND-U-003,ND,upper,3,ocd-division/country:us/state:nd/sldu:3,ND SD-3,R,David Lopez,R,2024,2.0,9.8,Likely R,False,False,defend,47,24,852982.0,767683.0,554010.0,498609.0,767683.0,725034.0,498609.0,470909.0,725034.0,682385.0,470909.0,443208.0,647216.0,"{""office"": ""ND Senate District 3"", ""source"": ""mock"", ""candidates"": [{""name"": ""David Lopez"", ""party"": ""R""}, {""name"": ""William Davis"", ""party"": ""D""}]}",Synthetic state-leg row — replace via OpenStates / FTM pipeline,mock
ND-U-004,ND,upper,4,ocd-division/country:us/state:nd/sldu:4,ND SD-4,R,Elizabeth Wilson,R,2014,12.0,14.6,Likely R,True,False,safe,47,24,501754.0,451579.0,438958.0,395063.0,451579.0,426491.0,395063.0,373115.0,426491.0,401403.0,373115.0,351167.0,368222.0,"{""office"": ""ND Senate District 4"", ""source"": ""mock"", ""candidates"": [{""name"": ""Elizabeth Wilson"", ""party"": ""R""}]}",Synthetic state-leg row — replace via OpenStates / FTM pipeline,mock
ND-U-005,ND,upper,5,ocd-division/country:us/state:nd/sldu:5,ND SD-5,R,William Anderson,R,2020,6.0,12.8,Likely R,True,False,defend,47,24,398909.0,359018.0,393927.0,354534.0,359018.0,339073.0,354534.0,334838.0,339073.0,319127.0,334838.0,315141.0,330726.0,"{""office"": ""ND Senate District 5"", ""source"": ""mock"", ""candidates"": [{""name"": ""William Anderson"", ""party"": ""R""}, {""name"": ""Elizabeth Wilson"", ""party"": ""D""}]}",Synthetic state-leg row — replace via OpenStates / FTM pipeline,mock
ND-U-006,ND,upper,6,ocd-division/country:us/state:nd/sldu:6,ND SD-6,R,Barbara Thomas,R,2010,16.0,25.4,Likely R,True,False,safe,47,24,117031.0,105328.0,72676.0,65409.0,105328.0,99476.0,65409.0,61775.0,99476.0,93625.0,61775.0,58141.0,47047.0,"{""office"": ""ND Senate District 6"", ""source"": ""mock"", ""candidates"": [{""name"": ""Barbara Thomas"", ""party"": ""R""}]}",Synthetic state-leg row — replace via OpenStates / FTM pipeline,mock
ND-U-007,ND,upper,7,ocd-division/country:us/state:nd/sldu:7,ND SD-7,R,Richard Smith,R,2011,15.0,10.3,Likely R,True,False,defend,47,24,738335.0,664501.0,730419.0,657377.0,664501.0,627584.0,657377.0,620857.0,627584.0,590668.0,620857.0,584336.0,665136.0,"{""office"": ""ND Senate District 7"", ""source"": ""mock"", ""candidates"": [{""name"": ""Richard Smith"", ""party"": ""R""}, {""name"": ""Jessica Garcia"", ""party"": ""D""}]}",Synthetic state-leg row — replace via OpenStates / FTM pipeline,mock
ND-U-008,ND,upper,8,ocd-division/country:us/state:nd/sldu:8,ND SD-8,R,Susan Johnson,R,2020,6.0,10.7,Likely R,True,False,defend,47,24,721343.0,649209.0,555259.0,499733.0,649209.0,613142.0,499733.0,471970.0,613142.0,577074.0,471970.0,444208.0,570824.0,"{""office"": ""ND Senate District 8"", ""source"": ""mock"", ""candidates"": [{""name"": ""Susan Johnson"", ""party"": ""R""}, {""name"": ""William Johnson"", ""party"": ""D""}]}",Synthetic state-leg row — replace via OpenStates / FTM pipeline,mock
ND-U-009,ND,upper,9,ocd-division/country:us/state:nd/sldu:9,ND SD-9,R,Joseph Williams,R,2013,13.0,32.2,Likely R,True,False,safe,47,24,184332.0,165898.0,169591.0,152632.0,165898.0,156682.0,152632.0,144153.0,156682.0,147465.0,144153.0,135673.0,87773.0,"{""office"": ""ND Senate District 9"", ""source"": ""mock"", ""candidates"": [{""name"": ""Joseph Williams"", ""party"": ""R""}]}",Synthetic state-leg row — replace via OpenStates / FTM pipeline,mock
ND-U-010,ND,upper,10,ocd-division/country:us/state:nd/sldu:10,ND SD-10,R,Jessica Brown,R,2019,7.0,31.0,Likely R,True,False,safe,47,24,98430.0,88587.0,106709.0,96038.0,88587.0,83665.0,96038.0,90703.0,83665.0,78744.0,90703.0,85367.0,50874.0,"{""office"": ""ND Senate District 10"", ""source"": ""mock"", ""candidates"": [{""name"": ""Jessica Brown"", ""party"": ""R""}]}",Synthetic state-leg row — replace via OpenStates / FTM pipeline,mock
ND-U-011,ND,upper,11,ocd-division/country:us/state:nd/sldu:11,ND SD-11,R,James Jones,R,2022,4.0,34.5,Likely R,True,False,safe,47,24,123751.0,111376.0,103173.0,92856.0,111376.0,105189.0,92856.0,87697.0,105189.0,99001.0,87697.0,82539.0,56277.0,"{""office"": ""ND Senate District 11"", ""source"": ""mock"", ""candidates"": [{""name"": ""James Jones"", ""party"": ""R""}]}",Synthetic state-leg row — replace via OpenStates / FTM pipeline,mock
ND-U-012,ND,upper,12,ocd-division/country:us/state:nd/sldu:12,ND SD-12,R,Mary Garcia,R,2008,18.0,15.6,Likely R,True,False,safe,47,24,308249.0,277424.0,238231.0,214408.0,277424.0,262012.0,214408.0,202496.0,262012.0,246599.0,202496.0,190585.0,206101.0,"{""office"": ""ND Senate District 12"", ""source"": ""mock"", ""candidates"": [{""name"": ""Mary Garcia"", ""party"": ""R""}]}",Synthetic state-leg row — replace via OpenStates / FTM pipeline,mock
ND-U-013,ND,upper,13,ocd-division/country:us/state:nd/sldu:13,ND SD-13,R,Robert Miller,R,2020,6.0,18.4,Likely R,True,False,safe,47,24,433304.0,389973.0,369102.0,332192.0,389973.0,368308.0,332192.0,313737.0,368308.0,346643.0,313737.0,295282.0,270525.0,"{""office"": ""ND Senate District 13"", ""source"": ""mock"", ""candidates"": [{""name"": ""Robert Miller"", ""party"": ""R""}]}",Synthetic state-leg row — replace via OpenStates / FTM pipeline,mock
ND-U-014,ND,upper,14,ocd-division/country:us/state:nd/sldu:14,ND SD-14,R,Patricia Davis,R,2020,6.0,16.5,Likely R,True,False,safe,47,24,321057.0,288951.0,244445.0,220000.0,288951.0,272898.0,220000.0,207778.0,272898.0,256846.0,207778.0,195556.0,206004.0,"{""office"": ""ND Senate District 14"", ""source"": ""mock"", ""candidates"": [{""name"": ""Patricia Davis"", ""party"": ""R""}]}",Synthetic state-leg row — replace via OpenStates / FTM pipeline,mock
ND-U-015,ND,upper,15,ocd-division/country:us/state:nd/sldu:15,ND SD-15,R,John Rodriguez,R,2020,6.0,31.7,Likely R,True,False,safe,47,24,213247.0,191922.0,159042.0,143138.0,191922.0,181260.0,143138.0,135186.0,181260.0,170597.0,135186.0,127234.0,92328.0,"{""office"": ""ND Senate District 15"", ""source"": ""mock"", ""candidates"": [{""name"": ""John Rodriguez"", ""party"": ""R""}]}",Synthetic state-leg row — replace via OpenStates / FTM pipeline,mock
ND-U-016,ND,upper,16,ocd-division/country:us/state:nd/sldu:16,ND SD-16,R,Jennifer Martinez,R,2011,15.0,25.0,Likely R,True,False,safe,47,24,164956.0,148461.0,109932.0,98939.0,148461.0,140213.0,98939.0,93443.0,140213.0,131965.0,93443.0,87946.0,68172.0,"{""office"": ""ND Senate District 16"", ""source"": ""mock"", ""candidates"": [{""name"": ""Jennifer Martinez"", ""party"": ""R""}]}",Synthetic state-leg row — replace via OpenStates / FTM pipeline,mock
ND-U-017,ND,upper,17,ocd-division/country:us/state:nd/sldu:17,ND SD-17,R,Michael Hernandez,R,2016,10.0,18.2,Likely R,True,False,safe,47,24,253253.0,227927.0,175424.0,157882.0,227927.0,215265.0,157882.0,149111.0,215265.0,202602.0,149111.0,140339.0,145750.0,"{""office"": ""ND Senate District 17"", ""source"": ""mock"", ""candidates"": [{""name"": ""Michael Hernandez"", ""party"": ""R""}]}",Synthetic state-leg row — replace via OpenStates / FTM pipeline,mock
ND-U-018,ND,upper,18,ocd-division/country:us/state:nd/sldu:18,ND SD-18,R,Linda Lopez,R,2022,4.0,32.4,Likely R,True,False,safe,47,24,141237.0,127114.0,88144.0,79329.0,127114.0,120052.0,79329.0,74922.0,120052.0,112990.0,74922.0,70515.0,56886.0,"{""office"": ""ND Senate District 18"", ""source"": ""mock"", ""candidates"": [{""name"": ""Linda Lopez"", ""party"": ""R""}]}",Synthetic state-leg row — replace via OpenStates / FTM pipeline,mock
ND-U-019,ND,upper,19,ocd-division/country:us/state:nd/sldu:19,ND SD-19,R,David Wilson,R,2015,11.0,16.6,Likely R,False,False,safe,47,24,173963.0,156567.0,127913.0,115121.0,156567.0,147869.0,115121.0,108726.0,147869.0,139170.0,108726.0,102330.0,109538.0,"{""office"": ""ND Senate District 19"", ""source"": ""mock"", ""candidates"": [{""name"": ""David Wilson"", ""party"": ""R""}, {""name"": ""Linda Smith"", ""party"": ""D""}]}",Synthetic state-leg row — replace via OpenStates / FTM pipeline,mock
ND-U-020,ND,upper,20,ocd-division/country:us/state:nd/sldu:20,ND SD-20,R,Elizabeth Anderson,R,2021,5.0,18.2,Likely R,True,False,safe,47,24,558182.0,502364.0,512233.0,461010.0,502364.0,474455.0,461010.0,435398.0,474455.0,446546.0,435398.0,409786.0,363941.0,"{""office"": ""ND Senate District 20"", ""source"": ""mock"", ""candidates"": [{""name"": ""Elizabeth Anderson"", ""party"": ""R""}]}",Synthetic state-leg row — replace via OpenStates / FTM pipeline,mock
ND-U-021,ND,upper,21,ocd-division/country:us/state:nd/sldu:21,ND SD-21,R,William Thomas,R,2022,4.0,18.7,Likely R,True,False,safe,47,24,193587.0,174229.0,157490.0,141741.0,174229.0,164549.0,141741.0,133866.0,164549.0,154870.0,133866.0,125992.0,116858.0,"{""office"": ""ND Senate District 21"", ""source"": ""mock"", ""candidates"": [{""name"": ""William Thomas"", ""party"": ""R""}]}",Synthetic state-leg row — replace via OpenStates / FTM pipeline,mock
ND-U-022,ND,upper,22,ocd-division/country:us/state:nd/sldu:22,ND SD-22,R,Barbara Smith,R,2018,8.0,17.5,Likely R,True,False,safe,47,24,413677.0,372309.0,472070.0,424863.0,372309.0,351625.0,424863.0,401260.0,351625.0,330941.0,401260.0,377656.0,310011.0,"{""office"": ""ND Senate District 22"", ""source"": ""mock"", ""candidates"": [{""name"": ""Barbara Smith"", ""party"": ""R""}]}",Synthetic state-leg row — replace via OpenStates / FTM pipeline,mock
ND-U-023,ND,upper,23,ocd-division/country:us/state:nd/sldu:23,ND SD-23,R,Richard Johnson,R,2020,6.0,13.3,Likely R,True,False,defend,47,24,401339.0,361205.0,435396.0,391857.0,361205.0,341138.0,391857.0,370087.0,341138.0,321071.0,370087.0,348317.0,343061.0,"{""office"": ""ND Senate District 23"", ""source"": ""mock"", ""candidates"": [{""name"": ""Richard Johnson"", ""party"": ""R""}, {""name"": ""Mary Anderson"", ""party"": ""D""}]}",Synthetic state-leg row — replace via OpenStates / FTM pipeline,mock
ND-U-024,ND,upper,24,ocd-division/country:us/state:nd/sldu:24,ND SD-24,R,Susan Williams,R,2023,3.0,25.4,Likely R,True,False,safe,47,24,205734.0,185161.0,130590.0,117531.0,185161.0,174874.0,117531.0,111001.0,174874.0,164587.0,111001.0,104472.0,83408.0,"{""office"": ""ND Senate District 24"", ""source"": ""mock"", ""candidates"": [{""name"": ""Susan Williams"", ""party"": ""R""}]}",Synthetic state-leg row — replace via OpenStates / FTM pipeline,mock
ND-U-025,ND,upper,25,ocd-division/country:us/state:nd/sldu:25,ND SD-25,R,Joseph Brown,R,2024,2.0,14.3,Likely R,True,False,safe,47,24,461791.0,415612.0,253106.0,227796.0,415612.0,392522.0,227796.0,215140.0,392522.0,369433.0,215140.0,202485.0,282895.0,"{""office"": ""ND Senate District 25"", ""source"": ""mock"", ""candidates"": [{""name"": ""Joseph Brown"", ""party"": ""R""}]}",Synthetic state-leg row — replace via OpenStates / FTM pipeline,mock
ND-U-026,ND,upper,26,ocd-division/country:us/state:nd/sldu:26,ND SD-26,R,Jessica Jones,R,2024,2.0,24.2,Likely R,True,False,safe,47,24,170212.0,153191.0,174943.0,157449.0,153191.0,144680.0,157449.0,148701.0,144680.0,136170.0,148701.0,139954.0,87768.0,"{""office"": ""ND Senate District 26"", ""source"": ""mock"", ""candidates"": [{""name"": ""Jessica Jones"", ""party"": ""R""}]}",Synthetic state-leg row — replace via OpenStates / FTM pipeline,mock
ND-U-027,ND,upper,27,ocd-division/country:us/state:nd/sldu:27,ND SD-27,R,James Garcia,R,2010,16.0,12.0,Likely R,True,False,defend,47,24,419300.0,377370.0,442925.0,398633.0,377370.0,356405.0,398633.0,376487.0,356405.0,335440.0,376487.0,354340.0,369525.0,"{""office"": ""ND Senate District 27"", ""source"": ""mock"", ""candidates"": [{""name"": ""James Garcia"", ""party"": ""R""}, {""name"": ""Richard Miller"", ""party"": ""D""}]}",Synthetic state-leg row — replace via OpenStates / FTM pipeline,mock
ND-U-028,ND,upper,28,ocd-division/country:us/state:nd/sldu:28,ND SD-28,R,Mary Miller,R,2011,15.0,5.2,Lean R,True,False,defend,47,24,560249.0,504224.0,495998.0,446398.0,504224.0,476212.0,446398.0,421598.0,476212.0,448199.0,421598.0,396798.0,555284.0,"{""office"": ""ND Senate District 28"", ""source"": ""mock"", ""candidates"": [{""name"": ""Mary Miller"", ""party"": ""R""}, {""name"": ""James Anderson"", ""party"": ""D""}]}",Synthetic state-leg row — replace via OpenStates / FTM pipeline,mock
ND-U-029,ND,upper,29,ocd-division/country:us/state:nd/sldu:29,ND SD-29,R,Robert Davis,R,2018,8.0,1.7,Toss-up,True,False,defend,47,24,936764.0,843087.0,780084.0,702076.0,843087.0,796249.0,702076.0,663072.0,796249.0,749411.0,663072.0,624067.0,988414.0,"{""office"": ""ND Senate District 29"", ""source"": ""mock"", ""candidates"": [{""name"": ""Robert Davis"", ""party"": ""R""}, {""name"": ""Patricia Anderson"", ""party"": ""D""}]}",Synthetic state-leg row — replace via OpenStates / FTM pipeline,mock
ND-U-030,ND,upper,30,ocd-division/country:us/state:nd/sldu:30,ND SD-30,R,Patricia Rodriguez,R,2018,8.0,16.5,Likely R,True,False,safe,47,24,361215.0,325093.0,336140.0,302526.0,325093.0,307032.0,302526.0,285719.0,307032.0,288972.0,285719.0,268912.0,254036.0,"{""office"": ""ND Senate District 30"", ""source"": ""mock"", ""candidates"": [{""name"": ""Patricia Rodriguez"", ""party"": ""R""}, {""name"": ""Elizabeth Rodriguez"", ""party"": ""D""}]}",Synthetic state-leg row — replace via OpenStates / FTM pipeline,mock
ND-U-031,ND,upper,31,ocd-division/country:us/state:nd/sldu:31,ND SD-31,R,John Martinez,R,2016,10.0,21.0,Likely R,True,False,safe,47,24,411790.0,370611.0,339785.0,305806.0,370611.0,350021.0,305806.0,288817.0,350021.0,329432.0,288817.0,271828.0,225472.0,"{""office"": ""ND Senate District 31"", ""source"": ""mock"", ""candidates"": [{""name"": ""John Martinez"", ""party"": ""R""}, {""name"": ""John Brown"", ""party"": ""D""}]}",Synthetic state-leg row — replace via OpenStates / FTM pipeline,mock
ND-U-032,ND,upper,32,ocd-division/country:us/state:nd/sldu:32,ND SD-32,R,OPEN SEAT,,,0.0,16.7,Likely R,False,True,safe,47,24,162415.0,146174.0,164843.0,148359.0,146174.0,138053.0,148359.0,140117.0,138053.0,129932.0,140117.0,131874.0,118281.0,"{""office"": ""ND Senate District 32"", ""source"": ""mock"", ""candidates"": []}",Synthetic state-leg row — replace via OpenStates / FTM pipeline,mock
ND-U-033,ND,upper,33,ocd-division/country:us/state:nd/sldu:33,ND SD-33,R,Jennifer Hernandez,R,2020,6.0,10.1,Likely R,True,False,defend,47,24,834644.0,751180.0,755512.0,679961.0,751180.0,709447.0,679961.0,642185.0,709447.0,667715.0,642185.0,604410.0,724657.0,"{""office"": ""ND Senate District 33"", ""source"": ""mock"", ""candidates"": [{""name"": ""Jennifer Hernandez"", ""party"": ""R""}, {""name"": ""Jennifer Garcia"", ""party"": ""D""}]}",Synthetic state-leg row — replace via OpenStates / FTM pipeline,mock
ND-U-034,ND,upper,34,ocd-division/country:us/state:nd/sldu:34,ND SD-34,R,Michael Lopez,R,2018,8.0,18.4,Likely R,True,False,safe,47,24,231741.0,208566.0,234399.0,210959.0,208566.0,196979.0,210959.0,199239.0,196979.0,185392.0,199239.0,187519.0,157156.0,"{""office"": ""ND Senate District 34"", ""source"": ""mock"", ""candidates"": [{""name"": ""Michael Lopez"", ""party"": ""R""}]}",Synthetic state-leg row — replace via OpenStates / FTM pipeline,mock
ND-U-035,ND,upper,35,ocd-division/country:us/state:nd/sldu:35,ND SD-35,R,Linda Wilson,R,2014,12.0,2.9,Lean R,True,False,defend,47,24,843096.0,758786.0,716951.0,645256.0,758786.0,716631.0,645256.0,609408.0,716631.0,674476.0,609408.0,573561.0,871398.0,"{""office"": ""ND Senate District 35"", ""source"": ""mock"", ""candidates"": [{""name"": ""Linda Wilson"", ""party"": ""R""}, {""name"": ""William Davis"", ""party"": ""D""}]}",Synthetic state-leg row — replace via OpenStates / FTM pipeline,mock
ND-U-036,ND,upper,36,ocd-division/country:us/state:nd/sldu:36,ND SD-36,R,OPEN SEAT,,,0.0,14.8,Likely R,False,True,safe,47,24,489089.0,440180.0,545484.0,490935.0,440180.0,415726.0,490935.0,463661.0,415726.0,391271.0,463661.0,436387.0,402005.0,"{""office"": ""ND Senate District 36"", ""source"": ""mock"", ""candidates"": []}",Synthetic state-leg row — replace via OpenStates / FTM pipeline,mock
ND-U-037,ND,upper,37,ocd-division/country:us/state:nd/sldu:37,ND SD-37,R,David Anderson,R,2011,15.0,-0.7,Toss-up,True,False,defend,47,24,559440.0,503496.0,411450.0,370305.0,503496.0,475524.0,370305.0,349733.0,475524.0,447552.0,349733.0,329160.0,572825.0,"{""office"": ""ND Senate District 37"", ""source"": ""mock"", ""candidates"": [{""name"": ""David Anderson"", ""party"": ""R""}, {""name"": ""James Smith"", ""party"": ""D""}]}",Synthetic state-leg row — replace via OpenStates / FTM pipeline,mock
ND-U-038,ND,upper,38,ocd-division/country:us/state:nd/sldu:38,ND SD-38,R,OPEN SEAT,,,0.0,10.3,Likely R,False,True,defend,47,24,770015.0,693014.0,651938.0,586744.0,693014.0,654513.0,586744.0,554147.0,654513.0,616012.0,554147.0,521550.0,643942.0,"{""office"": ""ND Senate District 38"", ""source"": ""mock"", ""candidates"": [{""name"": ""Elizabeth Miller"", ""party"": ""D""}]}",Synthetic state-leg row — replace via OpenStates / FTM pipeline,mock
ND-U-039,ND,upper,39,ocd-division/country:us/state:nd/sldu:39,ND SD-39,R,Elizabeth Thomas,R,2019,7.0,20.8,Likely R,False,False,safe,47,24,298444.0,268600.0,275429.0,247886.0,268600.0,253677.0,247886.0,234115.0,253677.0,238755.0,234115.0,220343.0,173802.0,"{""office"": ""ND Senate District 39"", ""source"": ""mock"", ""candidates"": [{""name"": ""Elizabeth Thomas"", ""party"": ""R""}]}",Synthetic state-leg row — replace via OpenStates / FTM pipeline,mock
ND-U-040,ND,upper,40,ocd-division/country:us/state:nd/sldu:40,ND SD-40,R,William Smith,R,2024,2.0,11.3,Likely R,True,False,defend,47,24,655551.0,589996.0,614559.0,553103.0,589996.0,557218.0,553103.0,522375.0,557218.0,524441.0,522375.0,491647.0,557034.0,"{""office"": ""ND Senate District 40"", ""source"": ""mock"", ""candidates"": [{""name"": ""William Smith"", ""party"": ""R""}, {""name"": ""Elizabeth Williams"", ""party"": ""D""}]}",Synthetic state-leg row — replace via OpenStates / FTM pipeline,mock
ND-U-041,ND,upper,41,ocd-division/country:us/state:nd/sldu:41,ND SD-41,R,Barbara Johnson,R,2018,8.0,22.3,Likely R,True,False,safe,47,24,204222.0,183800.0,211208.0,190087.0,183800.0,173589.0,190087.0,179527.0,173589.0,163378.0,179527.0,168966.0,116914.0,"{""office"": ""ND Senate District 41"", ""source"": ""mock"", ""candidates"": [{""name"": ""Barbara Johnson"", ""party"": ""R""}]}",Synthetic state-leg row — replace via OpenStates / FTM pipeline,mock
ND-U-042,ND,upper,42,ocd-division/country:us/state:nd/sldu:42,ND SD-42,R,Richard Williams,R,2022,4.0,17.0,Likely R,True,False,safe,47,24,358320.0,322488.0,380442.0,342397.0,322488.0,304572.0,342397.0,323375.0,304572.0,286656.0,323375.0,304353.0,263843.0,"{""office"": ""ND Senate District 42"", ""source"": ""mock"", ""candidates"": [{""name"": ""Richard Williams"", ""party"": ""R""}]}",Synthetic state-leg row — replace via OpenStates / FTM pipeline,mock
ND-U-043,ND,upper,43,ocd-division/country:us/state:nd/sldu:43,ND SD-43,R,Susan Brown,R,2016,10.0,24.2,Likely R,True,False,safe,47,24,145679.0,131112.0,153377.0,138039.0,131112.0,123828.0,138039.0,130370.0,123828.0,116544.0,130370.0,122702.0,76046.0,"{""office"": ""ND Senate District 43"", ""source"": ""mock"", ""candidates"": [{""name"": ""Susan Brown"", ""party"": ""R""}]}",Synthetic state-leg row — replace via OpenStates / FTM pipeline,mock
ND-U-044,ND,upper,44,ocd-division/country:us/state:nd/sldu:44,ND SD-44,R,Joseph Jones,R,2018,8.0,21.2,Likely R,True,False,safe,47,24,322305.0,290075.0,226316.0,203684.0,290075.0,273959.0,203684.0,192369.0,273959.0,257844.0,192369.0,181053.0,163019.0,"{""office"": ""ND Senate District 44"", ""source"": ""mock"", ""candidates"": [{""name"": ""Joseph Jones"", ""party"": ""R""}]}",Synthetic state-leg row — replace via OpenStates / FTM pipeline,mock
ND-U-045,ND,upper,45,ocd-division/country:us/state:nd/sldu:45,ND SD-45,R,Jessica Garcia,R,2018,8.0,16.2,Likely R,True,False,safe,47,24,607907.0,547116.0,359133.0,323219.0,547116.0,516721.0,323219.0,305263.0,516721.0,486325.0,305263.0,287306.0,356423.0,"{""office"": ""ND Senate District 45"", ""source"": ""mock"", ""candidates"": [{""name"": ""Jessica Garcia"", ""party"": ""R""}, {""name"": ""William Johnson"", ""party"": ""D""}]}",Synthetic state-leg row — replace via OpenStates / FTM pipeline,mock
ND-U-046,ND,upper,46,ocd-division/country:us/state:nd/sldu:46,ND SD-46,R,James Miller,R,2011,15.0,11.9,Likely R,True,False,defend,47,24,482883.0,434595.0,298347.0,268512.0,434595.0,410451.0,268512.0,253595.0,410451.0,386307.0,253595.0,238677.0,335929.0,"{""office"": ""ND Senate District 46"", ""source"": ""mock"", ""candidates"": [{""name"": ""James Miller"", ""party"": ""R""}, {""name"": ""Elizabeth Rodriguez"", ""party"": ""D""}]}",Synthetic state-leg row — replace via OpenStates / FTM pipeline,mock
ND-U-047,ND,upper,47,ocd-division/country:us/state:nd/sldu:47,ND SD-47,R,Mary Davis,R,2013,13.0,10.0,Likely R,False,False,defend,47,24,736007.0,662406.0,355133.0,319620.0,662406.0,625606.0,319620.0,301863.0,625606.0,588805.0,301863.0,284106.0,498807.0,"{""office"": ""ND Senate District 47"", ""source"": ""mock"", ""candidates"": [{""name"": ""Mary Davis"", ""party"": ""R""}, {""name"": ""Patricia Brown"", ""party"": ""D""}]}",Synthetic state-leg row — replace via OpenStates / FTM pipeline,mock
NH-U-001,NH,upper,1,ocd-division/country:us/state:nh/sldu:1,NH SD-1,D,Robert Rodriguez,D,2009,17.0,-5.4,Lean D,True,False,attack,24,13,304230.0,273807.0,310960.0,279864.0,273807.0,258596.0,279864.0,264316.0,258596.0,243384.0,264316.0,248768.0,321657.0,"{""office"": ""NH Senate District 1"", ""source"": ""mock"", ""candidates"": [{""name"": ""Robert Rodriguez"", ""party"": ""D""}, {""name"": ""Elizabeth Johnson"", ""party"": ""R""}]}",Synthetic state-leg row — replace via OpenStates / FTM pipeline,mock
NH-U-002,NH,upper,2,ocd-division/country:us/state:nh/sldu:2,NH SD-2,R,Patricia Martinez,R,2010,16.0,-3.3,Lean D,True,False,defend,24,13,743788.0,669409.0,532693.0,479423.0,669409.0,632220.0,479423.0,452789.0,632220.0,595030.0,452789.0,426154.0,705711.0,"{""office"": ""NH Senate District 2"", ""source"": ""mock"", ""candidates"": [{""name"": ""Patricia Martinez"", ""party"": ""R""}, {""name"": ""Robert Wilson"", ""party"": ""D""}]}",Synthetic state-leg row — replace via OpenStates / FTM pipeline,mock
NH-U-003,NH,upper,3,ocd-division/country:us/state:nh/sldu:3,NH SD-3,R,John Hernandez,R,2013,13.0,3.2,Lean R,True,False,defend,24,13,655007.0,589506.0,884583.0,796125.0,589506.0,556756.0,796125.0,751896.0,556756.0,524006.0,751896.0,707667.0,853373.0,"{""office"": ""NH Senate District 3"", ""source"": ""mock"", ""candidates"": [{""name"": ""John Hernandez"", ""party"": ""R""}, {""name"": ""Barbara Brown"", ""party"": ""D""}]}",Synthetic state-leg row — replace via OpenStates / FTM pipeline,mock
NH-U-004,NH,upper,4,ocd-division/country:us/state:nh/sldu:4,NH SD-4,D,Jennifer Lopez,D,2010,16.0,-3.1,Lean D,True,False,attack,24,13,357287.0,321558.0,419559.0,377603.0,321558.0,303694.0,377603.0,356625.0,303694.0,285830.0,356625.0,335647.0,431704.0,"{""office"": ""NH Senate District 4"", ""source"": ""mock"", ""candidates"": [{""name"": ""Jennifer Lopez"", ""party"": ""D""}, {""name"": ""Mary Garcia"", ""party"": ""R""}]}",Synthetic state-leg row — replace via OpenStates / FTM pipeline,mock
NH-U-005,NH,upper,5,ocd-division/country:us/state:nh/sldu:5,NH SD-5,D,Michael Wilson,D,2016,10.0,3.6,Lean R,True,False,attack,24,13,520575.0,468517.0,544032.0,489629.0,468517.0,442489.0,489629.0,462427.0,442489.0,416460.0,462427.0,435226.0,584013.0,"{""office"": ""NH Senate District 5"", ""source"": ""mock"", ""candidates"": [{""name"": ""Michael Wilson"", ""party"": ""D""}, {""name"": ""John Thomas"", ""party"": ""R""}]}",Synthetic state-leg row — replace via OpenStates / FTM pipeline,mock
NH-U-006,NH,upper,6,ocd-division/country:us/state:nh/sldu:6,NH SD-6,R,Linda Anderson,R,2013,13.0,5.9,Lean R,True,False,defend,24,13,380159.0,342143.0,301546.0,271391.0,342143.0,323135.0,271391.0,256314.0,323135.0,304127.0,256314.0,241237.0,351565.0,"{""office"": ""NH Senate District 6"", ""source"": ""mock"", ""candidates"": [{""name"": ""Linda Anderson"", ""party"": ""R""}, {""name"": ""Susan Smith"", ""party"": ""D""}]}",Synthetic state-leg row — replace via OpenStates / FTM pipeline,mock
NH-U-007,NH,upper,7,ocd-division/country:us/state:nh/sldu:7,NH SD-7,D,David Thomas,D,2019,7.0,-1.8,Toss-up,True,False,attack,24,13,1002951.0,902656.0,1085190.0,976671.0,902656.0,852508.0,976671.0,922411.0,852508.0,802361.0,922411.0,868152.0,1199189.0,"{""office"": ""NH Senate District 7"", ""source"": ""mock"", ""candidates"": [{""name"": ""David Thomas"", ""party"": ""D""}, {""name"": ""Barbara Hernandez"", ""party"": ""R""}]}",Synthetic state-leg row — replace via OpenStates / FTM pipeline,mock
NH-U-008,NH,upper,8,ocd-division/country:us/state:nh/sldu:8,NH SD-8,D,Elizabeth Smith,D,2009,17.0,4.8,Lean R,True,False,attack,24,13,516230.0,464607.0,430355.0,387319.0,464607.0,438795.0,387319.0,365801.0,438795.0,412984.0,365801.0,344284.0,503042.0,"{""office"": ""NH Senate District 8"", ""source"": ""mock"", ""candidates"": [{""name"": ""Elizabeth Smith"", ""party"": ""D""}, {""name"": ""Robert Smith"", ""party"": ""R""}]}",Synthetic state-leg row — replace via OpenStates / FTM pipeline,mock
NH-U-009,NH,upper,9,ocd-division/country:us/state:nh/sldu:9,NH SD-9,R,William Johnson,R,2013,13.0,10.3,Likely R,True,False,defend,24,13,807237.0,726513.0,549981.0,494983.0,726513.0,686151.0,494983.0,467484.0,686151.0,645790.0,467484.0,439985.0,614626.0,"{""office"": ""NH Senate District 9"", ""source"": ""mock"", ""candidates"": [{""name"": ""William Johnson"", ""party"": ""R""}, {""name"": ""Susan Wilson"", ""party"": ""D""}]}",Synthetic state-leg row — replace via OpenStates / FTM pipeline,mock
NH-U-010,NH,upper,10,ocd-division/country:us/state:nh/sldu:10,NH SD-10,D,Barbara Williams,D,2011,15.0,1.3,Toss-up,True,False,attack,24,13,729400.0,656460.0,849387.0,764448.0,656460.0,619990.0,764448.0,721979.0,619990.0,583520.0,721979.0,679509.0,917952.0,"{""office"": ""NH Senate District 10"", ""source"": ""mock"", ""candidates"": [{""name"": ""Barbara Williams"", ""party"": ""D""}, {""name"": ""Joseph Williams"", ""party"": ""R""}]}",Synthetic state-leg row — replace via OpenStates / FTM pipeline,mock
NH-U-011,NH,upper,11,ocd-division/country:us/state:nh/sldu:11,NH SD-11,D,OPEN SEAT,,,0.0,-6.7,Lean D,False,True,attack,24,13,512497.0,461247.0,569861.0,512875.0,461247.0,435623.0,512875.0,484382.0,435623.0,409998.0,484382.0,455889.0,545818.0,"{""office"": ""NH Senate District 11"", ""source"": ""mock"", ""candidates"": [{""name"": ""Barbara Hernandez"", ""party"": ""R""}]}",Synthetic state-leg row — replace via OpenStates / FTM pipeline,mock
NH-U-012,NH,upper,12,ocd-division/country:us/state:nh/sldu:12,NH SD-12,D,Richard Brown,D,2022,4.0,-18.6,Likely D,False,False,safe,24,13,140751.0,126676.0,187355.0,168620.0,126676.0,119638.0,168620.0,159252.0,119638.0,112601.0,159252.0,149884.0,109681.0,"{""office"": ""NH Senate District 12"", ""source"": ""mock"", ""candidates"": [{""name"": ""Richard Brown"", ""party"": ""D""}]}",Synthetic state-leg row — replace via OpenStates / FTM pipeline,mock
NH-U-013,NH,upper,13,ocd-division/country:us/state:nh/sldu:13,NH SD-13,D,Susan Jones,D,2012,14.0,-8.1,Likely D,False,False,attack,24,13,371078.0,333970.0,537246.0,483521.0,333970.0,315417.0,483521.0,456659.0,315417.0,296863.0,456659.0,429797.0,439888.0,"{""office"": ""NH Senate District 13"", ""source"": ""mock"", ""candidates"": [{""name"": ""Susan Jones"", ""party"": ""D""}, {""name"": ""Elizabeth Miller"", ""party"": ""R""}]}",Synthetic state-leg row — replace via OpenStates / FTM pipeline,mock
NH-U-014,NH,upper,14,ocd-division/country:us/state:nh/sldu:14,NH SD-14,R,Joseph Garcia,R,2021,5.0,7.0,Likely R,True,False,defend,24,13,293404.0,264064.0,353782.0,318404.0,264064.0,249394.0,318404.0,300715.0,249394.0,234724.0,300715.0,283026.0,323593.0,"{""office"": ""NH Senate District 14"", ""source"": ""mock"", ""candidates"": [{""name"": ""Joseph Garcia"", ""party"": ""R""}, {""name"": ""David Lopez"", ""party"": ""D""}]}",Synthetic state-leg row — replace via OpenStates / FTM pipeline,mock
NH-U-015,NH,upper,15,ocd-division/country:us/state:nh/sldu:15,NH SD-15,R,Jessica Miller,R,2023,3.0,-1.1,Toss-up,True,False,defend,24,13,480580.0,432522.0,479926.0,431933.0,432522.0,408493.0,431933.0,407937.0,408493.0,384464.0,407937.0,383941.0,561210.0,"{""office"": ""NH Senate District 15"", ""source"": ""mock"", ""candidates"": [{""name"": ""Jessica Miller"", ""party"": ""R""}, {""name"": ""Robert Garcia"", ""party"": ""D""}]}",Synthetic state-leg row — replace via OpenStates / FTM pipeline,mock
NH-U-016,NH,upper,16,ocd-division/country:us/state:nh/sldu:16,NH SD-16,D,James Davis,D,2017,9.0,-11.8,Likely D,False,False,attack,24,13,137109.0,123398.0,241977.0,217779.0,123398.0,116543.0,217779.0,205680.0,116543.0,109687.0,205680.0,193582.0,163549.0,"{""office"": ""NH Senate District 16"", ""source"": ""mock"", ""candidates"": [{""name"": ""James Davis"", ""party"": ""D""}, {""name"": ""Jessica Martinez"", ""party"": ""R""}]}",Synthetic state-leg row — replace via OpenStates / FTM pipeline,mock
NH-U-017,NH,upper,17,ocd-division/country:us/state:nh/sldu:17,NH SD-17,R,OPEN SEAT,,,0.0,16.2,Likely R,False,True,safe,24,13,327731.0,294958.0,383168.0,344851.0,294958.0,278571.0,344851.0,325693.0,278571.0,262185.0,325693.0,306534.0,262017.0,"{""office"": ""NH Senate District 17"", ""source"": ""mock"", ""candidates"": []}",Synthetic state-leg row — replace via OpenStates / FTM pipeline,mock
NH-U-018,NH,upper,18,ocd-division/country:us/state:nh/sldu:18,NH SD-18,D,Mary Rodriguez,D,2010,16.0,-21.7,Likely D,True,False,safe,24,13,212544.0,191290.0,231410.0,208269.0,191290.0,180662.0,208269.0,196698.0,180662.0,170035.0,196698.0,185128.0,128747.0,"{""office"": ""NH Senate District 18"", ""source"": ""mock"", ""candidates"": [{""name"": ""Mary Rodriguez"", ""party"": ""D""}]}",Synthetic state-leg row — replace via OpenStates / FTM pipeline,mock
NH-U-019,NH,upper,19,ocd-division/country:us/state:nh/sldu:19,NH SD-19,R,Robert Martinez,R,2011,15.0,5.1,Lean R,True,False,defend,24,13,438679.0,394811.0,306322.0,275690.0,394811.0,372877.0,275690.0,260374.0,372877.0,350943.0,260374.0,245057.0,392722.0,"{""office"": ""NH Senate District 19"", ""source"": ""mock"", ""candidates"": [{""name"": ""Robert Martinez"", ""party"": ""R""}, {""name"": ""Elizabeth Smith"", ""party"": ""D""}]}",Synthetic state-leg row — replace via OpenStates / FTM pipeline,mock
NH-U-020,NH,upper,20,ocd-division/country:us/state:nh/sldu:20,NH SD-20,D,Patricia Hernandez,D,2024,2.0,-6.5,Lean D,True,False,attack,24,13,648534.0,583680.0,720030.0,648027.0,583680.0,551254.0,648027.0,612026.0,551254.0,518827.0,612026.0,576024.0,694057.0,"{""office"": ""NH Senate District 20"", ""source"": ""mock"", ""candidates"": [{""name"": ""Patricia Hernandez"", ""party"": ""D""}, {""name"": ""Patricia Rodriguez"", ""party"": ""R""}]}",Synthetic state-leg row — replace via OpenStates / FTM pipeline,mock
NH-U-021,NH,upper,21,ocd-division/country:us/state:nh/sldu:21,NH SD-21,D,John Lopez,D,2009,17.0,-4.9,Lean D,True,False,attack,24,13,590743.0,531668.0,510811.0,459730.0,531668.0,502131.0,459730.0,434190.0,502131.0,472594.0,434190.0,408649.0,583824.0,"{""office"": ""NH Senate District 21"", ""source"": ""mock"", ""candidates"": [{""name"": ""John Lopez"", ""party"": ""D""}, {""name"": ""William Martinez"", ""party"": ""R""}]}",Synthetic state-leg row — replace via OpenStates / FTM pipeline,mock
NH-U-022,NH,upper,22,ocd-division/country:us/state:nh/sldu:22,NH SD-22,R,Jennifer Wilson,R,2011,15.0,6.6,Lean R,False,False,defend,24,13,525520.0,472968.0,439664.0,395698.0,472968.0,446692.0,395698.0,373715.0,446692.0,420416.0,373715.0,351732.0,488108.0,"{""office"": ""NH Senate District 22"", ""source"": ""mock"", ""candidates"": [{""name"": ""Jennifer Wilson"", ""party"": ""R""}, {""name"": ""James Williams"", ""party"": ""D""}]}",Synthetic state-leg row — replace via OpenStates / FTM pipeline,mock
NH-U-023,NH,upper,23,ocd-division/country:us/state:nh/sldu:23,NH SD-23,D,Michael Anderson,D,2012,14.0,0.1,Toss-up,False,False,attack,24,13,444016.0,399615.0,749952.0,674957.0,399615.0,377414.0,674957.0,637459.0,377414.0,355213.0,637459.0,599962.0,714676.0,"{""office"": ""NH Senate District 23"", ""source"": ""mock"", ""candidates"": [{""name"": ""Michael Anderson"", ""party"": ""D""}, {""name"": ""Jessica Rodriguez"", ""party"": ""R""}]}",Synthetic state-leg row — replace via OpenStates / FTM pipeline,mock
NH-U-024,NH,upper,24,ocd-division/country:us/state:nh/sldu:24,NH SD-24,D,Linda Thomas,D,2023,3.0,-8.7,Likely D,True,False,attack,24,13,235267.0,211741.0,326475.0,293828.0,211741.0,199977.0,293828.0,277504.0,199977.0,188214.0,277504.0,261180.0,267229.0,"{""office"": ""NH Senate District 24"", ""source"": ""mock"", ""candidates"": [{""name"": ""Linda Thomas"", ""party"": ""D""}, {""name"": ""Barbara Rodriguez"", ""party"": ""R""}]}",Synthetic state-leg row — replace via OpenStates / FTM pipeline,mock
NJ-U-001,NJ,upper,1,ocd-division/country:us/state:nj/sldu:1,NJ SD-1,R,David Smith,R,2024,2.0,2.0,Lean R,True,False,defend,40,21,337188.0,303469.0,274688.0,247219.0,303469.0,286609.0,247219.0,233485.0,286609.0,269750.0,233485.0,219751.0,349643.0,"{""office"": ""NJ Senate District 1"", ""source"": ""mock"", ""candidates"": [{""name"": ""David Smith"", ""party"": ""R""}, {""name"": ""Susan Wilson"", ""party"": ""D""}]}",Synthetic state-leg row — replace via OpenStates / FTM pipeline,mock
NJ-U-002,NJ,upper,2,ocd-division/country:us/state:nj/sldu:2,NJ SD-2,D,Elizabeth Johnson,D,2010,16.0,-8.6,Likely D,False,False,attack,40,21,217583.0,195825.0,183292.0,164962.0,195825.0,184945.0,164962.0,155798.0,184945.0,174066.0,155798.0,146633.0,191274.0,"{""office"": ""NJ Senate District 2"", ""source"": ""mock"", ""candidates"": [{""name"": ""Elizabeth Johnson"", ""party"": ""D""}, {""name"": ""Joseph Brown"", ""party"": ""R""}]}",Synthetic state-leg row — replace via OpenStates / FTM pipeline,mock
NJ-U-003,NJ,upper,3,ocd-division/country:us/state:nj/sldu:3,NJ SD-3,D,William Williams,D,2015,11.0,-6.0,Lean D,True,False,attack,40,21,502568.0,452312.0,651051.0,585946.0,452312.0,427183.0,585946.0,553393.0,427183.0,402055.0,553393.0,520841.0,593290.0,"{""office"": ""NJ Senate District 3"", ""source"": ""mock"", ""candidates"": [{""name"": ""William Williams"", ""party"": ""D""}, {""name"": ""Jennifer Anderson"", ""party"": ""R""}]}",Synthetic state-leg row — replace via OpenStates / FTM pipeline,mock
NJ-U-004,NJ,upper,4,ocd-division/country:us/state:nj/sldu:4,NJ SD-4,D,Barbara Brown,D,2018,8.0,-5.1,Lean D,True,False,attack,40,21,377048.0,339343.0,643210.0,578889.0,339343.0,320490.0,578889.0,546729.0,320490.0,301638.0,546729.0,514568.0,537822.0,"{""office"": ""NJ Senate District 4"", ""source"": ""mock"", ""candidates"": [{""name"": ""Barbara Brown"", ""party"": ""D""}, {""name"": ""Susan Smith"", ""party"": ""R""}]}",Synthetic state-leg row — replace via OpenStates / FTM pipeline,mock
NJ-U-005,NJ,upper,5,ocd-division/country:us/state:nj/sldu:5,NJ SD-5,D,Richard Jones,D,2013,13.0,-3.2,Lean D,True,False,attack,40,21,661672.0,595505.0,884095.0,795686.0,595505.0,562421.0,795686.0,751481.0,562421.0,529338.0,751481.0,707276.0,856797.0,"{""office"": ""NJ Senate District 5"", ""source"": ""mock"", ""candidates"": [{""name"": ""Richard Jones"", ""party"": ""D""}, {""name"": ""Jessica Smith"", ""party"": ""R""}]}",Synthetic state-leg row — replace via OpenStates / FTM pipeline,mock
NJ-U-006,NJ,upper,6,ocd-division/country:us/state:nj/sldu:6,NJ SD-6,D,Susan Garcia,D,2024,2.0,-4.5,Lean D,True,False,attack,40,21,221730.0,199557.0,322513.0,290262.0,199557.0,188471.0,290262.0,274136.0,188471.0,177384.0,274136.0,258010.0,291559.0,"{""office"": ""NJ Senate District 6"", ""source"": ""mock"", ""candidates"": [{""name"": ""Susan Garcia"", ""party"": ""D""}, {""name"": ""Richard Johnson"", ""party"": ""R""}]}",Synthetic state-leg row — replace via OpenStates / FTM pipeline,mock
NJ-U-007,NJ,upper,7,ocd-division/country:us/state:nj/sldu:7,NJ SD-7,R,Joseph Miller,R,2014,12.0,10.4,Likely R,True,False,defend,40,21,947705.0,852935.0,769548.0,692593.0,852935.0,805550.0,692593.0,654116.0,805550.0,758164.0,654116.0,615638.0,775217.0,"{""office"": ""NJ Senate District 7"", ""source"": ""mock"", ""candidates"": [{""name"": ""Joseph Miller"", ""party"": ""R""}, {""name"": ""Susan Rodriguez"", ""party"": ""D""}]}",Synthetic state-leg row — replace via OpenStates / FTM pipeline,mock
NJ-U-008,NJ,upper,8,ocd-division/country:us/state:nj/sldu:8,NJ SD-8,D,OPEN SEAT,,,0.0,-16.0,Likely D,False,True,safe,40,21,329707.0,296736.0,279138.0,251224.0,296736.0,280251.0,251224.0,237267.0,280251.0,263765.0,237267.0,223310.0,226142.0,"{""office"": ""NJ Senate District 8"", ""source"": ""mock"", ""candidates"": []}",Synthetic state-leg row — replace via OpenStates / FTM pipeline,mock
NJ-U-009,NJ,upper,9,ocd-division/country:us/state:nj/sldu:9,NJ SD-9,D,Jessica Davis,D,2023,3.0,-3.4,Lean D,True,False,attack,40,21,742859.0,668573.0,786697.0,708028.0,668573.0,631430.0,708028.0,668693.0,631430.0,594287.0,668693.0,629358.0,843441.0,"{""office"": ""NJ Senate District 9"", ""source"": ""mock"", ""candidates"": [{""name"": ""Jessica Davis"", ""party"": ""D""}, {""name"": ""Elizabeth Rodriguez"", ""party"": ""R""}]}",Synthetic state-leg row — replace via OpenStates / FTM pipeline,mock
NJ-U-010,NJ,upper,10,ocd-division/country:us/state:nj/sldu:10,NJ SD-10,D,James Rodriguez,D,2009,17.0,-3.8,Lean D,True,False,attack,40,21,242480.0,218232.0,322249.0,290024.0,218232.0,206108.0,290024.0,273911.0,206108.0,193984.0,273911.0,257799.0,308181.0,"{""office"": ""NJ Senate District 10"", ""source"": ""mock"", ""candidates"": [{""name"": ""James Rodriguez"", ""party"": ""D""}, {""name"": ""William Hernandez"", ""party"": ""R""}]}",Synthetic state-leg row — replace via OpenStates / FTM pipeline,mock
NJ-U-011,NJ,upper,11,ocd-division/country:us/state:nj/sldu:11,NJ SD-11,D,Mary Martinez,D,2022,4.0,3.5,Lean R,True,False,attack,40,21,883946.0,795551.0,674510.0,607059.0,795551.0,751354.0,607059.0,573334.0,751354.0,707157.0,573334.0,539608.0,857151.0,"{""office"": ""NJ Senate District 11"", ""source"": ""mock"", ""candidates"": [{""name"": ""Mary Martinez"", ""party"": ""D""}, {""name"": ""Susan Miller"", ""party"": ""R""}]}",Synthetic state-leg row — replace via OpenStates / FTM pipeline,mock
NJ-U-012,NJ,upper,12,ocd-division/country:us/state:nj/sldu:12,NJ SD-12,D,Robert Hernandez,D,2014,12.0,-13.5,Likely D,True,False,attack,40,21,223165.0,200849.0,240301.0,216271.0,200849.0,189691.0,216271.0,204256.0,189691.0,178532.0,204256.0,192241.0,188697.0,"{""office"": ""NJ Senate District 12"", ""source"": ""mock"", ""candidates"": [{""name"": ""Robert Hernandez"", ""party"": ""D""}, {""name"": ""James Miller"", ""party"": ""R""}]}",Synthetic state-leg row — replace via OpenStates / FTM pipeline,mock
NJ-U-013,NJ,upper,13,ocd-division/country:us/state:nj/sldu:13,NJ SD-13,D,Patricia Lopez,D,2017,9.0,-12.8,Likely D,True,False,attack,40,21,202382.0,182144.0,198482.0,178634.0,182144.0,172025.0,178634.0,168710.0,172025.0,161906.0,168710.0,158786.0,167218.0,"{""office"": ""NJ Senate District 13"", ""source"": ""mock"", ""candidates"": [{""name"": ""Patricia Lopez"", ""party"": ""D""}, {""name"": ""Michael Hernandez"", ""party"": ""R""}]}",Synthetic state-leg row — replace via OpenStates / FTM pipeline,mock
NJ-U-014,NJ,upper,14,ocd-division/country:us/state:nj/sldu:14,NJ SD-14,D,John Wilson,D,2017,9.0,4.0,Lean R,False,False,attack,40,21,453956.0,408560.0,470362.0,423326.0,408560.0,385863.0,423326.0,399807.0,385863.0,363165.0,399807.0,376289.0,501772.0,"{""office"": ""NJ Senate District 14"", ""source"": ""mock"", ""candidates"": [{""name"": ""John Wilson"", ""party"": ""D""}, {""name"": ""Robert Jones"", ""party"": ""R""}]}",Synthetic state-leg row — replace via OpenStates / FTM pipeline,mock
NJ-U-015,NJ,upper,15,ocd-division/country:us/state:nj/sldu:15,NJ SD-15,D,Jennifer Anderson,D,2017,9.0,-16.6,Likely D,True,False,safe,40,21,277504.0,249753.0,290152.0,261137.0,249753.0,235878.0,261137.0,246629.0,235878.0,222003.0,246629.0,232121.0,205978.0,"{""office"": ""NJ Senate District 15"", ""source"": ""mock"", ""candidates"": [{""name"": ""Jennifer Anderson"", ""party"": ""D""}]}",Synthetic state-leg row — replace via OpenStates / FTM pipeline,mock
NJ-U-016,NJ,upper,16,ocd-division/country:us/state:nj/sldu:16,NJ SD-16,D,Michael Thomas,D,2013,13.0,-9.9,Likely D,True,False,attack,40,21,669426.0,602483.0,817979.0,736181.0,602483.0,569012.0,736181.0,695282.0,569012.0,535541.0,695282.0,654383.0,682081.0,"{""office"": ""NJ Senate District 16"", ""source"": ""mock"", ""candidates"": [{""name"": ""Michael Thomas"", ""party"": ""D""}, {""name"": ""Susan Jones"", ""party"": ""R""}]}",Synthetic state-leg row — replace via OpenStates / FTM pipeline,mock
NJ-U-017,NJ,upper,17,ocd-division/country:us/state:nj/sldu:17,NJ SD-17,R,Linda Smith,R,2008,18.0,7.5,Likely R,True,False,defend,40,21,799899.0,719909.0,607721.0,546949.0,719909.0,679914.0,546949.0,516563.0,679914.0,639919.0,516563.0,486177.0,693756.0,"{""office"": ""NJ Senate District 17"", ""source"": ""mock"", ""candidates"": [{""name"": ""Linda Smith"", ""party"": ""R""}, {""name"": ""Susan Thomas"", ""party"": ""D""}]}",Synthetic state-leg row — replace via OpenStates / FTM pipeline,mock
NJ-U-018,NJ,upper,18,ocd-division/country:us/state:nj/sldu:18,NJ SD-18,D,David Johnson,D,2024,2.0,-8.6,Likely D,True,False,attack,40,21,786174.0,707556.0,1010647.0,909583.0,707556.0,668248.0,909583.0,859050.0,668248.0,628939.0,859050.0,808518.0,857340.0,"{""office"": ""NJ Senate District 18"", ""source"": ""mock"", ""candidates"": [{""name"": ""David Johnson"", ""party"": ""D""}, {""name"": ""Elizabeth Thomas"", ""party"": ""R""}]}",Synthetic state-leg row — replace via OpenStates / FTM pipeline,mock
NJ-U-019,NJ,upper,19,ocd-division/country:us/state:nj/sldu:19,NJ SD-19,D,OPEN SEAT,,,0.0,-31.3,Likely D,False,True,safe,40,21,123916.0,111525.0,108083.0,97275.0,111525.0,105329.0,97275.0,91871.0,105329.0,99133.0,91871.0,86466.0,57536.0,"{""office"": ""NJ Senate District 19"", ""source"": ""mock"", ""candidates"": [{""name"": ""Jennifer Garcia"", ""party"": ""R""}]}",Synthetic state-leg row — replace via OpenStates / FTM pipeline,mock
NJ-U-020,NJ,upper,20,ocd-division/country:us/state:nj/sldu:20,NJ SD-20,D,Elizabeth Williams,D,2011,15.0,-13.1,Likely D,False,False,attack,40,21,237711.0,213940.0,189950.0,170955.0,213940.0,202055.0,170955.0,161458.0,202055.0,190169.0,161458.0,151960.0,176563.0,"{""office"": ""NJ Senate District 20"", ""source"": ""mock"", ""candidates"": [{""name"": ""Elizabeth Williams"", ""party"": ""D""}, {""name"": ""James Lopez"", ""party"": ""R""}]}",Synthetic state-leg row — replace via OpenStates / FTM pipeline,mock
NJ-U-021,NJ,upper,21,ocd-division/country:us/state:nj/sldu:21,NJ SD-21,D,William Brown,D,2008,18.0,-2.2,Lean D,True,False,attack,40,21,400454.0,360409.0,628420.0,565578.0,360409.0,340386.0,565578.0,534157.0,340386.0,320363.0,534157.0,502736.0,584989.0,"{""office"": ""NJ Senate District 21"", ""source"": ""mock"", ""candidates"": [{""name"": ""William Brown"", ""party"": ""D""}, {""name"": ""Mary Lopez"", ""party"": ""R""}]}",Synthetic state-leg row — replace via OpenStates / FTM pipeline,mock
NJ-U-022,NJ,upper,22,ocd-division/country:us/state:nj/sldu:22,NJ SD-22,D,Barbara Jones,D,2015,11.0,-0.8,Toss-up,True,False,attack,40,21,732346.0,659111.0,811026.0,729924.0,659111.0,622494.0,729924.0,689372.0,622494.0,585877.0,689372.0,648821.0,908385.0,"{""office"": ""NJ Senate District 22"", ""source"": ""mock"", ""candidates"": [{""name"": ""Barbara Jones"", ""party"": ""D""}, {""name"": ""Jennifer Smith"", ""party"": ""R""}]}",Synthetic state-leg row — replace via OpenStates / FTM pipeline,mock
NJ-U-023,NJ,upper,23,ocd-division/country:us/state:nj/sldu:23,NJ SD-23,D,Richard Garcia,D,2018,8.0,4.6,Lean R,True,False,attack,40,21,647479.0,582731.0,977268.0,879541.0,582731.0,550357.0,879541.0,830678.0,550357.0,517983.0,830678.0,781814.0,868079.0,"{""office"": ""NJ Senate District 23"", ""source"": ""mock"", ""candidates"": [{""name"": ""Richard Garcia"", ""party"": ""D""}, {""name"": ""Robert Wilson"", ""party"": ""R""}]}",Synthetic state-leg row — replace via OpenStates / FTM pipeline,mock
NJ-U-024,NJ,upper,24,ocd-division/country:us/state:nj/sldu:24,NJ SD-24,D,Susan Miller,D,2019,7.0,-18.4,Likely D,True,False,safe,40,21,277942.0,250148.0,274321.0,246889.0,250148.0,236251.0,246889.0,233173.0,236251.0,222354.0,233173.0,219457.0,186192.0,"{""office"": ""NJ Senate District 24"", ""source"": ""mock"", ""candidates"": [{""name"": ""Susan Miller"", ""party"": ""D""}, {""name"": ""Jennifer Williams"", ""party"": ""R""}]}",Synthetic state-leg row — replace via OpenStates / FTM pipeline,mock
NJ-U-025,NJ,upper,25,ocd-division/country:us/state:nj/sldu:25,NJ SD-25,D,Joseph Davis,D,2019,7.0,-18.7,Likely D,True,False,safe,40,21,112537.0,101284.0,169744.0,152770.0,101284.0,95657.0,152770.0,144282.0,95657.0,90030.0,144282.0,135795.0,93959.0,"{""office"": ""NJ Senate District 25"", ""source"": ""mock"", ""candidates"": [{""name"": ""Joseph Davis"", ""party"": ""D""}]}",Synthetic state-leg row — replace via OpenStates / FTM pipeline,mock
NJ-U-026,NJ,upper,26,ocd-division/country:us/state:nj/sldu:26,NJ SD-26,R,Jessica Rodriguez,R,2011,15.0,-4.4,Lean D,False,False,defend,40,21,889958.0,800963.0,814346.0,732912.0,800963.0,756465.0,732912.0,692194.0,756465.0,711967.0,692194.0,651477.0,915455.0,"{""office"": ""NJ Senate District 26"", ""source"": ""mock"", ""candidates"": [{""name"": ""Jessica Rodriguez"", ""party"": ""R""}, {""name"": ""Jennifer Rodriguez"", ""party"": ""D""}]}",Synthetic state-leg row — replace via OpenStates / FTM pipeline,mock
NJ-U-027,NJ,upper,27,ocd-division/country:us/state:nj/sldu:27,NJ SD-27,R,James Martinez,R,2024,2.0,4.9,Lean R,False,False,defend,40,21,568382.0,511544.0,562515.0,506264.0,511544.0,483125.0,506264.0,478138.0,483125.0,454706.0,478138.0,450012.0,599376.0,"{""office"": ""NJ Senate District 27"", ""source"": ""mock"", ""candidates"": [{""name"": ""James Martinez"", ""party"": ""R""}, {""name"": ""Patricia Garcia"", ""party"": ""D""}]}",Synthetic state-leg row — replace via OpenStates / FTM pipeline,mock
NJ-U-028,NJ,upper,28,ocd-division/country:us/state:nj/sldu:28,NJ SD-28,D,Mary Hernandez,D,2014,12.0,-23.5,Likely D,True,False,safe,40,21,96988.0,87289.0,153562.0,138206.0,87289.0,82439.0,138206.0,130527.0,82439.0,77590.0,130527.0,122849.0,66217.0,"{""office"": ""NJ Senate District 28"", ""source"": ""mock"", ""candidates"": [{""name"": ""Mary Hernandez"", ""party"": ""D""}]}",Synthetic state-leg row — replace via OpenStates / FTM pipeline,mock
NJ-U-029,NJ,upper,29,ocd-division/country:us/state:nj/sldu:29,NJ SD-29,D,Robert Lopez,D,2010,16.0,-3.7,Lean D,True,False,attack,40,21,272445.0,245200.0,288263.0,259437.0,245200.0,231578.0,259437.0,245024.0,231578.0,217956.0,245024.0,230611.0,306787.0,"{""office"": ""NJ Senate District 29"", ""source"": ""mock"", ""candidates"": [{""name"": ""Robert Lopez"", ""party"": ""D""}, {""name"": ""James Garcia"", ""party"": ""R""}]}",Synthetic state-leg row — replace via OpenStates / FTM pipeline,mock
NJ-U-030,NJ,upper,30,ocd-division/country:us/state:nj/sldu:30,NJ SD-30,R,Patricia Wilson,R,2011,15.0,11.1,Likely R,True,False,defend,40,21,456982.0,411284.0,545362.0,490825.0,411284.0,388435.0,490825.0,463557.0,388435.0,365586.0,463557.0,436289.0,442463.0,"{""office"": ""NJ Senate District 30"", ""source"": ""mock"", ""candidates"": [{""name"": ""Patricia Wilson"", ""party"": ""R""}, {""name"": ""Barbara Smith"", ""party"": ""D""}]}",Synthetic state-leg row — replace via OpenStates / FTM pipeline,mock
NJ-U-031,NJ,upper,31,ocd-division/country:us/state:nj/sldu:31,NJ SD-31,D,John Anderson,D,2021,5.0,-10.2,Likely D,False,False,attack,40,21,458195.0,412376.0,392787.0,353508.0,412376.0,389466.0,353508.0,333869.0,389466.0,366556.0,333869.0,314229.0,386589.0,"{""office"": ""NJ Senate District 31"", ""source"": ""mock"", ""candidates"": [{""name"": ""John Anderson"", ""party"": ""D""}, {""name"": ""Michael Miller"", ""party"": ""R""}]}",Synthetic state-leg row — replace via OpenStates / FTM pipeline,mock
NJ-U-032,NJ,upper,32,ocd-division/country:us/state:nj/sldu:32,NJ SD-32,D,Jennifer Thomas,D,2024,2.0,-19.8,Likely D,False,False,safe,40,21,375487.0,337938.0,381473.0,343325.0,337938.0,319164.0,343325.0,324252.0,319164.0,300389.0,324252.0,305178.0,240064.0,"{""office"": ""NJ Senate District 32"", ""source"": ""mock"", ""candidates"": [{""name"": ""Jennifer Thomas"", ""party"": ""D""}]}",Synthetic state-leg row — replace via OpenStates / FTM pipeline,mock
NJ-U-033,NJ,upper,33,ocd-division/country:us/state:nj/sldu:33,NJ SD-33,D,Michael Smith,D,2014,12.0,-15.7,Likely D,True,False,safe,40,21,111654.0,100489.0,161831.0,145648.0,100489.0,94906.0,145648.0,137556.0,94906.0,89324.0,137556.0,129464.0,102752.0,"{""office"": ""NJ Senate District 33"", ""source"": ""mock"", ""candidates"": [{""name"": ""Michael Smith"", ""party"": ""D""}]}",Synthetic state-leg row — replace via OpenStates / FTM pipeline,mock
NJ-U-034,NJ,upper,34,ocd-division/country:us/state:nj/sldu:34,NJ SD-34,R,Linda Johnson,R,2013,13.0,0.9,Toss-up,True,False,defend,40,21,1321395.0,1189255.0,746072.0,671465.0,1189255.0,1123186.0,671465.0,634161.0,1123186.0,1057116.0,634161.0,596857.0,1213898.0,"{""office"": ""NJ Senate District 34"", ""source"": ""mock"", ""candidates"": [{""name"": ""Linda Johnson"", ""party"": ""R""}, {""name"": ""William Brown"", ""party"": ""D""}]}",Synthetic state-leg row — replace via OpenStates / FTM pipeline,mock
NJ-U-035,NJ,upper,35,ocd-division/country:us/state:nj/sldu:35,NJ SD-35,D,David Williams,D,2023,3.0,-18.1,Likely D,True,False,safe,40,21,159022.0,143120.0,195744.0,176170.0,143120.0,135169.0,176170.0,166382.0,135169.0,127217.0,166382.0,156595.0,121127.0,"{""office"": ""NJ Senate District 35"", ""source"": ""mock"", ""candidates"": [{""name"": ""David Williams"", ""party"": ""D""}]}",Synthetic state-leg row — replace via OpenStates / FTM pipeline,mock
NJ-U-036,NJ,upper,36,ocd-division/country:us/state:nj/sldu:36,NJ SD-36,D,Elizabeth Brown,D,2016,10.0,-3.7,Lean D,True,False,attack,40,21,561858.0,505672.0,606746.0,546071.0,505672.0,477579.0,546071.0,515734.0,477579.0,449486.0,515734.0,485397.0,639393.0,"{""office"": ""NJ Senate District 36"", ""source"": ""mock"", ""candidates"": [{""name"": ""Elizabeth Brown"", ""party"": ""D""}, {""name"": ""Jennifer Garcia"", ""party"": ""R""}]}",Synthetic state-leg row — replace via OpenStates / FTM pipeline,mock
NJ-U-037,NJ,upper,37,ocd-division/country:us/state:nj/sldu:37,NJ SD-37,D,William Jones,D,2014,12.0,-8.4,Likely D,True,False,attack,40,21,596906.0,537216.0,811937.0,730744.0,537216.0,507370.0,730744.0,690147.0,507370.0,477525.0,690147.0,649550.0,676245.0,"{""office"": ""NJ Senate District 37"", ""source"": ""mock"", ""candidates"": [{""name"": ""William Jones"", ""party"": ""D""}, {""name"": ""Mary Smith"", ""party"": ""R""}]}",Synthetic state-leg row — replace via OpenStates / FTM pipeline,mock
NJ-U-038,NJ,upper,38,ocd-division/country:us/state:nj/sldu:38,NJ SD-38,D,Barbara Garcia,D,2013,13.0,-7.8,Likely D,True,False,attack,40,21,453870.0,408483.0,591226.0,532103.0,408483.0,385789.0,532103.0,502542.0,385789.0,363096.0,502542.0,472981.0,510604.0,"{""office"": ""NJ Senate District 38"", ""source"": ""mock"", ""candidates"": [{""name"": ""Barbara Garcia"", ""party"": ""D""}, {""name"": ""William Wilson"", ""party"": ""R""}]}",Synthetic state-leg row — replace via OpenStates / FTM pipeline,mock
NJ-U-039,NJ,upper,39,ocd-division/country:us/state:nj/sldu:39,NJ SD-39,R,Richard Miller,R,2009,17.0,0.6,Toss-up,True,False,defend,40,21,806450.0,725805.0,749143.0,674229.0,725805.0,685483.0,674229.0,636772.0,685483.0,645160.0,636772.0,599315.0,920022.0,"{""office"": ""NJ Senate District 39"", ""source"": ""mock"", ""candidates"": [{""name"": ""Richard Miller"", ""party"": ""R""}, {""name"": ""James Smith"", ""party"": ""D""}]}",Synthetic state-leg row — replace via OpenStates / FTM pipeline,mock
NJ-U-040,NJ,upper,40,ocd-division/country:us/state:nj/sldu:40,NJ SD-40,D,Susan Davis,D,2011,15.0,-9.0,Likely D,False,False,attack,40,21,759078.0,683170.0,716166.0,644549.0,683170.0,645216.0,644549.0,608741.0,645216.0,607263.0,608741.0,572933.0,695472.0,"{""office"": ""NJ Senate District 40"", ""source"": ""mock"", ""candidates"": [{""name"": ""Susan Davis"", ""party"": ""D""}, {""name"": ""Barbara Johnson"", ""party"": ""R""}]}",Synthetic state-leg row — replace via OpenStates / FTM pipeline,mock
NM-U-001,NM,upper,1,ocd-division/country:us/state:nm/sldu:1,NM SD-1,D,Joseph Rodriguez,D,2024,2.0,-1.0,Toss-up,True,False,attack,42,22,270801.0,243721.0,318722.0,286850.0,243721.0,230180.0,286850.0,270914.0,230180.0,216640.0,270914.0,254978.0,345292.0,"{""office"": ""NM Senate District 1"", ""source"": ""mock"", ""candidates"": [{""name"": ""Joseph Rodriguez"", ""party"": ""D""}, {""name"": ""William Jones"", ""party"": ""R""}]}",Synthetic state-leg row — replace via OpenStates / FTM pipeline,mock
NM-U-002,NM,upper,2,ocd-division/country:us/state:nm/sldu:2,NM SD-2,D,Jessica Martinez,D,2016,10.0,-3.6,Lean D,True,False,attack,42,22,608995.0,548096.0,661308.0,595177.0,548096.0,517646.0,595177.0,562112.0,517646.0,487196.0,562112.0,529046.0,696852.0,"{""office"": ""NM Senate District 2"", ""source"": ""mock"", ""candidates"": [{""name"": ""Jessica Martinez"", ""party"": ""D""}, {""name"": ""Linda Anderson"", ""party"": ""R""}]}",Synthetic state-leg row — replace via OpenStates / FTM pipeline,mock
NM-U-003,NM,upper,3,ocd-division/country:us/state:nm/sldu:3,NM SD-3,D,James Hernandez,D,2023,3.0,1.3,Toss-up,True,False,attack,42,22,271401.0,244261.0,345022.0,310520.0,244261.0,230691.0,310520.0,293269.0,230691.0,217121.0,293269.0,276018.0,358406.0,"{""office"": ""NM Senate District 3"", ""source"": ""mock"", ""candidates"": [{""name"": ""James Hernandez"", ""party"": ""D""}, {""name"": ""William Rodriguez"", ""party"": ""R""}]}",Synthetic state-leg row — replace via OpenStates / FTM pipeline,mock
NM-U-004,NM,upper,4,ocd-division/country:us/state:nm/sldu:4,NM SD-4,R,Mary Lopez,R,2008,18.0,0.8,Toss-up,True,False,defend,42,22,1001408.0,901267.0,876573.0,788916.0,901267.0,851196.0,788916.0,745087.0,851196.0,801126.0,745087.0,701258.0,1105326.0,"{""office"": ""NM Senate District 4"", ""source"": ""mock"", ""candidates"": [{""name"": ""Mary Lopez"", ""party"": ""R""}, {""name"": ""David Smith"", ""party"": ""D""}]}",Synthetic state-leg row — replace via OpenStates / FTM pipeline,mock
NM-U-005,NM,upper,5,ocd-division/country:us/state:nm/sldu:5,NM SD-5,D,Robert Wilson,D,2011,15.0,-5.6,Lean D,True,False,attack,42,22,1091513.0,982361.0,916808.0,825127.0,982361.0,927786.0,825127.0,779287.0,927786.0,873210.0,779287.0,733446.0,1044327.0,"{""office"": ""NM Senate District 5"", ""source"": ""mock"", ""candidates"": [{""name"": ""Robert Wilson"", ""party"": ""D""}, {""name"": ""Joseph Anderson"", ""party"": ""R""}]}",Synthetic state-leg row — replace via OpenStates / FTM pipeline,mock
NM-U-006,NM,upper,6,ocd-division/country:us/state:nm/sldu:6,NM SD-6,R,Patricia Anderson,R,2015,11.0,1.1,Toss-up,False,False,defend,42,22,655684.0,590116.0,469343.0,422409.0,590116.0,557332.0,422409.0,398942.0,557332.0,524547.0,398942.0,375475.0,657337.0,"{""office"": ""NM Senate District 6"", ""source"": ""mock"", ""candidates"": [{""name"": ""Patricia Anderson"", ""party"": ""R""}, {""name"": ""Michael Martinez"", ""party"": ""D""}]}",Synthetic state-leg row — replace via OpenStates / FTM pipeline,mock
NM-U-007,NM,upper,7,ocd-division/country:us/state:nm/sldu:7,NM SD-7,D,John Thomas,D,2015,11.0,-6.7,Lean D,True,False,attack,42,22,678957.0,611061.0,1149279.0,1034351.0,611061.0,577113.0,1034351.0,976887.0,577113.0,543165.0,976887.0,919423.0,921953.0,"{""office"": ""NM Senate District 7"", ""source"": ""mock"", ""candidates"": [{""name"": ""John Thomas"", ""party"": ""D""}, {""name"": ""Robert Jones"", ""party"": ""R""}]}",Synthetic state-leg row — replace via OpenStates / FTM pipeline,mock
NM-U-008,NM,upper,8,ocd-division/country:us/state:nm/sldu:8,NM SD-8,D,Jennifer Smith,D,2009,17.0,-8.0,Likely D,True,False,attack,42,22,400073.0,360066.0,499515.0,449564.0,360066.0,340062.0,449564.0,424588.0,340062.0,320059.0,424588.0,399612.0,436943.0,"{""office"": ""NM Senate District 8"", ""source"": ""mock"", ""candidates"": [{""name"": ""Jennifer Smith"", ""party"": ""D""}, {""name"": ""Richard Brown"", ""party"": ""R""}]}",Synthetic state-leg row — replace via OpenStates / FTM pipeline,mock
NM-U-009,NM,upper,9,ocd-division/country:us/state:nm/sldu:9,NM SD-9,R,Michael Johnson,R,2016,10.0,-1.8,Toss-up,True,False,defend,42,22,678943.0,611048.0,544796.0,490317.0,611048.0,577101.0,490317.0,463077.0,577101.0,543154.0,463077.0,435837.0,702776.0,"{""office"": ""NM Senate District 9"", ""source"": ""mock"", ""candidates"": [{""name"": ""Michael Johnson"", ""party"": ""R""}, {""name"": ""Barbara Anderson"", ""party"": ""D""}]}",Synthetic state-leg row — replace via OpenStates / FTM pipeline,mock
NM-U-010,NM,upper,10,ocd-division/country:us/state:nm/sldu:10,NM SD-10,D,Linda Williams,D,2011,15.0,-9.0,Likely D,True,False,attack,42,22,857809.0,772029.0,772974.0,695677.0,772029.0,729138.0,695677.0,657028.0,729138.0,686248.0,657028.0,618379.0,768798.0,"{""office"": ""NM Senate District 10"", ""source"": ""mock"", ""candidates"": [{""name"": ""Linda Williams"", ""party"": ""D""}, {""name"": ""Linda Davis"", ""party"": ""R""}]}",Synthetic state-leg row — replace via OpenStates / FTM pipeline,mock
NM-U-011,NM,upper,11,ocd-division/country:us/state:nm/sldu:11,NM SD-11,D,David Brown,D,2011,15.0,-3.6,Lean D,True,False,attack,42,22,695832.0,626248.0,771506.0,694355.0,626248.0,591457.0,694355.0,655780.0,591457.0,556665.0,655780.0,617205.0,804940.0,"{""office"": ""NM Senate District 11"", ""source"": ""mock"", ""candidates"": [{""name"": ""David Brown"", ""party"": ""D""}, {""name"": ""David Rodriguez"", ""party"": ""R""}]}",Synthetic state-leg row — replace via OpenStates / FTM pipeline,mock
NM-U-012,NM,upper,12,ocd-division/country:us/state:nm/sldu:12,NM SD-12,D,Elizabeth Jones,D,2015,11.0,-13.8,Likely D,True,False,attack,42,22,372986.0,335687.0,669876.0,602888.0,335687.0,317038.0,602888.0,569394.0,317038.0,298388.0,569394.0,535901.0,420124.0,"{""office"": ""NM Senate District 12"", ""source"": ""mock"", ""candidates"": [{""name"": ""Elizabeth Jones"", ""party"": ""D""}, {""name"": ""William Thomas"", ""party"": ""R""}]}",Synthetic state-leg row — replace via OpenStates / FTM pipeline,mock
NM-U-013,NM,upper,13,ocd-division/country:us/state:nm/sldu:13,NM SD-13,D,William Garcia,D,2018,8.0,-17.6,Likely D,True,False,safe,42,22,278131.0,250318.0,272557.0,245301.0,250318.0,236411.0,245301.0,231673.0,236411.0,222505.0,231673.0,218046.0,191954.0,"{""office"": ""NM Senate District 13"", ""source"": ""mock"", ""candidates"": [{""name"": ""William Garcia"", ""party"": ""D""}]}",Synthetic state-leg row — replace via OpenStates / FTM pipeline,mock
NM-U-014,NM,upper,14,ocd-division/country:us/state:nm/sldu:14,NM SD-14,R,Barbara Miller,R,2022,4.0,5.3,Lean R,True,False,defend,42,22,682185.0,613967.0,569169.0,512252.0,613967.0,579858.0,512252.0,483794.0,579858.0,545748.0,483794.0,455335.0,656067.0,"{""office"": ""NM Senate District 14"", ""source"": ""mock"", ""candidates"": [{""name"": ""Barbara Miller"", ""party"": ""R""}, {""name"": ""Barbara Anderson"", ""party"": ""D""}]}",Synthetic state-leg row — replace via OpenStates / FTM pipeline,mock
NM-U-015,NM,upper,15,ocd-division/country:us/state:nm/sldu:15,NM SD-15,R,Richard Davis,R,2010,16.0,13.7,Likely R,True,False,defend,42,22,416887.0,375198.0,418254.0,376428.0,375198.0,354354.0,376428.0,355516.0,354354.0,333510.0,355516.0,334603.0,337635.0,"{""office"": ""NM Senate District 15"", ""source"": ""mock"", ""candidates"": [{""name"": ""Richard Davis"", ""party"": ""R""}, {""name"": ""Mary Garcia"", ""party"": ""D""}]}",Synthetic state-leg row — replace via OpenStates / FTM pipeline,mock
NM-U-016,NM,upper,16,ocd-division/country:us/state:nm/sldu:16,NM SD-16,R,OPEN SEAT,,,0.0,17.6,Likely R,False,True,safe,42,22,370809.0,333728.0,275675.0,248107.0,333728.0,315187.0,248107.0,234324.0,315187.0,296647.0,234324.0,220540.0,225346.0,"{""office"": ""NM Senate District 16"", ""source"": ""mock"", ""candidates"": []}",Synthetic state-leg row — replace via OpenStates / FTM pipeline,mock
NM-U-017,NM,upper,17,ocd-division/country:us/state:nm/sldu:17,NM SD-17,D,Susan Rodriguez,D,2013,13.0,-22.6,Likely D,True,False,safe,42,22,93298.0,83968.0,143531.0,129178.0,83968.0,79303.0,129178.0,122001.0,79303.0,74638.0,122001.0,114825.0,65635.0,"{""office"": ""NM Senate District 17"", ""source"": ""mock"", ""candidates"": [{""name"": ""Susan Rodriguez"", ""party"": ""D""}]}",Synthetic state-leg row — replace via OpenStates / FTM pipeline,mock
NM-U-018,NM,upper,18,ocd-division/country:us/state:nm/sldu:18,NM SD-18,D,Joseph Martinez,D,2009,17.0,-9.0,Likely D,True,False,attack,42,22,540268.0,486241.0,873677.0,786310.0,486241.0,459228.0,786310.0,742626.0,459228.0,432214.0,742626.0,698942.0,666574.0,"{""office"": ""NM Senate District 18"", ""source"": ""mock"", ""candidates"": [{""name"": ""Joseph Martinez"", ""party"": ""D""}, {""name"": ""Elizabeth Thomas"", ""party"": ""R""}]}",Synthetic state-leg row — replace via OpenStates / FTM pipeline,mock
NM-U-019,NM,upper,19,ocd-division/country:us/state:nm/sldu:19,NM SD-19,R,Jessica Hernandez,R,2024,2.0,5.5,Lean R,True,False,defend,42,22,259544.0,233590.0,162937.0,146643.0,233590.0,220613.0,146643.0,138496.0,220613.0,207636.0,138496.0,130349.0,220294.0,"{""office"": ""NM Senate District 19"", ""source"": ""mock"", ""candidates"": [{""name"": ""Jessica Hernandez"", ""party"": ""R""}, {""name"": ""Richard Johnson"", ""party"": ""D""}]}",Synthetic state-leg row — replace via OpenStates / FTM pipeline,mock
NM-U-020,NM,upper,20,ocd-division/country:us/state:nm/sldu:20,NM SD-20,R,James Lopez,R,2016,10.0,5.7,Lean R,True,False,defend,42,22,451119.0,406007.0,503015.0,452714.0,406007.0,383451.0,452714.0,427563.0,383451.0,360895.0,427563.0,402412.0,494787.0,"{""office"": ""NM Senate District 20"", ""source"": ""mock"", ""candidates"": [{""name"": ""James Lopez"", ""party"": ""R""}, {""name"": ""Joseph Jones"", ""party"": ""D""}]}",Synthetic state-leg row — replace via OpenStates / FTM pipeline,mock
NM-U-021,NM,upper,21,ocd-division/country:us/state:nm/sldu:21,NM SD-21,D,Mary Wilson,D,2014,12.0,-22.4,Likely D,True,False,safe,42,22,146998.0,132298.0,245252.0,220727.0,132298.0,124948.0,220727.0,208464.0,124948.0,117598.0,208464.0,196201.0,109830.0,"{""office"": ""NM Senate District 21"", ""source"": ""mock"", ""candidates"": [{""name"": ""Mary Wilson"", ""party"": ""D""}]}",Synthetic state-leg row — replace via OpenStates / FTM pipeline,mock
NM-U-022,NM,upper,22,ocd-division/country:us/state:nm/sldu:22,NM SD-22,R,Robert Anderson,R,2020,6.0,6.1,Lean R,True,False,defend,42,22,528053.0,475248.0,483698.0,435328.0,475248.0,448845.0,435328.0,411144.0,448845.0,422442.0,411144.0,386959.0,518884.0,"{""office"": ""NM Senate District 22"", ""source"": ""mock"", ""candidates"": [{""name"": ""Robert Anderson"", ""party"": ""R""}, {""name"": ""Patricia Miller"", ""party"": ""D""}]}",Synthetic state-leg row — replace via OpenStates / FTM pipeline,mock
NM-U-023,NM,upper,23,ocd-division/country:us/state:nm/sldu:23,NM SD-23,D,Patricia Thomas,D,2008,18.0,-8.4,Likely D,True,False,attack,42,22,885948.0,797353.0,1018792.0,916912.0,797353.0,753056.0,916912.0,865973.0,753056.0,708759.0,865973.0,815033.0,914275.0,"{""office"": ""NM Senate District 23"", ""source"": ""mock"", ""candidates"": [{""name"": ""Patricia Thomas"", ""party"": ""D""}, {""name"": ""Elizabeth Davis"", ""party"": ""R""}]}",Synthetic state-leg row — replace via OpenStates / FTM pipeline,mock
NM-U-024,NM,upper,24,ocd-division/country:us/state:nm/sldu:24,NM SD-24,R,John Smith,R,2010,16.0,6.1,Lean R,True,False,defend,42,22,791812.0,712631.0,489572.0,440615.0,712631.0,673040.0,440615.0,416136.0,673040.0,633450.0,416136.0,391658.0,657167.0,"{""office"": ""NM Senate District 24"", ""source"": ""mock"", ""candidates"": [{""name"": ""John Smith"", ""party"": ""R""}, {""name"": ""Susan Williams"", ""party"": ""D""}]}",Synthetic state-leg row — replace via OpenStates / FTM pipeline,mock
NM-U-025,NM,upper,25,ocd-division/country:us/state:nm/sldu:25,NM SD-25,D,Jennifer Johnson,D,2017,9.0,-10.5,Likely D,True,False,attack,42,22,450624.0,405562.0,490197.0,441178.0,405562.0,383031.0,441178.0,416668.0,383031.0,360500.0,416668.0,392158.0,423370.0,"{""office"": ""NM Senate District 25"", ""source"": ""mock"", ""candidates"": [{""name"": ""Jennifer Johnson"", ""party"": ""D""}, {""name"": ""Richard Wilson"", ""party"": ""R""}]}",Synthetic state-leg row — replace via OpenStates / FTM pipeline,mock
NM-U-026,NM,upper,26,ocd-division/country:us/state:nm/sldu:26,NM SD-26,D,Michael Williams,D,2023,3.0,-25.2,Likely D,True,False,safe,42,22,145392.0,130853.0,260214.0,234192.0,130853.0,123584.0,234192.0,221182.0,123584.0,116314.0,221182.0,208171.0,100590.0,"{""office"": ""NM Senate District 26"", ""source"": ""mock"", ""candidates"": [{""name"": ""Michael Williams"", ""party"": ""D""}]}",Synthetic state-leg row — replace via OpenStates / FTM pipeline,mock
NM-U-027,NM,upper,27,ocd-division/country:us/state:nm/sldu:27,NM SD-27,D,Linda Brown,D,2019,7.0,-21.2,Likely D,True,False,safe,42,22,131476.0,118328.0,181389.0,163250.0,118328.0,111754.0,163250.0,154180.0,111754.0,105181.0,154180.0,145111.0,92965.0,"{""office"": ""NM Senate District 27"", ""source"": ""mock"", ""candidates"": [{""name"": ""Linda Brown"", ""party"": ""D""}]}",Synthetic state-leg row — replace via OpenStates / FTM pipeline,mock
NM-U-028,NM,upper,28,ocd-division/country:us/state:nm/sldu:28,NM SD-28,D,David Jones,D,2018,8.0,-0.2,Toss-up,False,False,attack,42,22,863979.0,777581.0,1418466.0,1276619.0,777581.0,734382.0,1276619.0,1205696.0,734382.0,691183.0,1205696.0,1134773.0,1362945.0,"{""office"": ""NM Senate District 28"", ""source"": ""mock"", ""candidates"": [{""name"": ""David Jones"", ""party"": ""D""}, {""name"": ""Michael Anderson"", ""party"": ""R""}]}",Synthetic state-leg row — replace via OpenStates / FTM pipeline,mock
NM-U-029,NM,upper,29,ocd-division/country:us/state:nm/sldu:29,NM SD-29,D,Elizabeth Garcia,D,2015,11.0,-27.6,Likely D,True,False,safe,42,22,158522.0,142670.0,174019.0,156617.0,142670.0,134744.0,156617.0,147916.0,134744.0,126818.0,147916.0,139215.0,82470.0,"{""office"": ""NM Senate District 29"", ""source"": ""mock"", ""candidates"": [{""name"": ""Elizabeth Garcia"", ""party"": ""D""}, {""name"": ""Susan Garcia"", ""party"": ""R""}]}",Synthetic state-leg row — replace via OpenStates / FTM pipeline,mock
NM-U-030,NM,upper,30,ocd-division/country:us/state:nm/sldu:30,NM SD-30,D,William Miller,D,2019,7.0,-8.1,Likely D,True,False,attack,42,22,545043.0,490539.0,801977.0,721779.0,490539.0,463287.0,721779.0,681680.0,463287.0,436034.0,681680.0,641582.0,652343.0,"{""office"": ""NM Senate District 30"", ""source"": ""mock"", ""candidates"": [{""name"": ""William Miller"", ""party"": ""D""}, {""name"": ""David Wilson"", ""party"": ""R""}]}",Synthetic state-leg row — replace via OpenStates / FTM pipeline,mock
NM-U-031,NM,upper,31,ocd-division/country:us/state:nm/sldu:31,NM SD-31,D,Barbara Davis,D,2022,4.0,-5.6,Lean D,True,False,attack,42,22,340677.0,306610.0,507026.0,456323.0,306610.0,289576.0,456323.0,430972.0,289576.0,272542.0,430972.0,405621.0,440806.0,"{""office"": ""NM Senate District 31"", ""source"": ""mock"", ""candidates"": [{""name"": ""Barbara Davis"", ""party"": ""D""}, {""name"": ""James Johnson"", ""party"": ""R""}]}",Synthetic state-leg row — replace via OpenStates / FTM pipeline,mock
NM-U-032,NM,upper,32,ocd-division/country:us/state:nm/sldu:32,NM SD-32,D,Richard Rodriguez,D,2010,16.0,-3.0,Lean D,True,False,attack,42,22,369864.0,332878.0,382809.0,344528.0,332878.0,314385.0,344528.0,325388.0,314385.0,295891.0,325388.0,306247.0,419347.0,"{""office"": ""NM Senate District 32"", ""source"": ""mock"", ""candidates"": [{""name"": ""Richard Rodriguez"", ""party"": ""D""}, {""name"": ""Elizabeth Miller"", ""party"": ""R""}]}",Synthetic state-leg row — replace via OpenStates / FTM pipeline,mock
NM-U-033,NM,upper,33,ocd-division/country:us/state:nm/sldu:33,NM SD-33,D,Susan Martinez,D,2015,11.0,0.8,Toss-up,True,False,attack,42,22,863443.0,777099.0,751525.0,676373.0,777099.0,733926.0,676373.0,638796.0,733926.0,690754.0,638796.0,601220.0,950524.0,"{""office"": ""NM Senate District 33"", ""source"": ""mock"", ""candidates"": [{""name"": ""Susan Martinez"", ""party"": ""D""}, {""name"": ""John Johnson"", ""party"": ""R""}]}",Synthetic state-leg row — replace via OpenStates / FTM pipeline,mock
NM-U-034,NM,upper,34,ocd-division/country:us/state:nm/sldu:34,NM SD-34,R,Joseph Hernandez,R,2024,2.0,12.6,Likely R,True,False,defend,42,22,176551.0,158895.0,162816.0,146534.0,158895.0,150068.0,146534.0,138393.0,150068.0,141240.0,138393.0,130253.0,142534.0,"{""office"": ""NM Senate District 34"", ""source"": ""mock"", ""candidates"": [{""name"": ""Joseph Hernandez"", ""party"": ""R""}, {""name"": ""Joseph Martinez"", ""party"": ""D""}]}",Synthetic state-leg row — replace via OpenStates / FTM pipeline,mock
NM-U-035,NM,upper,35,ocd-division/country:us/state:nm/sldu:35,NM SD-35,R,Jessica Lopez,R,2023,3.0,-3.0,Lean D,True,False,defend,42,22,980312.0,882281.0,896258.0,806633.0,882281.0,833265.0,806633.0,761820.0,833265.0,784250.0,761820.0,717007.0,1045518.0,"{""office"": ""NM Senate District 35"", ""source"": ""mock"", ""candidates"": [{""name"": ""Jessica Lopez"", ""party"": ""R""}, {""name"": ""David Miller"", ""party"": ""D""}]}",Synthetic state-leg row — replace via OpenStates / FTM pipeline,mock
NM-U-036,NM,upper,36,ocd-division/country:us/state:nm/sldu:36,NM SD-36,D,James Wilson,D,2013,13.0,-6.7,Lean D,True,False,attack,42,22,861847.0,775662.0,1049414.0,944473.0,775662.0,732570.0,944473.0,892002.0,732570.0,689477.0,892002.0,839531.0,963822.0,"{""office"": ""NM Senate District 36"", ""source"": ""mock"", ""candidates"": [{""name"": ""James Wilson"", ""party"": ""D""}, {""name"": ""John Hernandez"", ""party"": ""R""}]}",Synthetic state-leg row — replace via OpenStates / FTM pipeline,mock
NM-U-037,NM,upper,37,ocd-division/country:us/state:nm/sldu:37,NM SD-37,R,OPEN SEAT,,,0.0,3.4,Lean R,False,True,defend,42,22,884524.0,796072.0,820885.0,738796.0,796072.0,751846.0,738796.0,697752.0,751846.0,707619.0,697752.0,656708.0,940411.0,"{""office"": ""NM Senate District 37"", ""source"": ""mock"", ""candidates"": [{""name"": ""John Rodriguez"", ""party"": ""D""}]}",Synthetic state-leg row — replace via OpenStates / FTM pipeline,mock
NM-U-038,NM,upper,38,ocd-division/country:us/state:nm/sldu:38,NM SD-38,D,Mary Anderson,D,2017,9.0,1.8,Toss-up,True,False,attack,42,22,561551.0,505396.0,577817.0,520036.0,505396.0,477318.0,520036.0,491145.0,477318.0,449241.0,491145.0,462254.0,654323.0,"{""office"": ""NM Senate District 38"", ""source"": ""mock"", ""candidates"": [{""name"": ""Mary Anderson"", ""party"": ""D""}, {""name"": ""Barbara Thomas"", ""party"": ""R""}]}",Synthetic state-leg row — replace via OpenStates / FTM pipeline,mock
NM-U-039,NM,upper,39,ocd-division/country:us/state:nm/sldu:39,NM SD-39,D,Robert Thomas,D,2023,3.0,-13.2,Likely D,True,False,attack,42,22,415264.0,373737.0,515972.0,464375.0,373737.0,352974.0,464375.0,438576.0,352974.0,332211.0,438576.0,412778.0,383137.0,"{""office"": ""NM Senate District 39"", ""source"": ""mock"", ""candidates"": [{""name"": ""Robert Thomas"", ""party"": ""D""}, {""name"": ""Joseph Lopez"", ""party"": ""R""}]}",Synthetic state-leg row — replace via OpenStates / FTM pipeline,mock
NM-U-040,NM,upper,40,ocd-division/country:us/state:nm/sldu:40,NM SD-40,R,Patricia Smith,R,2009,17.0,-1.5,Toss-up,True,False,defend,42,22,478204.0,430383.0,372233.0,335010.0,430383.0,406473.0,335010.0,316398.0,406473.0,382563.0,316398.0,297786.0,492038.0,"{""office"": ""NM Senate District 40"", ""source"": ""mock"", ""candidates"": [{""name"": ""Patricia Smith"", ""party"": ""R""}, {""name"": ""Elizabeth Johnson"", ""party"": ""D""}]}",Synthetic state-leg row — replace via OpenStates / FTM pipeline,mock
NM-U-041,NM,upper,41,ocd-division/country:us/state:nm/sldu:41,NM SD-41,D,John Johnson,D,2011,15.0,-5.0,Lean D,True,False,attack,42,22,500422.0,450380.0,860372.0,774335.0,450380.0,425359.0,774335.0,731316.0,425359.0,400338.0,731316.0,688298.0,719277.0,"{""office"": ""NM Senate District 41"", ""source"": ""mock"", ""candidates"": [{""name"": ""John Johnson"", ""party"": ""D""}, {""name"": ""Barbara Garcia"", ""party"": ""R""}]}",Synthetic state-leg row — replace via OpenStates / FTM pipeline,mock
NM-U-042,NM,upper,42,ocd-division/country:us/state:nm/sldu:42,NM SD-42,R,Jennifer Williams,R,2022,4.0,5.1,Lean R,True,False,defend,42,22,519635.0,467671.0,699165.0,629249.0,467671.0,441689.0,629249.0,594290.0,441689.0,415708.0,594290.0,559332.0,642482.0,"{""office"": ""NM Senate District 42"", ""source"": ""mock"", ""candidates"": [{""name"": ""Jennifer Williams"", ""party"": ""R""}, {""name"": ""Patricia Brown"", ""party"": ""D""}]}",Synthetic state-leg row — replace via OpenStates / FTM pipeline,mock
NV-U-001,NV,upper,1,ocd-division/country:us/state:nv/sldu:1,NV SD-1,D,Michael Brown,D,2021,5.0,-5.3,Lean D,True,False,attack,21,11,283261.0,254935.0,352347.0,317112.0,254935.0,240771.0,317112.0,299495.0,240771.0,226608.0,299495.0,281877.0,333240.0,"{""office"": ""NV Senate District 1"", ""source"": ""mock"", ""candidates"": [{""name"": ""Michael Brown"", ""party"": ""D""}, {""name"": ""Linda Rodriguez"", ""party"": ""R""}]}",Synthetic state-leg row — replace via OpenStates / FTM pipeline,mock
NV-U-002,NV,upper,2,ocd-division/country:us/state:nv/sldu:2,NV SD-2,R,Linda Jones,R,2023,3.0,-4.5,Lean D,True,False,defend,21,11,959722.0,863749.0,856531.0,770878.0,863749.0,815763.0,770878.0,728051.0,815763.0,767777.0,728051.0,685225.0,972993.0,"{""office"": ""NV Senate District 2"", ""source"": ""mock"", ""candidates"": [{""name"": ""Linda Jones"", ""party"": ""R""}, {""name"": ""Jessica Hernandez"", ""party"": ""D""}]}",Synthetic state-leg row — replace via OpenStates / FTM pipeline,mock
NV-U-003,NV,upper,3,ocd-division/country:us/state:nv/sldu:3,NV SD-3,R,David Garcia,R,2021,5.0,7.1,Likely R,True,False,defend,21,11,324809.0,292329.0,332169.0,298952.0,292329.0,276088.0,298952.0,282344.0,276088.0,259848.0,282344.0,265735.0,327551.0,"{""office"": ""NV Senate District 3"", ""source"": ""mock"", ""candidates"": [{""name"": ""David Garcia"", ""party"": ""R""}, {""name"": ""Robert Jones"", ""party"": ""D""}]}",Synthetic state-leg row — replace via OpenStates / FTM pipeline,mock
NV-U-004,NV,upper,4,ocd-division/country:us/state:nv/sldu:4,NV SD-4,D,Elizabeth Miller,D,2023,3.0,-6.7,Lean D,True,False,attack,21,11,490495.0,441446.0,517962.0,466166.0,441446.0,416921.0,466166.0,440268.0,416921.0,392396.0,440268.0,414370.0,508551.0,"{""office"": ""NV Senate District 4"", ""source"": ""mock"", ""candidates"": [{""name"": ""Elizabeth Miller"", ""party"": ""D""}, {""name"": ""Richard Wilson"", ""party"": ""R""}]}",Synthetic state-leg row — replace via OpenStates / FTM pipeline,mock
NV-U-005,NV,upper,5,ocd-division/country:us/state:nv/sldu:5,NV SD-5,R,William Davis,R,2022,4.0,7.6,Likely R,True,False,defend,21,11,234651.0,211186.0,148226.0,133404.0,211186.0,199454.0,133404.0,125992.0,199454.0,187721.0,125992.0,118581.0,188157.0,"{""office"": ""NV Senate District 5"", ""source"": ""mock"", ""candidates"": [{""name"": ""William Davis"", ""party"": ""R""}, {""name"": ""Robert Johnson"", ""party"": ""D""}]}",Synthetic state-leg row — replace via OpenStates / FTM pipeline,mock
NV-U-006,NV,upper,6,ocd-division/country:us/state:nv/sldu:6,NV SD-6,D,Barbara Rodriguez,D,2020,6.0,-14.3,Likely D,True,False,safe,21,11,254859.0,229373.0,278533.0,250679.0,229373.0,216630.0,250679.0,236753.0,216630.0,203887.0,236753.0,222826.0,211071.0,"{""office"": ""NV Senate District 6"", ""source"": ""mock"", ""candidates"": [{""name"": ""Barbara Rodriguez"", ""party"": ""D""}, {""name"": ""Richard Johnson"", ""party"": ""R""}]}",Synthetic state-leg row — replace via OpenStates / FTM pipeline,mock
NV-U-007,NV,upper,7,ocd-division/country:us/state:nv/sldu:7,NV SD-7,D,Richard Martinez,D,2008,18.0,-12.3,Likely D,True,False,attack,21,11,329800.0,296820.0,297838.0,268054.0,296820.0,280330.0,268054.0,253162.0,280330.0,263840.0,253162.0,238270.0,266298.0,"{""office"": ""NV Senate District 7"", ""source"": ""mock"", ""candidates"": [{""name"": ""Richard Martinez"", ""party"": ""D""}, {""name"": ""Barbara Thomas"", ""party"": ""R""}]}",Synthetic state-leg row — replace via OpenStates / FTM pipeline,mock
NV-U-008,NV,upper,8,ocd-division/country:us/state:nv/sldu:8,NV SD-8,D,Susan Hernandez,D,2019,7.0,-15.3,Likely D,True,False,safe,21,11,367677.0,330909.0,324892.0,292403.0,330909.0,312525.0,292403.0,276159.0,312525.0,294141.0,276159.0,259914.0,264166.0,"{""office"": ""NV Senate District 8"", ""source"": ""mock"", ""candidates"": [{""name"": ""Susan Hernandez"", ""party"": ""D""}]}",Synthetic state-leg row — replace via OpenStates / FTM pipeline,mock
NV-U-009,NV,upper,9,ocd-division/country:us/state:nv/sldu:9,NV SD-9,D,Joseph Lopez,D,2022,4.0,-1.6,Toss-up,True,False,attack,21,11,249009.0,224108.0,352449.0,317204.0,224108.0,211658.0,317204.0,299581.0,211658.0,199207.0,299581.0,281959.0,347127.0,"{""office"": ""NV Senate District 9"", ""source"": ""mock"", ""candidates"": [{""name"": ""Joseph Lopez"", ""party"": ""D""}, {""name"": ""Joseph Rodriguez"", ""party"": ""R""}]}",Synthetic state-leg row — replace via OpenStates / FTM pipeline,mock
NV-U-010,NV,upper,10,ocd-division/country:us/state:nv/sldu:10,NV SD-10,R,Jessica Wilson,R,2018,8.0,4.7,Lean R,True,False,defend,21,11,623580.0,561222.0,527800.0,475020.0,561222.0,530043.0,475020.0,448630.0,530043.0,498864.0,448630.0,422240.0,613522.0,"{""office"": ""NV Senate District 10"", ""source"": ""mock"", ""candidates"": [{""name"": ""Jessica Wilson"", ""party"": ""R""}, {""name"": ""Patricia Hernandez"", ""party"": ""D""}]}",Synthetic state-leg row — replace via OpenStates / FTM pipeline,mock
NV-U-011,NV,upper,11,ocd-division/country:us/state:nv/sldu:11,NV SD-11,R,James Anderson,R,2018,8.0,10.1,Likely R,True,False,defend,21,11,184319.0,165888.0,150617.0,135555.0,165888.0,156672.0,135555.0,128024.0,156672.0,147456.0,128024.0,120493.0,152635.0,"{""office"": ""NV Senate District 11"", ""source"": ""mock"", ""candidates"": [{""name"": ""James Anderson"", ""party"": ""R""}, {""name"": ""Robert Thomas"", ""party"": ""D""}]}",Synthetic state-leg row — replace via OpenStates / FTM pipeline,mock
NV-U-012,NV,upper,12,ocd-division/country:us/state:nv/sldu:12,NV SD-12,R,Mary Thomas,R,2014,12.0,9.8,Likely R,True,False,defend,21,11,643097.0,578788.0,530796.0,477716.0,578788.0,546633.0,477716.0,451177.0,546633.0,514478.0,451177.0,424637.0,539991.0,"{""office"": ""NV Senate District 12"", ""source"": ""mock"", ""candidates"": [{""name"": ""Mary Thomas"", ""party"": ""R""}, {""name"": ""Robert Miller"", ""party"": ""D""}]}",Synthetic state-leg row — replace via OpenStates / FTM pipeline,mock
NV-U-013,NV,upper,13,ocd-division/country:us/state:nv/sldu:13,NV SD-13,D,Robert Smith,D,2016,10.0,-8.3,Likely D,True,False,attack,21,11,170631.0,153568.0,227496.0,204747.0,153568.0,145037.0,204747.0,193372.0,145037.0,136505.0,193372.0,181997.0,191670.0,"{""office"": ""NV Senate District 13"", ""source"": ""mock"", ""candidates"": [{""name"": ""Robert Smith"", ""party"": ""D""}, {""name"": ""Mary Davis"", ""party"": ""R""}]}",Synthetic state-leg row — replace via OpenStates / FTM pipeline,mock
NV-U-014,NV,upper,14,ocd-division/country:us/state:nv/sldu:14,NV SD-14,D,Patricia Johnson,D,2022,4.0,-11.9,Likely D,True,False,attack,21,11,219336.0,197402.0,241888.0,217699.0,197402.0,186436.0,217699.0,205605.0,186436.0,175469.0,205605.0,193510.0,198326.0,"{""office"": ""NV Senate District 14"", ""source"": ""mock"", ""candidates"": [{""name"": ""Patricia Johnson"", ""party"": ""D""}, {""name"": ""Barbara Anderson"", ""party"": ""R""}]}",Synthetic state-leg row — replace via OpenStates / FTM pipeline,mock
NV-U-015,NV,upper,15,ocd-division/country:us/state:nv/sldu:15,NV SD-15,R,John Williams,R,2012,14.0,6.7,Lean R,True,False,defend,21,11,518232.0,466409.0,296559.0,266903.0,466409.0,440497.0,266903.0,252075.0,440497.0,414586.0,252075.0,237247.0,410887.0,"{""office"": ""NV Senate District 15"", ""source"": ""mock"", ""candidates"": [{""name"": ""John Williams"", ""party"": ""R""}, {""name"": ""Linda Wilson"", ""party"": ""D""}]}",Synthetic state-leg row — replace via OpenStates / FTM pipeline,mock
NV-U-016,NV,upper,16,ocd-division/country:us/state:nv/sldu:16,NV SD-16,D,Jennifer Brown,D,2021,5.0,-8.4,Likely D,True,False,attack,21,11,466879.0,420191.0,481614.0,433453.0,420191.0,396847.0,433453.0,409372.0,396847.0,373503.0,409372.0,385292.0,455277.0,"{""office"": ""NV Senate District 16"", ""source"": ""mock"", ""candidates"": [{""name"": ""Jennifer Brown"", ""party"": ""D""}, {""name"": ""Robert Martinez"", ""party"": ""R""}]}",Synthetic state-leg row — replace via OpenStates / FTM pipeline,mock
NV-U-017,NV,upper,17,ocd-division/country:us/state:nv/sldu:17,NV SD-17,R,Michael Jones,R,2018,8.0,-1.7,Toss-up,True,False,defend,21,11,617331.0,555598.0,353804.0,318424.0,555598.0,524731.0,318424.0,300733.0,524731.0,493865.0,300733.0,283043.0,559096.0,"{""office"": ""NV Senate District 17"", ""source"": ""mock"", ""candidates"": [{""name"": ""Michael Jones"", ""party"": ""R""}, {""name"": ""Elizabeth Jones"", ""party"": ""D""}]}",Synthetic state-leg row — replace via OpenStates / FTM pipeline,mock
NV-U-018,NV,upper,18,ocd-division/country:us/state:nv/sldu:18,NV SD-18,R,Linda Garcia,R,2022,4.0,-2.5,Lean D,True,False,defend,21,11,317396.0,285657.0,354401.0,318961.0,285657.0,269787.0,318961.0,301241.0,269787.0,253917.0,301241.0,283521.0,379086.0,"{""office"": ""NV Senate District 18"", ""source"": ""mock"", ""candidates"": [{""name"": ""Linda Garcia"", ""party"": ""R""}, {""name"": ""David Rodriguez"", ""party"": ""D""}]}",Synthetic state-leg row — replace via OpenStates / FTM pipeline,mock
NV-U-019,NV,upper,19,ocd-division/country:us/state:nv/sldu:19,NV SD-19,R,David Miller,R,2024,2.0,10.7,Likely R,True,False,defend,21,11,363176.0,326858.0,285622.0,257060.0,326858.0,308700.0,257060.0,242779.0,308700.0,290541.0,242779.0,228498.0,290106.0,"{""office"": ""NV Senate District 19"", ""source"": ""mock"", ""candidates"": [{""name"": ""David Miller"", ""party"": ""R""}, {""name"": ""Robert Thomas"", ""party"": ""D""}]}",Synthetic state-leg row — replace via OpenStates / FTM pipeline,mock
NV-U-020,NV,upper,20,ocd-division/country:us/state:nv/sldu:20,NV SD-20,D,Elizabeth Davis,D,2014,12.0,-10.1,Likely D,True,False,attack,21,11,220125.0,198113.0,315869.0,284282.0,198113.0,187106.0,284282.0,268489.0,187106.0,176100.0,268489.0,252695.0,244260.0,"{""office"": ""NV Senate District 20"", ""source"": ""mock"", ""candidates"": [{""name"": ""Elizabeth Davis"", ""party"": ""D""}, {""name"": ""John Hernandez"", ""party"": ""R""}]}",Synthetic state-leg row — replace via OpenStates / FTM pipeline,mock
NV-U-021,NV,upper,21,ocd-division/country:us/state:nv/sldu:21,NV SD-21,R,William Rodriguez,R,2008,18.0,0.3,Toss-up,True,False,defend,21,11,920408.0,828367.0,1092035.0,982832.0,828367.0,782346.0,982832.0,928230.0,782346.0,736326.0,928230.0,873628.0,1198841.0,"{""office"": ""NV Senate District 21"", ""source"": ""mock"", ""candidates"": [{""name"": ""William Rodriguez"", ""party"": ""R""}, {""name"": ""William Martinez"", ""party"": ""D""}]}",Synthetic state-leg row — replace via OpenStates / FTM pipeline,mock
NY-U-001,NY,upper,1,ocd-division/country:us/state:ny/sldu:1,NY SD-1,D,Barbara Martinez,D,2023,3.0,-6.6,Lean D,True,False,attack,63,32,890689.0,801620.0,695263.0,625736.0,801620.0,757085.0,625736.0,590973.0,757085.0,712551.0,590973.0,556210.0,802038.0,"{""office"": ""NY Senate District 1"", ""source"": ""mock"", ""candidates"": [{""name"": ""Barbara Martinez"", ""party"": ""D""}, {""name"": ""Richard Martinez"", ""party"": ""R""}]}",Synthetic state-leg row — replace via OpenStates / FTM pipeline,mock
NY-U-002,NY,upper,2,ocd-division/country:us/state:ny/sldu:2,NY SD-2,D,Richard Hernandez,D,2008,18.0,-4.8,Lean D,True,False,attack,63,32,298790.0,268911.0,486342.0,437708.0,268911.0,253972.0,437708.0,413391.0,253972.0,239032.0,413391.0,389074.0,417242.0,"{""office"": ""NY Senate District 2"", ""source"": ""mock"", ""candidates"": [{""name"": ""Richard Hernandez"", ""party"": ""D""}, {""name"": ""Michael Garcia"", ""party"": ""R""}]}",Synthetic state-leg row — replace via OpenStates / FTM pipeline,mock
NY-U-003,NY,upper,3,ocd-division/country:us/state:ny/sldu:3,NY SD-3,R,OPEN SEAT,,,0.0,-1.3,Toss-up,False,True,defend,63,32,807973.0,727176.0,826093.0,743484.0,727176.0,686777.0,743484.0,702179.0,686777.0,646379.0,702179.0,660875.0,950093.0,"{""office"": ""NY Senate District 3"", ""source"": ""mock"", ""candidates"": [{""name"": ""Barbara Garcia"", ""party"": ""D""}]}",Synthetic state-leg row — replace via OpenStates / FTM pipeline,mock
NY-U-004,NY,upper,4,ocd-division/country:us/state:ny/sldu:4,NY SD-4,D,Susan Lopez,D,2022,4.0,-8.0,Likely D,True,False,attack,63,32,501089.0,450980.0,582680.0,524412.0,450980.0,425925.0,524412.0,495278.0,425925.0,400871.0,495278.0,466144.0,526402.0,"{""office"": ""NY Senate District 4"", ""source"": ""mock"", ""candidates"": [{""name"": ""Susan Lopez"", ""party"": ""D""}, {""name"": ""David Davis"", ""party"": ""R""}]}",Synthetic state-leg row — replace via OpenStates / FTM pipeline,mock
NY-U-005,NY,upper,5,ocd-division/country:us/state:ny/sldu:5,NY SD-5,D,Joseph Wilson,D,2010,16.0,-2.7,Lean D,True,False,attack,63,32,330659.0,297593.0,405921.0,365329.0,297593.0,281060.0,365329.0,345033.0,281060.0,264528.0,345033.0,324737.0,413537.0,"{""office"": ""NY Senate District 5"", ""source"": ""mock"", ""candidates"": [{""name"": ""Joseph Wilson"", ""party"": ""D""}, {""name"": ""Jennifer Hernandez"", ""party"": ""R""}]}",Synthetic state-leg row — replace via OpenStates / FTM pipeline,mock
NY-U-006,NY,upper,6,ocd-division/country:us/state:ny/sldu:6,NY SD-6,D,Jessica Anderson,D,2020,6.0,-2.0,Lean D,True,False,attack,63,32,377833.0,340049.0,316556.0,284900.0,340049.0,321158.0,284900.0,269073.0,321158.0,302266.0,269073.0,253245.0,396794.0,"{""office"": ""NY Senate District 6"", ""source"": ""mock"", ""candidates"": [{""name"": ""Jessica Anderson"", ""party"": ""D""}, {""name"": ""William Smith"", ""party"": ""R""}]}",Synthetic state-leg row — replace via OpenStates / FTM pipeline,mock
NY-U-007,NY,upper,7,ocd-division/country:us/state:ny/sldu:7,NY SD-7,D,James Thomas,D,2017,9.0,-4.1,Lean D,False,False,attack,63,32,537909.0,484118.0,863902.0,777512.0,484118.0,457222.0,777512.0,734317.0,457222.0,430327.0,734317.0,691122.0,758980.0,"{""office"": ""NY Senate District 7"", ""source"": ""mock"", ""candidates"": [{""name"": ""James Thomas"", ""party"": ""D""}, {""name"": ""David Hernandez"", ""party"": ""R""}]}",Synthetic state-leg row — replace via OpenStates / FTM pipeline,mock
NY-U-008,NY,upper,8,ocd-division/country:us/state:ny/sldu:8,NY SD-8,D,OPEN SEAT,,,0.0,-12.2,Likely D,False,True,attack,63,32,437490.0,393741.0,419420.0,377478.0,393741.0,371867.0,377478.0,356507.0,371867.0,349992.0,356507.0,335536.0,364799.0,"{""office"": ""NY Senate District 8"", ""source"": ""mock"", ""candidates"": [{""name"": ""Michael Wilson"", ""party"": ""R""}]}",Synthetic state-leg row — replace via OpenStates / FTM pipeline,mock
NY-U-009,NY,upper,9,ocd-division/country:us/state:ny/sldu:9,NY SD-9,D,Mary Smith,D,2018,8.0,-13.4,Likely D,True,False,attack,63,32,473912.0,426521.0,788317.0,709486.0,426521.0,402826.0,709486.0,670070.0,402826.0,379130.0,670070.0,630654.0,515711.0,"{""office"": ""NY Senate District 9"", ""source"": ""mock"", ""candidates"": [{""name"": ""Mary Smith"", ""party"": ""D""}, {""name"": ""Robert Williams"", ""party"": ""R""}]}",Synthetic state-leg row — replace via OpenStates / FTM pipeline,mock
NY-U-010,NY,upper,10,ocd-division/country:us/state:ny/sldu:10,NY SD-10,D,Robert Johnson,D,2018,8.0,-14.8,Likely D,True,False,safe,63,32,166335.0,149701.0,244294.0,219865.0,149701.0,141385.0,219865.0,207650.0,141385.0,133068.0,207650.0,195435.0,159559.0,"{""office"": ""NY Senate District 10"", ""source"": ""mock"", ""candidates"": [{""name"": ""Robert Johnson"", ""party"": ""D""}]}",Synthetic state-leg row — replace via OpenStates / FTM pipeline,mock
NY-U-011,NY,upper,11,ocd-division/country:us/state:ny/sldu:11,NY SD-11,D,Patricia Williams,D,2016,10.0,-5.1,Lean D,True,False,attack,63,32,895556.0,806000.0,1026388.0,923749.0,806000.0,761223.0,923749.0,872430.0,761223.0,716445.0,872430.0,821110.0,1013139.0,"{""office"": ""NY Senate District 11"", ""source"": ""mock"", ""candidates"": [{""name"": ""Patricia Williams"", ""party"": ""D""}, {""name"": ""Linda Garcia"", ""party"": ""R""}]}",Synthetic state-leg row — replace via OpenStates / FTM pipeline,mock
NY-U-012,NY,upper,12,ocd-division/country:us/state:ny/sldu:12,NY SD-12,R,John Brown,R,2014,12.0,21.4,Likely R,True,False,safe,63,32,195592.0,176033.0,226720.0,204048.0,176033.0,166253.0,204048.0,192712.0,166253.0,156474.0,192712.0,181376.0,124280.0,"{""office"": ""NY Senate District 12"", ""source"": ""mock"", ""candidates"": [{""name"": ""John Brown"", ""party"": ""R""}]}",Synthetic state-leg row — replace via OpenStates / FTM pipeline,mock
NY-U-013,NY,upper,13,ocd-division/country:us/state:ny/sldu:13,NY SD-13,D,Jennifer Jones,D,2011,15.0,-26.1,Likely D,True,False,safe,63,32,100605.0,90545.0,123587.0,111228.0,90545.0,85514.0,111228.0,105049.0,85514.0,80484.0,105049.0,98870.0,55600.0,"{""office"": ""NY Senate District 13"", ""source"": ""mock"", ""candidates"": [{""name"": ""Jennifer Jones"", ""party"": ""D""}]}",Synthetic state-leg row — replace via OpenStates / FTM pipeline,mock
NY-U-014,NY,upper,14,ocd-division/country:us/state:ny/sldu:14,NY SD-14,R,Michael Garcia,R,2019,7.0,-4.5,Lean D,True,False,defend,63,32,813222.0,731900.0,642633.0,578370.0,731900.0,691239.0,578370.0,546238.0,691239.0,650578.0,546238.0,514106.0,779922.0,"{""office"": ""NY Senate District 14"", ""source"": ""mock"", ""candidates"": [{""name"": ""Michael Garcia"", ""party"": ""R""}, {""name"": ""Michael Thomas"", ""party"": ""D""}]}",Synthetic state-leg row — replace via OpenStates / FTM pipeline,mock
NY-U-015,NY,upper,15,ocd-division/country:us/state:ny/sldu:15,NY SD-15,D,Linda Miller,D,2015,11.0,-13.7,Likely D,True,False,attack,63,32,402266.0,362039.0,404551.0,364096.0,362039.0,341926.0,364096.0,343868.0,341926.0,321812.0,343868.0,323641.0,326184.0,"{""office"": ""NY Senate District 15"", ""source"": ""mock"", ""candidates"": [{""name"": ""Linda Miller"", ""party"": ""D""}, {""name"": ""Richard Davis"", ""party"": ""R""}]}",Synthetic state-leg row — replace via OpenStates / FTM pipeline,mock
NY-U-016,NY,upper,16,ocd-division/country:us/state:ny/sldu:16,NY SD-16,D,David Davis,D,2008,18.0,-5.1,Lean D,True,False,attack,63,32,639855.0,575870.0,1155060.0,1039554.0,575870.0,543877.0,1039554.0,981801.0,543877.0,511884.0,981801.0,924048.0,946177.0,"{""office"": ""NY Senate District 16"", ""source"": ""mock"", ""candidates"": [{""name"": ""David Davis"", ""party"": ""D""}, {""name"": ""Susan Williams"", ""party"": ""R""}]}",Synthetic state-leg row — replace via OpenStates / FTM pipeline,mock
NY-U-017,NY,upper,17,ocd-division/country:us/state:ny/sldu:17,NY SD-17,D,Elizabeth Rodriguez,D,2019,7.0,-9.5,Likely D,True,False,attack,63,32,451499.0,406349.0,413965.0,372568.0,406349.0,383774.0,372568.0,351870.0,383774.0,361199.0,351870.0,331172.0,401822.0,"{""office"": ""NY Senate District 17"", ""source"": ""mock"", ""candidates"": [{""name"": ""Elizabeth Rodriguez"", ""party"": ""D""}, {""name"": ""Linda Anderson"", ""party"": ""R""}]}",Synthetic state-leg row — replace via OpenStates / FTM pipeline,mock
NY-U-018,NY,upper,18,ocd-division/country:us/state:ny/sldu:18,NY SD-18,D,William Martinez,D,2020,6.0,-16.6,Likely D,True,False,safe,63,32,349760.0,314784.0,528297.0,475467.0,314784.0,297296.0,475467.0,449052.0,297296.0,279808.0,449052.0,422637.0,318609.0,"{""office"": ""NY Senate District 18"", ""source"": ""mock"", ""candidates"": [{""name"": ""William Martinez"", ""party"": ""D""}]}",Synthetic state-leg row — replace via OpenStates / FTM pipeline,mock
NY-U-019,NY,upper,19,ocd-division/country:us/state:ny/sldu:19,NY SD-19,D,Barbara Hernandez,D,2016,10.0,-8.3,Likely D,True,False,attack,63,32,398573.0,358715.0,777863.0,700076.0,358715.0,338787.0,700076.0,661183.0,338787.0,318858.0,661183.0,622290.0,566370.0,"{""office"": ""NY Senate District 19"", ""source"": ""mock"", ""candidates"": [{""name"": ""Barbara Hernandez"", ""party"": ""D""}, {""name"": ""John Smith"", ""party"": ""R""}]}",Synthetic state-leg row — replace via OpenStates / FTM pipeline,mock
NY-U-020,NY,upper,20,ocd-division/country:us/state:ny/sldu:20,NY SD-20,D,Richard Lopez,D,2010,16.0,-9.0,Likely D,True,False,attack,63,32,514701.0,463231.0,649797.0,584818.0,463231.0,437496.0,584818.0,552328.0,437496.0,411761.0,552328.0,519838.0,548978.0,"{""office"": ""NY Senate District 20"", ""source"": ""mock"", ""candidates"": [{""name"": ""Richard Lopez"", ""party"": ""D""}, {""name"": ""Jessica Smith"", ""party"": ""R""}]}",Synthetic state-leg row — replace via OpenStates / FTM pipeline,mock
NY-U-021,NY,upper,21,ocd-division/country:us/state:ny/sldu:21,NY SD-21,R,Susan Wilson,R,2013,13.0,10.8,Likely R,True,False,defend,63,32,582147.0,523932.0,478014.0,430213.0,523932.0,494825.0,430213.0,406312.0,494825.0,465718.0,406312.0,382411.0,472529.0,"{""office"": ""NY Senate District 21"", ""source"": ""mock"", ""candidates"": [{""name"": ""Susan Wilson"", ""party"": ""R""}, {""name"": ""Michael Hernandez"", ""party"": ""D""}]}",Synthetic state-leg row — replace via OpenStates / FTM pipeline,mock
NY-U-022,NY,upper,22,ocd-division/country:us/state:ny/sldu:22,NY SD-22,D,Joseph Anderson,D,2012,14.0,-26.2,Likely D,False,False,safe,63,32,169300.0,152370.0,247235.0,222511.0,152370.0,143905.0,222511.0,210150.0,143905.0,135440.0,210150.0,197788.0,103301.0,"{""office"": ""NY Senate District 22"", ""source"": ""mock"", ""candidates"": [{""name"": ""Joseph Anderson"", ""party"": ""D""}]}",Synthetic state-leg row — replace via OpenStates / FTM pipeline,mock
NY-U-023,NY,upper,23,ocd-division/country:us/state:ny/sldu:23,NY SD-23,D,Jessica Thomas,D,2017,9.0,-22.9,Likely D,True,False,safe,63,32,171087.0,153979.0,235954.0,212359.0,153979.0,145424.0,212359.0,200561.0,145424.0,136870.0,200561.0,188763.0,111064.0,"{""office"": ""NY Senate District 23"", ""source"": ""mock"", ""candidates"": [{""name"": ""Jessica Thomas"", ""party"": ""D""}]}",Synthetic state-leg row — replace via OpenStates / FTM pipeline,mock
NY-U-024,NY,upper,24,ocd-division/country:us/state:ny/sldu:24,NY SD-24,D,James Smith,D,2024,2.0,-15.4,Likely D,True,False,safe,63,32,275583.0,248025.0,320644.0,288580.0,248025.0,234245.0,288580.0,272548.0,234245.0,220466.0,272548.0,256515.0,226566.0,"{""office"": ""NY Senate District 24"", ""source"": ""mock"", ""candidates"": [{""name"": ""James Smith"", ""party"": ""D""}]}",Synthetic state-leg row — replace via OpenStates / FTM pipeline,mock
NY-U-025,NY,upper,25,ocd-division/country:us/state:ny/sldu:25,NY SD-25,D,Mary Johnson,D,2010,16.0,-21.9,Likely D,True,False,safe,63,32,328230.0,295407.0,334367.0,300930.0,295407.0,278995.0,300930.0,284212.0,278995.0,262584.0,284212.0,267493.0,190260.0,"{""office"": ""NY Senate District 25"", ""source"": ""mock"", ""candidates"": [{""name"": ""Mary Johnson"", ""party"": ""D""}]}",Synthetic state-leg row — replace via OpenStates / FTM pipeline,mock
NY-U-026,NY,upper,26,ocd-division/country:us/state:ny/sldu:26,NY SD-26,D,Robert Williams,D,2019,7.0,-16.7,Likely D,True,False,safe,63,32,374462.0,337016.0,492303.0,443073.0,337016.0,318293.0,443073.0,418458.0,318293.0,299570.0,418458.0,393843.0,313274.0,"{""office"": ""NY Senate District 26"", ""source"": ""mock"", ""candidates"": [{""name"": ""Robert Williams"", ""party"": ""D""}]}",Synthetic state-leg row — replace via OpenStates / FTM pipeline,mock
NY-U-027,NY,upper,27,ocd-division/country:us/state:ny/sldu:27,NY SD-27,D,Patricia Brown,D,2020,6.0,-29.3,Likely D,True,False,safe,63,32,106913.0,96222.0,138223.0,124401.0,96222.0,90876.0,124401.0,117490.0,90876.0,85531.0,117490.0,110578.0,60794.0,"{""office"": ""NY Senate District 27"", ""source"": ""mock"", ""candidates"": [{""name"": ""Patricia Brown"", ""party"": ""D""}]}",Synthetic state-leg row — replace via OpenStates / FTM pipeline,mock
NY-U-028,NY,upper,28,ocd-division/country:us/state:ny/sldu:28,NY SD-28,D,John Jones,D,2008,18.0,-10.2,Likely D,True,False,attack,63,32,388850.0,349965.0,458698.0,412828.0,349965.0,330522.0,412828.0,389893.0,330522.0,311080.0,389893.0,366958.0,385029.0,"{""office"": ""NY Senate District 28"", ""source"": ""mock"", ""candidates"": [{""name"": ""John Jones"", ""party"": ""D""}, {""name"": ""Barbara Hernandez"", ""party"": ""R""}]}",Synthetic state-leg row — replace via OpenStates / FTM pipeline,mock
NY-U-029,NY,upper,29,ocd-division/country:us/state:ny/sldu:29,NY SD-29,D,OPEN SEAT,,,0.0,-18.5,Likely D,False,True,safe,63,32,273935.0,246542.0,286747.0,258072.0,246542.0,232845.0,258072.0,243735.0,232845.0,219148.0,243735.0,229398.0,188229.0,"{""office"": ""NY Senate District 29"", ""source"": ""mock"", ""candidates"": []}",Synthetic state-leg row — replace via OpenStates / FTM pipeline,mock
NY-U-030,NY,upper,30,ocd-division/country:us/state:ny/sldu:30,NY SD-30,D,Jennifer Garcia,D,2018,8.0,-3.3,Lean D,False,False,attack,63,32,636276.0,572649.0,959142.0,863228.0,572649.0,540835.0,863228.0,815271.0,540835.0,509021.0,815271.0,767314.0,882039.0,"{""office"": ""NY Senate District 30"", ""source"": ""mock"", ""candidates"": [{""name"": ""Jennifer Garcia"", ""party"": ""D""}, {""name"": ""Jessica Lopez"", ""party"": ""R""}]}",Synthetic state-leg row — replace via OpenStates / FTM pipeline,mock
NY-U-031,NY,upper,31,ocd-division/country:us/state:ny/sldu:31,NY SD-31,D,Michael Miller,D,2015,11.0,-13.7,Likely D,True,False,attack,63,32,275696.0,248126.0,361186.0,325068.0,248126.0,234341.0,325068.0,307009.0,234341.0,220557.0,307009.0,288949.0,257482.0,"{""office"": ""NY Senate District 31"", ""source"": ""mock"", ""candidates"": [{""name"": ""Michael Miller"", ""party"": ""D""}, {""name"": ""Joseph Smith"", ""party"": ""R""}]}",Synthetic state-leg row — replace via OpenStates / FTM pipeline,mock
NY-U-032,NY,upper,32,ocd-division/country:us/state:ny/sldu:32,NY SD-32,D,Linda Davis,D,2008,18.0,-8.5,Likely D,True,False,attack,63,32,725318.0,652787.0,747566.0,672810.0,652787.0,616521.0,672810.0,635431.0,616521.0,580255.0,635431.0,598053.0,704881.0,"{""office"": ""NY Senate District 32"", ""source"": ""mock"", ""candidates"": [{""name"": ""Linda Davis"", ""party"": ""D""}, {""name"": ""John Lopez"", ""party"": ""R""}]}",Synthetic state-leg row — replace via OpenStates / FTM pipeline,mock
NY-U-033,NY,upper,33,ocd-division/country:us/state:ny/sldu:33,NY SD-33,D,David Rodriguez,D,2017,9.0,-2.1,Lean D,True,False,attack,63,32,228016.0,205214.0,270218.0,243197.0,205214.0,193813.0,243197.0,229686.0,193813.0,182413.0,229686.0,216175.0,283993.0,"{""office"": ""NY Senate District 33"", ""source"": ""mock"", ""candidates"": [{""name"": ""David Rodriguez"", ""party"": ""D""}, {""name"": ""Elizabeth Wilson"", ""party"": ""R""}]}",Synthetic state-leg row — replace via OpenStates / FTM pipeline,mock
NY-U-034,NY,upper,34,ocd-division/country:us/state:ny/sldu:34,NY SD-34,D,Elizabeth Martinez,D,2009,17.0,1.9,Toss-up,True,False,attack,63,32,839997.0,755997.0,1025640.0,923076.0,755997.0,713997.0,923076.0,871794.0,713997.0,671997.0,871794.0,820512.0,1068743.0,"{""office"": ""NY Senate District 34"", ""source"": ""mock"", ""candidates"": [{""name"": ""Elizabeth Martinez"", ""party"": ""D""}, {""name"": ""Michael Garcia"", ""party"": ""R""}]}",Synthetic state-leg row — replace via OpenStates / FTM pipeline,mock
NY-U-035,NY,upper,35,ocd-division/country:us/state:ny/sldu:35,NY SD-35,D,William Hernandez,D,2023,3.0,-2.2,Lean D,False,False,attack,63,32,654095.0,588686.0,1168809.0,1051928.0,588686.0,555981.0,1051928.0,993488.0,555981.0,523276.0,993488.0,935047.0,1036452.0,"{""office"": ""NY Senate District 35"", ""source"": ""mock"", ""candidates"": [{""name"": ""William Hernandez"", ""party"": ""D""}, {""name"": ""Joseph Smith"", ""party"": ""R""}]}",Synthetic state-leg row — replace via OpenStates / FTM pipeline,mock
NY-U-036,NY,upper,36,ocd-division/country:us/state:ny/sldu:36,NY SD-36,R,Barbara Lopez,R,2015,11.0,-2.4,Lean D,True,False,defend,63,32,554997.0,499497.0,515655.0,464090.0,499497.0,471747.0,464090.0,438307.0,471747.0,443997.0,438307.0,412524.0,605683.0,"{""office"": ""NY Senate District 36"", ""source"": ""mock"", ""candidates"": [{""name"": ""Barbara Lopez"", ""party"": ""R""}, {""name"": ""Linda Smith"", ""party"": ""D""}]}",Synthetic state-leg row — replace via OpenStates / FTM pipeline,mock
NY-U-037,NY,upper,37,ocd-division/country:us/state:ny/sldu:37,NY SD-37,D,Richard Wilson,D,2024,2.0,-25.3,Likely D,True,False,safe,63,32,112072.0,100865.0,123998.0,111598.0,100865.0,95261.0,111598.0,105398.0,95261.0,89658.0,105398.0,99198.0,58545.0,"{""office"": ""NY Senate District 37"", ""source"": ""mock"", ""candidates"": [{""name"": ""Richard Wilson"", ""party"": ""D""}]}",Synthetic state-leg row — replace via OpenStates / FTM pipeline,mock
NY-U-038,NY,upper,38,ocd-division/country:us/state:ny/sldu:38,NY SD-38,R,Susan Anderson,R,2024,2.0,-3.4,Lean D,False,False,defend,63,32,328877.0,295990.0,268173.0,241355.0,295990.0,279546.0,241355.0,227947.0,279546.0,263102.0,227947.0,214538.0,329230.0,"{""office"": ""NY Senate District 38"", ""source"": ""mock"", ""candidates"": [{""name"": ""Susan Anderson"", ""party"": ""R""}, {""name"": ""Mary Smith"", ""party"": ""D""}]}",Synthetic state-leg row — replace via OpenStates / FTM pipeline,mock
NY-U-039,NY,upper,39,ocd-division/country:us/state:ny/sldu:39,NY SD-39,D,Joseph Thomas,D,2021,5.0,-27.5,Likely D,True,False,safe,63,32,150638.0,135575.0,189527.0,170574.0,135575.0,128043.0,170574.0,161098.0,128043.0,120511.0,161098.0,151621.0,84361.0,"{""office"": ""NY Senate District 39"", ""source"": ""mock"", ""candidates"": [{""name"": ""Joseph Thomas"", ""party"": ""D""}]}",Synthetic state-leg row — replace via OpenStates / FTM pipeline,mock
NY-U-040,NY,upper,40,ocd-division/country:us/state:ny/sldu:40,NY SD-40,D,Jessica Smith,D,2022,4.0,-6.5,Lean D,True,False,attack,63,32,598576.0,538718.0,852611.0,767350.0,538718.0,508789.0,767350.0,724719.0,508789.0,478861.0,724719.0,682089.0,735959.0,"{""office"": ""NY Senate District 40"", ""source"": ""mock"", ""candidates"": [{""name"": ""Jessica Smith"", ""party"": ""D""}, {""name"": ""Richard Davis"", ""party"": ""R""}]}",Synthetic state-leg row — replace via OpenStates / FTM pipeline,mock
NY-U-041,NY,upper,41,ocd-division/country:us/state:ny/sldu:41,NY SD-41,D,James Johnson,D,2015,11.0,-6.1,Lean D,True,False,attack,63,32,379197.0,341277.0,456097.0,410488.0,341277.0,322317.0,410488.0,387683.0,322317.0,303357.0,387683.0,364878.0,428387.0,"{""office"": ""NY Senate District 41"", ""source"": ""mock"", ""candidates"": [{""name"": ""James Johnson"", ""party"": ""D""}, {""name"": ""Jessica Hernandez"", ""party"": ""R""}]}",Synthetic state-leg row — replace via OpenStates / FTM pipeline,mock
NY-U-042,NY,upper,42,ocd-division/country:us/state:ny/sldu:42,NY SD-42,D,Mary Williams,D,2009,17.0,-12.8,Likely D,True,False,attack,63,32,564889.0,508400.0,626339.0,563705.0,508400.0,480156.0,563705.0,532388.0,480156.0,451911.0,532388.0,501071.0,496912.0,"{""office"": ""NY Senate District 42"", ""source"": ""mock"", ""candidates"": [{""name"": ""Mary Williams"", ""party"": ""D""}, {""name"": ""John Miller"", ""party"": ""R""}]}",Synthetic state-leg row — replace via OpenStates / FTM pipeline,mock
NY-U-043,NY,upper,43,ocd-division/country:us/state:ny/sldu:43,NY SD-43,D,Robert Brown,D,2014,12.0,-11.2,Likely D,True,False,attack,63,32,216519.0,194867.0,323757.0,291381.0,194867.0,184041.0,291381.0,275193.0,184041.0,173215.0,275193.0,259006.0,237721.0,"{""office"": ""NY Senate District 43"", ""source"": ""mock"", ""candidates"": [{""name"": ""Robert Brown"", ""party"": ""D""}, {""name"": ""Michael Jones"", ""party"": ""R""}]}",Synthetic state-leg row — replace via OpenStates / FTM pipeline,mock
NY-U-044,NY,upper,44,ocd-division/country:us/state:ny/sldu:44,NY SD-44,D,Patricia Jones,D,2012,14.0,-22.2,Likely D,True,False,safe,63,32,213475.0,192127.0,256064.0,230458.0,192127.0,181454.0,230458.0,217654.0,181454.0,170780.0,217654.0,204851.0,132812.0,"{""office"": ""NY Senate District 44"", ""source"": ""mock"", ""candidates"": [{""name"": ""Patricia Jones"", ""party"": ""D""}]}",Synthetic state-leg row — replace via OpenStates / FTM pipeline,mock
NY-U-045,NY,upper,45,ocd-division/country:us/state:ny/sldu:45,NY SD-45,D,John Garcia,D,2008,18.0,-6.8,Lean D,True,False,attack,63,32,353330.0,317997.0,490427.0,441385.0,317997.0,300330.0,441385.0,416863.0,300330.0,282664.0,416863.0,392342.0,424289.0,"{""office"": ""NY Senate District 45"", ""source"": ""mock"", ""candidates"": [{""name"": ""John Garcia"", ""party"": ""D""}, {""name"": ""Richard Johnson"", ""party"": ""R""}]}",Synthetic state-leg row — replace via OpenStates / FTM pipeline,mock
NY-U-046,NY,upper,46,ocd-division/country:us/state:ny/sldu:46,NY SD-46,D,Jennifer Miller,D,2010,16.0,-13.6,Likely D,True,False,attack,63,32,489696.0,440727.0,785458.0,706912.0,440727.0,416242.0,706912.0,667639.0,416242.0,391757.0,667639.0,628366.0,517348.0,"{""office"": ""NY Senate District 46"", ""source"": ""mock"", ""candidates"": [{""name"": ""Jennifer Miller"", ""party"": ""D""}, {""name"": ""Susan Miller"", ""party"": ""R""}]}",Synthetic state-leg row — replace via OpenStates / FTM pipeline,mock
NY-U-047,NY,upper,47,ocd-division/country:us/state:ny/sldu:47,NY SD-47,R,Michael Davis,R,2018,8.0,8.7,Likely R,True,False,defend,63,32,466195.0,419575.0,427834.0,385051.0,419575.0,396266.0,385051.0,363659.0,396266.0,372956.0,363659.0,342267.0,425302.0,"{""office"": ""NY Senate District 47"", ""source"": ""mock"", ""candidates"": [{""name"": ""Michael Davis"", ""party"": ""R""}, {""name"": ""Susan Wilson"", ""party"": ""D""}]}",Synthetic state-leg row — replace via OpenStates / FTM pipeline,mock
NY-U-048,NY,upper,48,ocd-division/country:us/state:ny/sldu:48,NY SD-48,D,Linda Rodriguez,D,2015,11.0,-11.1,Likely D,True,False,attack,63,32,781506.0,703355.0,630004.0,567004.0,703355.0,664280.0,567004.0,535504.0,664280.0,625205.0,535504.0,504003.0,623081.0,"{""office"": ""NY Senate District 48"", ""source"": ""mock"", ""candidates"": [{""name"": ""Linda Rodriguez"", ""party"": ""D""}, {""name"": ""Michael Hernandez"", ""party"": ""R""}]}",Synthetic state-leg row — replace via OpenStates / FTM pipeline,mock
NY-U-049,NY,upper,49,ocd-division/country:us/state:ny/sldu:49,NY SD-49,R,David Martinez,R,2022,4.0,-4.7,Lean D,False,False,defend,63,32,725650.0,653085.0,457733.0,411960.0,653085.0,616802.0,411960.0,389073.0,616802.0,580520.0,389073.0,366186.0,630574.0,"{""office"": ""NY Senate District 49"", ""source"": ""mock"", ""candidates"": [{""name"": ""David Martinez"", ""party"": ""R""}, {""name"": ""Robert Brown"", ""party"": ""D""}]}",Synthetic state-leg row — replace via OpenStates / FTM pipeline,mock
NY-U-050,NY,upper,50,ocd-division/country:us/state:ny/sldu:50,NY SD-50,R,Elizabeth Hernandez,R,2011,15.0,-1.2,Toss-up,True,False,defend,63,32,1292859.0,1163573.0,1108984.0,998086.0,1163573.0,1098930.0,998086.0,942636.0,1098930.0,1034287.0,942636.0,887187.0,1399931.0,"{""office"": ""NY Senate District 50"", ""source"": ""mock"", ""candidates"": [{""name"": ""Elizabeth Hernandez"", ""party"": ""R""}, {""name"": ""John Miller"", ""party"": ""D""}]}",Synthetic state-leg row — replace via OpenStates / FTM pipeline,mock
NY-U-051,NY,upper,51,ocd-division/country:us/state:ny/sldu:51,NY SD-51,D,William Lopez,D,2008,18.0,-17.6,Likely D,True,False,safe,63,32,143528.0,129175.0,196095.0,176486.0,129175.0,121999.0,176486.0,166681.0,121999.0,114823.0,166681.0,156876.0,118383.0,"{""office"": ""NY Senate District 51"", ""source"": ""mock"", ""candidates"": [{""name"": ""William Lopez"", ""party"": ""D""}]}",Synthetic state-leg row — replace via OpenStates / FTM pipeline,mock
NY-U-052,NY,upper,52,ocd-division/country:us/state:ny/sldu:52,NY SD-52,D,Barbara Wilson,D,2012,14.0,-9.8,Likely D,False,False,attack,63,32,198080.0,178272.0,267995.0,241196.0,178272.0,168368.0,241196.0,227796.0,168368.0,158464.0,227796.0,214396.0,214394.0,"{""office"": ""NY Senate District 52"", ""source"": ""mock"", ""candidates"": [{""name"": ""Barbara Wilson"", ""party"": ""D""}, {""name"": ""Linda Rodriguez"", ""party"": ""R""}]}",Synthetic state-leg row — replace via OpenStates / FTM pipeline,mock
NY-U-053,NY,upper,53,ocd-division/country:us/state:ny/sldu:53,NY SD-53,D,Richard Anderson,D,2020,6.0,-28.8,Likely D,True,False,safe,63,32,151387.0,136248.0,138164.0,124348.0,136248.0,128679.0,124348.0,117439.0,128679.0,121109.0,117439.0,110531.0,71809.0,"{""office"": ""NY Senate District 53"", ""source"": ""mock"", ""candidates"": [{""name"": ""Richard Anderson"", ""party"": ""D""}, {""name"": ""William Anderson"", ""party"": ""R""}]}",Synthetic state-leg row — replace via OpenStates / FTM pipeline,mock
NY-U-054,NY,upper,54,ocd-division/country:us/state:ny/sldu:54,NY SD-54,D,Susan Thomas,D,2010,16.0,-9.6,Likely D,True,False,attack,63,32,770245.0,693221.0,900983.0,810885.0,693221.0,654709.0,810885.0,765836.0,654709.0,616196.0,765836.0,720786.0,773540.0,"{""office"": ""NY Senate District 54"", ""source"": ""mock"", ""candidates"": [{""name"": ""Susan Thomas"", ""party"": ""D""}, {""name"": ""James Lopez"", ""party"": ""R""}]}",Synthetic state-leg row — replace via OpenStates / FTM pipeline,mock
NY-U-055,NY,upper,55,ocd-division/country:us/state:ny/sldu:55,NY SD-55,D,Joseph Smith,D,2010,16.0,-2.3,Lean D,True,False,attack,63,32,966567.0,869910.0,945620.0,851058.0,869910.0,821582.0,851058.0,803777.0,821582.0,773254.0,803777.0,756496.0,1084483.0,"{""office"": ""NY Senate District 55"", ""source"": ""mock"", ""candidates"": [{""name"": ""Joseph Smith"", ""party"": ""D""}, {""name"": ""James Rodriguez"", ""party"": ""R""}]}",Synthetic state-leg row — replace via OpenStates / FTM pipeline,mock
NY-U-056,NY,upper,56,ocd-division/country:us/state:ny/sldu:56,NY SD-56,D,Jessica Johnson,D,2017,9.0,-11.7,Likely D,True,False,attack,63,32,380691.0,342622.0,633549.0,570194.0,342622.0,323587.0,570194.0,538517.0,323587.0,304553.0,538517.0,506839.0,439021.0,"{""office"": ""NY Senate District 56"", ""source"": ""mock"", ""candidates"": [{""name"": ""Jessica Johnson"", ""party"": ""D""}, {""name"": ""Jessica Anderson"", ""party"": ""R""}]}",Synthetic state-leg row — replace via OpenStates / FTM pipeline,mock
NY-U-057,NY,upper,57,ocd-division/country:us/state:ny/sldu:57,NY SD-57,D,James Williams,D,2020,6.0,-9.7,Likely D,True,False,attack,63,32,807397.0,726657.0,741527.0,667374.0,726657.0,686288.0,667374.0,630298.0,686288.0,645918.0,630298.0,593222.0,714718.0,"{""office"": ""NY Senate District 57"", ""source"": ""mock"", ""candidates"": [{""name"": ""James Williams"", ""party"": ""D""}, {""name"": ""Joseph Miller"", ""party"": ""R""}]}",Synthetic state-leg row — replace via OpenStates / FTM pipeline,mock
NY-U-058,NY,upper,58,ocd-division/country:us/state:ny/sldu:58,NY SD-58,D,Mary Brown,D,2019,7.0,-18.0,Likely D,True,False,safe,63,32,151696.0,136526.0,188535.0,169682.0,136526.0,128942.0,169682.0,160255.0,128942.0,121357.0,160255.0,150828.0,116651.0,"{""office"": ""NY Senate District 58"", ""source"": ""mock"", ""candidates"": [{""name"": ""Mary Brown"", ""party"": ""D""}]}",Synthetic state-leg row — replace via OpenStates / FTM pipeline,mock
NY-U-059,NY,upper,59,ocd-division/country:us/state:ny/sldu:59,NY SD-59,D,Robert Jones,D,2015,11.0,-13.1,Likely D,True,False,attack,63,32,219122.0,197210.0,309949.0,278954.0,197210.0,186254.0,278954.0,263457.0,186254.0,175298.0,263457.0,247959.0,218431.0,"{""office"": ""NY Senate District 59"", ""source"": ""mock"", ""candidates"": [{""name"": ""Robert Jones"", ""party"": ""D""}, {""name"": ""Joseph Wilson"", ""party"": ""R""}]}",Synthetic state-leg row — replace via OpenStates / FTM pipeline,mock
NY-U-060,NY,upper,60,ocd-division/country:us/state:ny/sldu:60,NY SD-60,R,OPEN SEAT,,,0.0,13.7,Likely R,False,True,defend,63,32,177140.0,159426.0,172969.0,155672.0,159426.0,150569.0,155672.0,147023.0,150569.0,141712.0,147023.0,138375.0,141544.0,"{""office"": ""NY Senate District 60"", ""source"": ""mock"", ""candidates"": [{""name"": ""Elizabeth Wilson"", ""party"": ""D""}]}",Synthetic state-leg row — replace via OpenStates / FTM pipeline,mock
NY-U-061,NY,upper,61,ocd-division/country:us/state:ny/sldu:61,NY SD-61,D,Patricia Garcia,D,2014,12.0,-3.3,Lean D,True,False,attack,63,32,600428.0,540385.0,770767.0,693691.0,540385.0,510364.0,693691.0,655152.0,510364.0,480342.0,655152.0,616614.0,758075.0,"{""office"": ""NY Senate District 61"", ""source"": ""mock"", ""candidates"": [{""name"": ""Patricia Garcia"", ""party"": ""D""}, {""name"": ""Linda Johnson"", ""party"": ""R""}]}",Synthetic state-leg row — replace via OpenStates / FTM pipeline,mock
NY-U-062,NY,upper,62,ocd-division/country:us/state:ny/sldu:62,NY SD-62,D,John Miller,D,2018,8.0,-4.0,Lean D,True,False,attack,63,32,614383.0,552944.0,674664.0,607198.0,552944.0,522225.0,607198.0,573465.0,522225.0,491506.0,573465.0,539732.0,699768.0,"{""office"": ""NY Senate District 62"", ""source"": ""mock"", ""candidates"": [{""name"": ""John Miller"", ""party"": ""D""}, {""name"": ""Mary Anderson"", ""party"": ""R""}]}",Synthetic state-leg row — replace via OpenStates / FTM pipeline,mock
NY-U-063,NY,upper,63,ocd-division/country:us/state:ny/sldu:63,NY SD-63,D,Jennifer Davis,D,2017,9.0,-13.5,Likely D,False,False,attack,63,32,453285.0,407956.0,458274.0,412447.0,407956.0,385292.0,412447.0,389533.0,385292.0,362628.0,389533.0,366619.0,371135.0,"{""office"": ""NY Senate District 63"", ""source"": ""mock"", ""candidates"": [{""name"": ""Jennifer Davis"", ""party"": ""D""}, {""name"": ""Mary Davis"", ""party"": ""R""}]}",Synthetic state-leg row — replace via OpenStates / FTM pipeline,mock
OH-U-001,OH,upper,1,ocd-division/country:us/state:oh/sldu:1,OH SD-1,R,Michael Rodriguez,R,2010,16.0,5.0,Lean R,False,False,defend,33,17,958666.0,862799.0,588744.0,529870.0,862799.0,814866.0,529870.0,500433.0,814866.0,766933.0,500433.0,470996.0,817917.0,"{""office"": ""OH Senate District 1"", ""source"": ""mock"", ""candidates"": [{""name"": ""Michael Rodriguez"", ""party"": ""R""}, {""name"": ""Joseph Hernandez"", ""party"": ""D""}]}",Synthetic state-leg row — replace via OpenStates / FTM pipeline,mock
OH-U-002,OH,upper,2,ocd-division/country:us/state:oh/sldu:2,OH SD-2,R,Linda Martinez,R,2014,12.0,1.9,Toss-up,False,False,defend,33,17,478805.0,430924.0,299902.0,269912.0,430924.0,406984.0,269912.0,254917.0,406984.0,383044.0,254917.0,239922.0,446088.0,"{""office"": ""OH Senate District 2"", ""source"": ""mock"", ""candidates"": [{""name"": ""Linda Martinez"", ""party"": ""R""}, {""name"": ""Patricia Rodriguez"", ""party"": ""D""}]}",Synthetic state-leg row — replace via OpenStates / FTM pipeline,mock
OH-U-003,OH,upper,3,ocd-division/country:us/state:oh/sldu:3,OH SD-3,D,David Hernandez,D,2023,3.0,0.6,Toss-up,True,False,attack,33,17,655238.0,589714.0,889250.0,800325.0,589714.0,556952.0,800325.0,755863.0,556952.0,524190.0,755863.0,711400.0,913454.0,"{""office"": ""OH Senate District 3"", ""source"": ""mock"", ""candidates"": [{""name"": ""David Hernandez"", ""party"": ""D""}, {""name"": ""Joseph Hernandez"", ""party"": ""R""}]}",Synthetic state-leg row — replace via OpenStates / FTM pipeline,mock
OH-U-004,OH,upper,4,ocd-division/country:us/state:oh/sldu:4,OH SD-4,D,Elizabeth Lopez,D,2014,12.0,-2.7,Lean D,True,False,attack,33,17,204833.0,184350.0,275975.0,248377.0,184350.0,174108.0,248377.0,234578.0,174108.0,163866.0,234578.0,220780.0,269939.0,"{""office"": ""OH Senate District 4"", ""source"": ""mock"", ""candidates"": [{""name"": ""Elizabeth Lopez"", ""party"": ""D""}, {""name"": ""Jessica Anderson"", ""party"": ""R""}]}",Synthetic state-leg row — replace via OpenStates / FTM pipeline,mock
OH-U-005,OH,upper,5,ocd-division/country:us/state:oh/sldu:5,OH SD-5,R,William Wilson,R,2016,10.0,23.6,Likely R,True,False,safe,33,17,192898.0,173608.0,163884.0,147496.0,173608.0,163964.0,147496.0,139302.0,163964.0,154319.0,139302.0,131108.0,93783.0,"{""office"": ""OH Senate District 5"", ""source"": ""mock"", ""candidates"": [{""name"": ""William Wilson"", ""party"": ""R""}]}",Synthetic state-leg row — replace via OpenStates / FTM pipeline,mock
OH-U-006,OH,upper,6,ocd-division/country:us/state:oh/sldu:6,OH SD-6,R,Barbara Anderson,R,2015,11.0,-1.2,Toss-up,True,False,defend,33,17,1016894.0,915204.0,1036014.0,932413.0,915204.0,864360.0,932413.0,880612.0,864360.0,813515.0,880612.0,828811.0,1196552.0,"{""office"": ""OH Senate District 6"", ""source"": ""mock"", ""candidates"": [{""name"": ""Barbara Anderson"", ""party"": ""R""}, {""name"": ""Linda Anderson"", ""party"": ""D""}]}",Synthetic state-leg row — replace via OpenStates / FTM pipeline,mock
OH-U-007,OH,upper,7,ocd-division/country:us/state:oh/sldu:7,OH SD-7,R,Richard Thomas,R,2014,12.0,16.3,Likely R,True,False,safe,33,17,474889.0,427400.0,286651.0,257986.0,427400.0,403656.0,257986.0,243654.0,403656.0,379911.0,243654.0,229321.0,279594.0,"{""office"": ""OH Senate District 7"", ""source"": ""mock"", ""candidates"": [{""name"": ""Richard Thomas"", ""party"": ""R""}]}",Synthetic state-leg row — replace via OpenStates / FTM pipeline,mock
OH-U-008,OH,upper,8,ocd-division/country:us/state:oh/sldu:8,OH SD-8,R,Susan Smith,R,2022,4.0,17.8,Likely R,True,False,safe,33,17,207591.0,186832.0,113066.0,101759.0,186832.0,176453.0,101759.0,96106.0,176453.0,166073.0,96106.0,90453.0,110856.0,"{""office"": ""OH Senate District 8"", ""source"": ""mock"", ""candidates"": [{""name"": ""Susan Smith"", ""party"": ""R""}]}",Synthetic state-leg row — replace via OpenStates / FTM pipeline,mock
OH-U-009,OH,upper,9,ocd-division/country:us/state:oh/sldu:9,OH SD-9,R,Joseph Johnson,R,2020,6.0,6.9,Lean R,True,False,defend,33,17,1034848.0,931363.0,697181.0,627463.0,931363.0,879621.0,627463.0,592604.0,879621.0,827879.0,592604.0,557745.0,868489.0,"{""office"": ""OH Senate District 9"", ""source"": ""mock"", ""candidates"": [{""name"": ""Joseph Johnson"", ""party"": ""R""}, {""name"": ""Susan Wilson"", ""party"": ""D""}]}",Synthetic state-leg row — replace via OpenStates / FTM pipeline,mock
OH-U-010,OH,upper,10,ocd-division/country:us/state:oh/sldu:10,OH SD-10,D,Jessica Williams,D,2014,12.0,-4.8,Lean D,False,False,attack,33,17,293096.0,263786.0,306526.0,275873.0,263786.0,249131.0,275873.0,260547.0,249131.0,234477.0,260547.0,245221.0,318656.0,"{""office"": ""OH Senate District 10"", ""source"": ""mock"", ""candidates"": [{""name"": ""Jessica Williams"", ""party"": ""D""}, {""name"": ""Barbara Martinez"", ""party"": ""R""}]}",Synthetic state-leg row — replace via OpenStates / FTM pipeline,mock
OH-U-011,OH,upper,11,ocd-division/country:us/state:oh/sldu:11,OH SD-11,R,James Brown,R,2011,15.0,5.3,Lean R,True,False,defend,33,17,684706.0,616235.0,525137.0,472623.0,616235.0,582000.0,472623.0,446366.0,582000.0,547765.0,446366.0,420109.0,634303.0,"{""office"": ""OH Senate District 11"", ""source"": ""mock"", ""candidates"": [{""name"": ""James Brown"", ""party"": ""R""}, {""name"": ""John Miller"", ""party"": ""D""}]}",Synthetic state-leg row — replace via OpenStates / FTM pipeline,mock
OH-U-012,OH,upper,12,ocd-division/country:us/state:oh/sldu:12,OH SD-12,R,Mary Jones,R,2023,3.0,19.8,Likely R,True,False,safe,33,17,294249.0,264825.0,175168.0,157651.0,264825.0,250112.0,157651.0,148893.0,250112.0,235400.0,148893.0,140135.0,148872.0,"{""office"": ""OH Senate District 12"", ""source"": ""mock"", ""candidates"": [{""name"": ""Mary Jones"", ""party"": ""R""}, {""name"": ""Mary Wilson"", ""party"": ""D""}]}",Synthetic state-leg row — replace via OpenStates / FTM pipeline,mock
OH-U-013,OH,upper,13,ocd-division/country:us/state:oh/sldu:13,OH SD-13,D,Robert Garcia,D,2020,6.0,3.3,Lean R,True,False,attack,33,17,531095.0,477986.0,740380.0,666342.0,477986.0,451431.0,666342.0,629323.0,451431.0,424876.0,629323.0,592304.0,702944.0,"{""office"": ""OH Senate District 13"", ""source"": ""mock"", ""candidates"": [{""name"": ""Robert Garcia"", ""party"": ""D""}, {""name"": ""John Johnson"", ""party"": ""R""}]}",Synthetic state-leg row — replace via OpenStates / FTM pipeline,mock
OH-U-014,OH,upper,14,ocd-division/country:us/state:oh/sldu:14,OH SD-14,D,Patricia Miller,D,2018,8.0,-5.8,Lean D,True,False,attack,33,17,491071.0,441964.0,670761.0,603685.0,441964.0,417410.0,603685.0,570147.0,417410.0,392857.0,570147.0,536609.0,600833.0,"{""office"": ""OH Senate District 14"", ""source"": ""mock"", ""candidates"": [{""name"": ""Patricia Miller"", ""party"": ""D""}, {""name"": ""William Thomas"", ""party"": ""R""}]}",Synthetic state-leg row — replace via OpenStates / FTM pipeline,mock
OH-U-015,OH,upper,15,ocd-division/country:us/state:oh/sldu:15,OH SD-15,R,John Davis,R,2022,4.0,13.0,Likely R,True,False,defend,33,17,556054.0,500448.0,605771.0,545193.0,500448.0,472645.0,545193.0,514905.0,472645.0,444843.0,514905.0,484616.0,481327.0,"{""office"": ""OH Senate District 15"", ""source"": ""mock"", ""candidates"": [{""name"": ""John Davis"", ""party"": ""R""}, {""name"": ""Jessica Lopez"", ""party"": ""D""}]}",Synthetic state-leg row — replace via OpenStates / FTM pipeline,mock
OH-U-016,OH,upper,16,ocd-division/country:us/state:oh/sldu:16,OH SD-16,D,Jennifer Rodriguez,D,2018,8.0,2.8,Lean R,True,False,attack,33,17,568590.0,511731.0,525081.0,472573.0,511731.0,483301.0,472573.0,446319.0,483301.0,454872.0,446319.0,420065.0,612456.0,"{""office"": ""OH Senate District 16"", ""source"": ""mock"", ""candidates"": [{""name"": ""Jennifer Rodriguez"", ""party"": ""D""}, {""name"": ""Barbara Anderson"", ""party"": ""R""}]}",Synthetic state-leg row — replace via OpenStates / FTM pipeline,mock
OH-U-017,OH,upper,17,ocd-division/country:us/state:oh/sldu:17,OH SD-17,R,Michael Martinez,R,2018,8.0,14.2,Likely R,True,False,safe,33,17,475409.0,427868.0,384715.0,346244.0,427868.0,404097.0,346244.0,327008.0,404097.0,380327.0,327008.0,307772.0,341592.0,"{""office"": ""OH Senate District 17"", ""source"": ""mock"", ""candidates"": [{""name"": ""Michael Martinez"", ""party"": ""R""}]}",Synthetic state-leg row — replace via OpenStates / FTM pipeline,mock
OH-U-018,OH,upper,18,ocd-division/country:us/state:oh/sldu:18,OH SD-18,R,Linda Hernandez,R,2017,9.0,11.8,Likely R,True,False,defend,33,17,296285.0,266657.0,216229.0,194606.0,266657.0,251843.0,194606.0,183794.0,251843.0,237028.0,183794.0,172983.0,221113.0,"{""office"": ""OH Senate District 18"", ""source"": ""mock"", ""candidates"": [{""name"": ""Linda Hernandez"", ""party"": ""R""}, {""name"": ""Richard Hernandez"", ""party"": ""D""}]}",Synthetic state-leg row — replace via OpenStates / FTM pipeline,mock
OH-U-019,OH,upper,19,ocd-division/country:us/state:oh/sldu:19,OH SD-19,R,David Lopez,R,2016,10.0,2.2,Lean R,True,False,defend,33,17,515862.0,464276.0,268771.0,241894.0,464276.0,438483.0,241894.0,228456.0,438483.0,412690.0,228456.0,215017.0,446120.0,"{""office"": ""OH Senate District 19"", ""source"": ""mock"", ""candidates"": [{""name"": ""David Lopez"", ""party"": ""R""}, {""name"": ""Patricia Smith"", ""party"": ""D""}]}",Synthetic state-leg row — replace via OpenStates / FTM pipeline,mock
OH-U-020,OH,upper,20,ocd-division/country:us/state:oh/sldu:20,OH SD-20,R,Elizabeth Wilson,R,2012,14.0,-4.1,Lean D,True,False,defend,33,17,392823.0,353541.0,415285.0,373757.0,353541.0,333900.0,373757.0,352993.0,333900.0,314258.0,352993.0,332228.0,437533.0,"{""office"": ""OH Senate District 20"", ""source"": ""mock"", ""candidates"": [{""name"": ""Elizabeth Wilson"", ""party"": ""R""}, {""name"": ""Richard Williams"", ""party"": ""D""}]}",Synthetic state-leg row — replace via OpenStates / FTM pipeline,mock
OH-U-021,OH,upper,21,ocd-division/country:us/state:oh/sldu:21,OH SD-21,R,William Anderson,R,2016,10.0,7.2,Likely R,True,False,defend,33,17,666093.0,599483.0,453756.0,408380.0,599483.0,566179.0,408380.0,385693.0,566179.0,532874.0,385693.0,363005.0,556725.0,"{""office"": ""OH Senate District 21"", ""source"": ""mock"", ""candidates"": [{""name"": ""William Anderson"", ""party"": ""R""}, {""name"": ""Jessica Miller"", ""party"": ""D""}]}",Synthetic state-leg row — replace via OpenStates / FTM pipeline,mock
OH-U-022,OH,upper,22,ocd-division/country:us/state:oh/sldu:22,OH SD-22,D,Barbara Thomas,D,2016,10.0,1.2,Toss-up,True,False,attack,33,17,313007.0,281706.0,330786.0,297707.0,281706.0,266056.0,297707.0,281168.0,266056.0,250405.0,281168.0,264628.0,375239.0,"{""office"": ""OH Senate District 22"", ""source"": ""mock"", ""candidates"": [{""name"": ""Barbara Thomas"", ""party"": ""D""}, {""name"": ""Jessica Garcia"", ""party"": ""R""}]}",Synthetic state-leg row — replace via OpenStates / FTM pipeline,mock
OH-U-023,OH,upper,23,ocd-division/country:us/state:oh/sldu:23,OH SD-23,D,Richard Smith,D,2010,16.0,-3.0,Lean D,True,False,attack,33,17,409112.0,368201.0,517066.0,465359.0,368201.0,347746.0,465359.0,439506.0,347746.0,327290.0,439506.0,413653.0,516014.0,"{""office"": ""OH Senate District 23"", ""source"": ""mock"", ""candidates"": [{""name"": ""Richard Smith"", ""party"": ""D""}, {""name"": ""John Smith"", ""party"": ""R""}]}",Synthetic state-leg row — replace via OpenStates / FTM pipeline,mock
OH-U-024,OH,upper,24,ocd-division/country:us/state:oh/sldu:24,OH SD-24,R,Susan Johnson,R,2014,12.0,17.1,Likely R,True,False,safe,33,17,563283.0,506954.0,307122.0,276410.0,506954.0,478790.0,276410.0,261054.0,478790.0,450626.0,261054.0,245698.0,309615.0,"{""office"": ""OH Senate District 24"", ""source"": ""mock"", ""candidates"": [{""name"": ""Susan Johnson"", ""party"": ""R""}, {""name"": ""Elizabeth Thomas"", ""party"": ""D""}]}",Synthetic state-leg row — replace via OpenStates / FTM pipeline,mock
OH-U-025,OH,upper,25,ocd-division/country:us/state:oh/sldu:25,OH SD-25,D,OPEN SEAT,,,0.0,-14.1,Likely D,False,True,safe,33,17,462092.0,415883.0,539945.0,485951.0,415883.0,392778.0,485951.0,458954.0,392778.0,369674.0,458954.0,431956.0,399384.0,"{""office"": ""OH Senate District 25"", ""source"": ""mock"", ""candidates"": [{""name"": ""John Smith"", ""party"": ""R""}]}",Synthetic state-leg row — replace via OpenStates / FTM pipeline,mock
OH-U-026,OH,upper,26,ocd-division/country:us/state:oh/sldu:26,OH SD-26,D,Joseph Williams,D,2018,8.0,-15.7,Likely D,True,False,safe,33,17,299015.0,269113.0,441706.0,397536.0,269113.0,254163.0,397536.0,375450.0,254163.0,239212.0,375450.0,353365.0,278299.0,"{""office"": ""OH Senate District 26"", ""source"": ""mock"", ""candidates"": [{""name"": ""Joseph Williams"", ""party"": ""D""}]}",Synthetic state-leg row — replace via OpenStates / FTM pipeline,mock
OH-U-027,OH,upper,27,ocd-division/country:us/state:oh/sldu:27,OH SD-27,D,Jessica Brown,D,2014,12.0,-2.4,Lean D,True,False,attack,33,17,628844.0,565960.0,1088671.0,979804.0,565960.0,534518.0,979804.0,925371.0,534518.0,503075.0,925371.0,870937.0,971623.0,"{""office"": ""OH Senate District 27"", ""source"": ""mock"", ""candidates"": [{""name"": ""Jessica Brown"", ""party"": ""D""}, {""name"": ""Susan Jones"", ""party"": ""R""}]}",Synthetic state-leg row — replace via OpenStates / FTM pipeline,mock
OH-U-028,OH,upper,28,ocd-division/country:us/state:oh/sldu:28,OH SD-28,R,James Jones,R,2019,7.0,1.8,Toss-up,True,False,defend,33,17,655168.0,589651.0,441315.0,397183.0,589651.0,556892.0,397183.0,375117.0,556892.0,524134.0,375117.0,353052.0,629694.0,"{""office"": ""OH Senate District 28"", ""source"": ""mock"", ""candidates"": [{""name"": ""James Jones"", ""party"": ""R""}, {""name"": ""Mary Thomas"", ""party"": ""D""}]}",Synthetic state-leg row — replace via OpenStates / FTM pipeline,mock
OH-U-029,OH,upper,29,ocd-division/country:us/state:oh/sldu:29,OH SD-29,R,Mary Garcia,R,2011,15.0,2.6,Lean R,True,False,defend,33,17,967183.0,870465.0,770445.0,693401.0,870465.0,822106.0,693401.0,654878.0,822106.0,773746.0,654878.0,616356.0,978036.0,"{""office"": ""OH Senate District 29"", ""source"": ""mock"", ""candidates"": [{""name"": ""Mary Garcia"", ""party"": ""R""}, {""name"": ""Barbara Smith"", ""party"": ""D""}]}",Synthetic state-leg row — replace via OpenStates / FTM pipeline,mock
OH-U-030,OH,upper,30,ocd-division/country:us/state:oh/sldu:30,OH SD-30,R,Robert Miller,R,2018,8.0,8.8,Likely R,True,False,defend,33,17,311752.0,280577.0,426806.0,384125.0,280577.0,264989.0,384125.0,362785.0,264989.0,249402.0,362785.0,341445.0,350287.0,"{""office"": ""OH Senate District 30"", ""source"": ""mock"", ""candidates"": [{""name"": ""Robert Miller"", ""party"": ""R""}, {""name"": ""Barbara Thomas"", ""party"": ""D""}]}",Synthetic state-leg row — replace via OpenStates / FTM pipeline,mock
OH-U-031,OH,upper,31,ocd-division/country:us/state:oh/sldu:31,OH SD-31,D,Patricia Davis,D,2008,18.0,-6.6,Lean D,True,False,attack,33,17,226075.0,203467.0,246021.0,221419.0,203467.0,192164.0,221419.0,209118.0,192164.0,180860.0,209118.0,196817.0,238746.0,"{""office"": ""OH Senate District 31"", ""source"": ""mock"", ""candidates"": [{""name"": ""Patricia Davis"", ""party"": ""D""}, {""name"": ""James Hernandez"", ""party"": ""R""}]}",Synthetic state-leg row — replace via OpenStates / FTM pipeline,mock
OH-U-032,OH,upper,32,ocd-division/country:us/state:oh/sldu:32,OH SD-32,R,John Rodriguez,R,2023,3.0,10.5,Likely R,True,False,defend,33,17,316630.0,284967.0,197794.0,178015.0,284967.0,269136.0,178015.0,168125.0,269136.0,253304.0,168125.0,158235.0,231491.0,"{""office"": ""OH Senate District 32"", ""source"": ""mock"", ""candidates"": [{""name"": ""John Rodriguez"", ""party"": ""R""}, {""name"": ""James Miller"", ""party"": ""D""}]}",Synthetic state-leg row — replace via OpenStates / FTM pipeline,mock
OH-U-033,OH,upper,33,ocd-division/country:us/state:oh/sldu:33,OH SD-33,R,Jennifer Martinez,R,2018,8.0,7.5,Likely R,True,False,defend,33,17,319569.0,287612.0,284683.0,256214.0,287612.0,271634.0,256214.0,241980.0,271634.0,255655.0,241980.0,227746.0,297810.0,"{""office"": ""OH Senate District 33"", ""source"": ""mock"", ""candidates"": [{""name"": ""Jennifer Martinez"", ""party"": ""R""}, {""name"": ""Linda Davis"", ""party"": ""D""}]}",Synthetic state-leg row — replace via OpenStates / FTM pipeline,mock
OK-U-001,OK,upper,1,ocd-division/country:us/state:ok/sldu:1,OK SD-1,R,Michael Hernandez,R,2019,7.0,13.0,Likely R,True,False,defend,48,25,276113.0,248502.0,205685.0,185116.0,248502.0,234696.0,185116.0,174832.0,234696.0,220891.0,174832.0,164548.0,199602.0,"{""office"": ""OK Senate District 1"", ""source"": ""mock"", ""candidates"": [{""name"": ""Michael Hernandez"", ""party"": ""R""}, {""name"": ""Susan Brown"", ""party"": ""D""}]}",Synthetic state-leg row — replace via OpenStates / FTM pipeline,mock
OK-U-002,OK,upper,2,ocd-division/country:us/state:ok/sldu:2,OK SD-2,R,Linda Lopez,R,2008,18.0,4.5,Lean R,True,False,defend,48,25,348161.0,313345.0,277564.0,249807.0,313345.0,295937.0,249807.0,235929.0,295937.0,278529.0,235929.0,222051.0,335210.0,"{""office"": ""OK Senate District 2"", ""source"": ""mock"", ""candidates"": [{""name"": ""Linda Lopez"", ""party"": ""R""}, {""name"": ""Elizabeth Garcia"", ""party"": ""D""}]}",Synthetic state-leg row — replace via OpenStates / FTM pipeline,mock
OK-U-003,OK,upper,3,ocd-division/country:us/state:ok/sldu:3,OK SD-3,R,David Wilson,R,2015,11.0,4.0,Lean R,True,False,defend,48,25,1056349.0,950714.0,933185.0,839866.0,950714.0,897897.0,839866.0,793207.0,897897.0,845079.0,793207.0,746548.0,1080033.0,"{""office"": ""OK Senate District 3"", ""source"": ""mock"", ""candidates"": [{""name"": ""David Wilson"", ""party"": ""R""}, {""name"": ""Richard Lopez"", ""party"": ""D""}]}",Synthetic state-leg row — replace via OpenStates / FTM pipeline,mock
OK-U-004,OK,upper,4,ocd-division/country:us/state:ok/sldu:4,OK SD-4,R,Elizabeth Anderson,R,2012,14.0,5.3,Lean R,True,False,defend,48,25,573660.0,516294.0,411819.0,370637.0,516294.0,487611.0,370637.0,350046.0,487611.0,458928.0,350046.0,329455.0,516672.0,"{""office"": ""OK Senate District 4"", ""source"": ""mock"", ""candidates"": [{""name"": ""Elizabeth Anderson"", ""party"": ""R""}, {""name"": ""James Martinez"", ""party"": ""D""}]}",Synthetic state-leg row — replace via OpenStates / FTM pipeline,mock
OK-U-005,OK,upper,5,ocd-division/country:us/state:ok/sldu:5,OK SD-5,R,William Thomas,R,2009,17.0,10.6,Likely R,True,False,defend,48,25,295366.0,265830.0,321077.0,288969.0,265830.0,251061.0,288969.0,272916.0,251061.0,236293.0,272916.0,256862.0,276519.0,"{""office"": ""OK Senate District 5"", ""source"": ""mock"", ""candidates"": [{""name"": ""William Thomas"", ""party"": ""R""}, {""name"": ""Susan Lopez"", ""party"": ""D""}]}",Synthetic state-leg row — replace via OpenStates / FTM pipeline,mock
OK-U-006,OK,upper,6,ocd-division/country:us/state:ok/sldu:6,OK SD-6,R,OPEN SEAT,,,0.0,12.6,Likely R,False,True,defend,48,25,418136.0,376322.0,366002.0,329401.0,376322.0,355416.0,329401.0,311101.0,355416.0,334509.0,311101.0,292801.0,329338.0,"{""office"": ""OK Senate District 6"", ""source"": ""mock"", ""candidates"": [{""name"": ""Robert Wilson"", ""party"": ""D""}]}",Synthetic state-leg row — replace via OpenStates / FTM pipeline,mock
OK-U-007,OK,upper,7,ocd-division/country:us/state:ok/sldu:7,OK SD-7,R,Barbara Smith,R,2017,9.0,23.3,Likely R,True,False,safe,48,25,238327.0,214494.0,182084.0,163876.0,214494.0,202578.0,163876.0,154772.0,202578.0,190662.0,154772.0,145667.0,112310.0,"{""office"": ""OK Senate District 7"", ""source"": ""mock"", ""candidates"": [{""name"": ""Barbara Smith"", ""party"": ""R""}, {""name"": ""Susan Anderson"", ""party"": ""D""}]}",Synthetic state-leg row — replace via OpenStates / FTM pipeline,mock
OK-U-008,OK,upper,8,ocd-division/country:us/state:ok/sldu:8,OK SD-8,D,Richard Johnson,D,2017,9.0,-4.6,Lean D,True,False,attack,48,25,1028135.0,925322.0,874048.0,786643.0,925322.0,873915.0,786643.0,742941.0,873915.0,822508.0,742941.0,699238.0,1016309.0,"{""office"": ""OK Senate District 8"", ""source"": ""mock"", ""candidates"": [{""name"": ""Richard Johnson"", ""party"": ""D""}, {""name"": ""Patricia Wilson"", ""party"": ""R""}]}",Synthetic state-leg row — replace via OpenStates / FTM pipeline,mock
OK-U-009,OK,upper,9,ocd-division/country:us/state:ok/sldu:9,OK SD-9,R,Susan Williams,R,2020,6.0,18.4,Likely R,True,False,safe,48,25,383593.0,345233.0,481849.0,433664.0,345233.0,326054.0,433664.0,409571.0,326054.0,306874.0,409571.0,385479.0,291777.0,"{""office"": ""OK Senate District 9"", ""source"": ""mock"", ""candidates"": [{""name"": ""Susan Williams"", ""party"": ""R""}, {""name"": ""Mary Garcia"", ""party"": ""D""}]}",Synthetic state-leg row — replace via OpenStates / FTM pipeline,mock
OK-U-010,OK,upper,10,ocd-division/country:us/state:ok/sldu:10,OK SD-10,R,Joseph Brown,R,2008,18.0,17.4,Likely R,True,False,safe,48,25,207399.0,186659.0,181541.0,163387.0,186659.0,176289.0,163387.0,154310.0,176289.0,165919.0,154310.0,145233.0,136684.0,"{""office"": ""OK Senate District 10"", ""source"": ""mock"", ""candidates"": [{""name"": ""Joseph Brown"", ""party"": ""R""}]}",Synthetic state-leg row — replace via OpenStates / FTM pipeline,mock
OK-U-011,OK,upper,11,ocd-division/country:us/state:ok/sldu:11,OK SD-11,R,Jessica Jones,R,2021,5.0,7.1,Likely R,True,False,defend,48,25,576017.0,518415.0,518062.0,466256.0,518415.0,489614.0,466256.0,440353.0,489614.0,460813.0,440353.0,414450.0,545476.0,"{""office"": ""OK Senate District 11"", ""source"": ""mock"", ""candidates"": [{""name"": ""Jessica Jones"", ""party"": ""R""}, {""name"": ""John Jones"", ""party"": ""D""}]}",Synthetic state-leg row — replace via OpenStates / FTM pipeline,mock
OK-U-012,OK,upper,12,ocd-division/country:us/state:ok/sldu:12,OK SD-12,R,James Garcia,R,2015,11.0,11.8,Likely R,True,False,defend,48,25,724863.0,652377.0,422474.0,380226.0,652377.0,616134.0,380226.0,359103.0,616134.0,579890.0,359103.0,337979.0,494994.0,"{""office"": ""OK Senate District 12"", ""source"": ""mock"", ""candidates"": [{""name"": ""James Garcia"", ""party"": ""R""}, {""name"": ""Susan Anderson"", ""party"": ""D""}]}",Synthetic state-leg row — replace via OpenStates / FTM pipeline,mock
OK-U-013,OK,upper,13,ocd-division/country:us/state:ok/sldu:13,OK SD-13,R,Mary Miller,R,2014,12.0,20.7,Likely R,True,False,safe,48,25,163243.0,146919.0,111074.0,99966.0,146919.0,138757.0,99966.0,94413.0,138757.0,130594.0,94413.0,88859.0,83471.0,"{""office"": ""OK Senate District 13"", ""source"": ""mock"", ""candidates"": [{""name"": ""Mary Miller"", ""party"": ""R""}]}",Synthetic state-leg row — replace via OpenStates / FTM pipeline,mock
OK-U-014,OK,upper,14,ocd-division/country:us/state:ok/sldu:14,OK SD-14,R,Robert Davis,R,2023,3.0,8.9,Likely R,True,False,defend,48,25,229460.0,206514.0,269270.0,242343.0,206514.0,195041.0,242343.0,228879.0,195041.0,183568.0,228879.0,215416.0,235828.0,"{""office"": ""OK Senate District 14"", ""source"": ""mock"", ""candidates"": [{""name"": ""Robert Davis"", ""party"": ""R""}, {""name"": ""Elizabeth Smith"", ""party"": ""D""}]}",Synthetic state-leg row — replace via OpenStates / FTM pipeline,mock
OK-U-015,OK,upper,15,ocd-division/country:us/state:ok/sldu:15,OK SD-15,R,Patricia Rodriguez,R,2011,15.0,28.4,Likely R,True,False,safe,48,25,104929.0,94436.0,66554.0,59898.0,94436.0,89190.0,59898.0,56571.0,89190.0,83943.0,56571.0,53243.0,42528.0,"{""office"": ""OK Senate District 15"", ""source"": ""mock"", ""candidates"": [{""name"": ""Patricia Rodriguez"", ""party"": ""R""}]}",Synthetic state-leg row — replace via OpenStates / FTM pipeline,mock
OK-U-016,OK,upper,16,ocd-division/country:us/state:ok/sldu:16,OK SD-16,R,John Martinez,R,2014,12.0,3.8,Lean R,True,False,defend,48,25,919619.0,827658.0,763428.0,687086.0,827658.0,781677.0,687086.0,648914.0,781677.0,735696.0,648914.0,610743.0,918463.0,"{""office"": ""OK Senate District 16"", ""source"": ""mock"", ""candidates"": [{""name"": ""John Martinez"", ""party"": ""R""}, {""name"": ""Patricia Wilson"", ""party"": ""D""}]}",Synthetic state-leg row — replace via OpenStates / FTM pipeline,mock
OK-U-017,OK,upper,17,ocd-division/country:us/state:ok/sldu:17,OK SD-17,R,Jennifer Hernandez,R,2015,11.0,18.0,Likely R,True,False,safe,48,25,333864.0,300477.0,319178.0,287260.0,300477.0,283784.0,287260.0,271301.0,283784.0,267091.0,271301.0,255342.0,223900.0,"{""office"": ""OK Senate District 17"", ""source"": ""mock"", ""candidates"": [{""name"": ""Jennifer Hernandez"", ""party"": ""R""}, {""name"": ""William Martinez"", ""party"": ""D""}]}",Synthetic state-leg row — replace via OpenStates / FTM pipeline,mock
OK-U-018,OK,upper,18,ocd-division/country:us/state:ok/sldu:18,OK SD-18,R,Michael Lopez,R,2008,18.0,2.1,Lean R,True,False,defend,48,25,1136618.0,1022956.0,895992.0,806393.0,1022956.0,966125.0,806393.0,761593.0,966125.0,909294.0,761593.0,716794.0,1158587.0,"{""office"": ""OK Senate District 18"", ""source"": ""mock"", ""candidates"": [{""name"": ""Michael Lopez"", ""party"": ""R""}, {""name"": ""Michael Wilson"", ""party"": ""D""}]}",Synthetic state-leg row — replace via OpenStates / FTM pipeline,mock
OK-U-019,OK,upper,19,ocd-division/country:us/state:ok/sldu:19,OK SD-19,R,Linda Wilson,R,2021,5.0,32.1,Likely R,False,False,safe,48,25,141833.0,127649.0,91965.0,82768.0,127649.0,120558.0,82768.0,78170.0,120558.0,113466.0,78170.0,73572.0,57982.0,"{""office"": ""OK Senate District 19"", ""source"": ""mock"", ""candidates"": [{""name"": ""Linda Wilson"", ""party"": ""R""}]}",Synthetic state-leg row — replace via OpenStates / FTM pipeline,mock
OK-U-020,OK,upper,20,ocd-division/country:us/state:ok/sldu:20,OK SD-20,R,David Anderson,R,2011,15.0,5.4,Lean R,True,False,defend,48,25,957326.0,861594.0,803457.0,723111.0,861594.0,813727.0,723111.0,682938.0,813727.0,765861.0,682938.0,642765.0,920638.0,"{""office"": ""OK Senate District 20"", ""source"": ""mock"", ""candidates"": [{""name"": ""David Anderson"", ""party"": ""R""}, {""name"": ""Richard Rodriguez"", ""party"": ""D""}]}",Synthetic state-leg row — replace via OpenStates / FTM pipeline,mock
OK-U-021,OK,upper,21,ocd-division/country:us/state:ok/sldu:21,OK SD-21,R,Elizabeth Thomas,R,2021,5.0,-0.5,Toss-up,True,False,defend,48,25,930525.0,837473.0,793687.0,714318.0,837473.0,790947.0,714318.0,674634.0,790947.0,744420.0,674634.0,634950.0,1022212.0,"{""office"": ""OK Senate District 21"", ""source"": ""mock"", ""candidates"": [{""name"": ""Elizabeth Thomas"", ""party"": ""R""}, {""name"": ""David Miller"", ""party"": ""D""}]}",Synthetic state-leg row — replace via OpenStates / FTM pipeline,mock
OK-U-022,OK,upper,22,ocd-division/country:us/state:ok/sldu:22,OK SD-22,R,William Smith,R,2012,14.0,33.9,Likely R,False,False,safe,48,25,187473.0,168725.0,136134.0,122520.0,168725.0,159352.0,122520.0,115714.0,159352.0,149978.0,115714.0,108907.0,80254.0,"{""office"": ""OK Senate District 22"", ""source"": ""mock"", ""candidates"": [{""name"": ""William Smith"", ""party"": ""R""}]}",Synthetic state-leg row — replace via OpenStates / FTM pipeline,mock
OK-U-023,OK,upper,23,ocd-division/country:us/state:ok/sldu:23,OK SD-23,R,Barbara Johnson,R,2014,12.0,13.9,Likely R,True,False,defend,48,25,568513.0,511662.0,662878.0,596590.0,511662.0,483236.0,596590.0,563446.0,483236.0,454810.0,563446.0,530302.0,494316.0,"{""office"": ""OK Senate District 23"", ""source"": ""mock"", ""candidates"": [{""name"": ""Barbara Johnson"", ""party"": ""R""}, {""name"": ""Barbara Garcia"", ""party"": ""D""}]}",Synthetic state-leg row — replace via OpenStates / FTM pipeline,mock
OK-U-024,OK,upper,24,ocd-division/country:us/state:ok/sldu:24,OK SD-24,R,Richard Williams,R,2012,14.0,2.0,Lean R,True,False,defend,48,25,554105.0,498695.0,550057.0,495051.0,498695.0,470990.0,495051.0,467548.0,470990.0,443284.0,467548.0,440045.0,630950.0,"{""office"": ""OK Senate District 24"", ""source"": ""mock"", ""candidates"": [{""name"": ""Richard Williams"", ""party"": ""R""}, {""name"": ""John Rodriguez"", ""party"": ""D""}]}",Synthetic state-leg row — replace via OpenStates / FTM pipeline,mock
OK-U-025,OK,upper,25,ocd-division/country:us/state:ok/sldu:25,OK SD-25,R,Susan Brown,R,2013,13.0,40.0,Likely R,False,False,safe,48,25,165880.0,149292.0,131258.0,118132.0,149292.0,140998.0,118132.0,111569.0,140998.0,132704.0,111569.0,105006.0,73690.0,"{""office"": ""OK Senate District 25"", ""source"": ""mock"", ""candidates"": [{""name"": ""Susan Brown"", ""party"": ""R""}]}",Synthetic state-leg row — replace via OpenStates / FTM pipeline,mock
OK-U-026,OK,upper,26,ocd-division/country:us/state:ok/sldu:26,OK SD-26,R,Joseph Jones,R,2024,2.0,18.6,Likely R,True,False,safe,48,25,223034.0,200731.0,177709.0,159938.0,200731.0,189579.0,159938.0,151052.0,189579.0,178427.0,151052.0,142167.0,133963.0,"{""office"": ""OK Senate District 26"", ""source"": ""mock"", ""candidates"": [{""name"": ""Joseph Jones"", ""party"": ""R""}, {""name"": ""James Garcia"", ""party"": ""D""}]}",Synthetic state-leg row — replace via OpenStates / FTM pipeline,mock
OK-U-027,OK,upper,27,ocd-division/country:us/state:ok/sldu:27,OK SD-27,R,Jessica Garcia,R,2016,10.0,22.9,Likely R,True,False,safe,48,25,140550.0,126495.0,149330.0,134397.0,126495.0,119468.0,134397.0,126931.0,119468.0,112440.0,126931.0,119464.0,79096.0,"{""office"": ""OK Senate District 27"", ""source"": ""mock"", ""candidates"": [{""name"": ""Jessica Garcia"", ""party"": ""R""}]}",Synthetic state-leg row — replace via OpenStates / FTM pipeline,mock
OK-U-028,OK,upper,28,ocd-division/country:us/state:ok/sldu:28,OK SD-28,R,James Miller,R,2019,7.0,20.0,Likely R,True,False,safe,48,25,165853.0,149268.0,205831.0,185248.0,149268.0,140975.0,185248.0,174956.0,140975.0,132683.0,174956.0,164664.0,116815.0,"{""office"": ""OK Senate District 28"", ""source"": ""mock"", ""candidates"": [{""name"": ""James Miller"", ""party"": ""R""}, {""name"": ""Richard Jones"", ""party"": ""D""}]}",Synthetic state-leg row — replace via OpenStates / FTM pipeline,mock
OK-U-029,OK,upper,29,ocd-division/country:us/state:ok/sldu:29,OK SD-29,R,Mary Davis,R,2021,5.0,8.2,Likely R,False,False,defend,48,25,358124.0,322312.0,381010.0,342909.0,322312.0,304406.0,342909.0,323859.0,304406.0,286499.0,323859.0,304808.0,356896.0,"{""office"": ""OK Senate District 29"", ""source"": ""mock"", ""candidates"": [{""name"": ""Mary Davis"", ""party"": ""R""}, {""name"": ""Jessica Davis"", ""party"": ""D""}]}",Synthetic state-leg row — replace via OpenStates / FTM pipeline,mock
OK-U-030,OK,upper,30,ocd-division/country:us/state:ok/sldu:30,OK SD-30,R,OPEN SEAT,,,0.0,29.6,Likely R,False,True,safe,48,25,111323.0,100191.0,68431.0,61588.0,100191.0,94625.0,61588.0,58166.0,94625.0,89059.0,58166.0,54745.0,44579.0,"{""office"": ""OK Senate District 30"", ""source"": ""mock"", ""candidates"": []}",Synthetic state-leg row — replace via OpenStates / FTM pipeline,mock
OK-U-031,OK,upper,31,ocd-division/country:us/state:ok/sldu:31,OK SD-31,R,Robert Rodriguez,R,2016,10.0,26.5,Likely R,True,False,safe,48,25,162536.0,146282.0,166768.0,150091.0,146282.0,138155.0,150091.0,141753.0,138155.0,130029.0,141753.0,133414.0,81667.0,"{""office"": ""OK Senate District 31"", ""source"": ""mock"", ""candidates"": [{""name"": ""Robert Rodriguez"", ""party"": ""R""}]}",Synthetic state-leg row — replace via OpenStates / FTM pipeline,mock
OK-U-032,OK,upper,32,ocd-division/country:us/state:ok/sldu:32,OK SD-32,R,Patricia Martinez,R,2012,14.0,8.2,Likely R,False,False,defend,48,25,465167.0,418651.0,498176.0,448358.0,418651.0,395392.0,448358.0,423450.0,395392.0,372134.0,423450.0,398541.0,465157.0,"{""office"": ""OK Senate District 32"", ""source"": ""mock"", ""candidates"": [{""name"": ""Patricia Martinez"", ""party"": ""R""}, {""name"": ""Richard Williams"", ""party"": ""D""}]}",Synthetic state-leg row — replace via OpenStates / FTM pipeline,mock
OK-U-033,OK,upper,33,ocd-division/country:us/state:ok/sldu:33,OK SD-33,R,John Hernandez,R,2022,4.0,32.9,Likely R,False,False,safe,48,25,247026.0,222323.0,175840.0,158256.0,222323.0,209972.0,158256.0,149464.0,209972.0,197620.0,149464.0,140672.0,104871.0,"{""office"": ""OK Senate District 33"", ""source"": ""mock"", ""candidates"": [{""name"": ""John Hernandez"", ""party"": ""R""}]}",Synthetic state-leg row — replace via OpenStates / FTM pipeline,mock
OK-U-034,OK,upper,34,ocd-division/country:us/state:ok/sldu:34,OK SD-34,R,Jennifer Lopez,R,2022,4.0,34.5,Likely R,True,False,safe,48,25,233460.0,210114.0,131277.0,118150.0,210114.0,198441.0,118150.0,111586.0,198441.0,186768.0,111586.0,105022.0,90455.0,"{""office"": ""OK Senate District 34"", ""source"": ""mock"", ""candidates"": [{""name"": ""Jennifer Lopez"", ""party"": ""R""}, {""name"": ""Michael Davis"", ""party"": ""D""}]}",Synthetic state-leg row — replace via OpenStates / FTM pipeline,mock
OK-U-035,OK,upper,35,ocd-division/country:us/state:ok/sldu:35,OK SD-35,R,Michael Wilson,R,2013,13.0,18.5,Likely R,True,False,safe,48,25,145129.0,130616.0,136578.0,122920.0,130616.0,123359.0,122920.0,116091.0,123359.0,116103.0,116091.0,109262.0,94573.0,"{""office"": ""OK Senate District 35"", ""source"": ""mock"", ""candidates"": [{""name"": ""Michael Wilson"", ""party"": ""R""}]}",Synthetic state-leg row — replace via OpenStates / FTM pipeline,mock
OK-U-036,OK,upper,36,ocd-division/country:us/state:ok/sldu:36,OK SD-36,R,Linda Anderson,R,2011,15.0,18.1,Likely R,True,False,safe,48,25,309222.0,278300.0,226647.0,203983.0,278300.0,262839.0,203983.0,192650.0,262839.0,247378.0,192650.0,181318.0,182961.0,"{""office"": ""OK Senate District 36"", ""source"": ""mock"", ""candidates"": [{""name"": ""Linda Anderson"", ""party"": ""R""}]}",Synthetic state-leg row — replace via OpenStates / FTM pipeline,mock
OK-U-037,OK,upper,37,ocd-division/country:us/state:ok/sldu:37,OK SD-37,R,David Thomas,R,2022,4.0,14.6,Likely R,True,False,safe,48,25,281163.0,253047.0,188972.0,170075.0,253047.0,238988.0,170075.0,160626.0,238988.0,224930.0,160626.0,151178.0,184024.0,"{""office"": ""OK Senate District 37"", ""source"": ""mock"", ""candidates"": [{""name"": ""David Thomas"", ""party"": ""R""}, {""name"": ""Mary Brown"", ""party"": ""D""}]}",Synthetic state-leg row — replace via OpenStates / FTM pipeline,mock
OK-U-038,OK,upper,38,ocd-division/country:us/state:ok/sldu:38,OK SD-38,R,Elizabeth Smith,R,2014,12.0,10.3,Likely R,True,False,defend,48,25,356421.0,320779.0,332730.0,299457.0,320779.0,302958.0,299457.0,282820.0,302958.0,285137.0,282820.0,266184.0,312087.0,"{""office"": ""OK Senate District 38"", ""source"": ""mock"", ""candidates"": [{""name"": ""Elizabeth Smith"", ""party"": ""R""}, {""name"": ""Jessica Johnson"", ""party"": ""D""}]}",Synthetic state-leg row — replace via OpenStates / FTM pipeline,mock
OK-U-039,OK,upper,39,ocd-division/country:us/state:ok/sldu:39,OK SD-39,R,William Johnson,R,2015,11.0,21.4,Likely R,True,False,safe,48,25,288157.0,259342.0,222130.0,199917.0,259342.0,244934.0,199917.0,188811.0,244934.0,230526.0,188811.0,177704.0,150170.0,"{""office"": ""OK Senate District 39"", ""source"": ""mock"", ""candidates"": [{""name"": ""William Johnson"", ""party"": ""R""}]}",Synthetic state-leg row — replace via OpenStates / FTM pipeline,mock
OK-U-040,OK,upper,40,ocd-division/country:us/state:ok/sldu:40,OK SD-40,D,Barbara Williams,D,2021,5.0,1.1,Toss-up,True,False,attack,48,25,283880.0,255492.0,410886.0,369797.0,255492.0,241298.0,369797.0,349253.0,241298.0,227104.0,349253.0,328709.0,405942.0,"{""office"": ""OK Senate District 40"", ""source"": ""mock"", ""candidates"": [{""name"": ""Barbara Williams"", ""party"": ""D""}, {""name"": ""Jennifer Rodriguez"", ""party"": ""R""}]}",Synthetic state-leg row — replace via OpenStates / FTM pipeline,mock
OK-U-041,OK,upper,41,ocd-division/country:us/state:ok/sldu:41,OK SD-41,R,Richard Brown,R,2019,7.0,18.6,Likely R,True,False,safe,48,25,152246.0,137021.0,146833.0,132149.0,137021.0,129409.0,132149.0,124808.0,129409.0,121797.0,124808.0,117466.0,99978.0,"{""office"": ""OK Senate District 41"", ""source"": ""mock"", ""candidates"": [{""name"": ""Richard Brown"", ""party"": ""R""}]}",Synthetic state-leg row — replace via OpenStates / FTM pipeline,mock
OK-U-042,OK,upper,42,ocd-division/country:us/state:ok/sldu:42,OK SD-42,R,Susan Jones,R,2020,6.0,33.5,Likely R,True,False,safe,48,25,104210.0,93789.0,73710.0,66339.0,93789.0,88579.0,66339.0,62654.0,88579.0,83368.0,62654.0,58968.0,44124.0,"{""office"": ""OK Senate District 42"", ""source"": ""mock"", ""candidates"": [{""name"": ""Susan Jones"", ""party"": ""R""}]}",Synthetic state-leg row — replace via OpenStates / FTM pipeline,mock
OK-U-043,OK,upper,43,ocd-division/country:us/state:ok/sldu:43,OK SD-43,R,Joseph Garcia,R,2019,7.0,28.9,Likely R,True,False,safe,48,25,146133.0,131520.0,117632.0,105868.0,131520.0,124213.0,105868.0,99987.0,124213.0,116907.0,99987.0,94105.0,65414.0,"{""office"": ""OK Senate District 43"", ""source"": ""mock"", ""candidates"": [{""name"": ""Joseph Garcia"", ""party"": ""R""}]}",Synthetic state-leg row — replace via OpenStates / FTM pipeline,mock
OK-U-044,OK,upper,44,ocd-division/country:us/state:ok/sldu:44,OK SD-44,R,Jessica Miller,R,2015,11.0,15.8,Likely R,True,False,safe,48,25,416033.0,374430.0,438317.0,394485.0,374430.0,353628.0,394485.0,372569.0,353628.0,332827.0,372569.0,350653.0,319771.0,"{""office"": ""OK Senate District 44"", ""source"": ""mock"", ""candidates"": [{""name"": ""Jessica Miller"", ""party"": ""R""}]}",Synthetic state-leg row — replace via OpenStates / FTM pipeline,mock
OK-U-045,OK,upper,45,ocd-division/country:us/state:ok/sldu:45,OK SD-45,R,James Davis,R,2010,16.0,33.1,Likely R,True,False,safe,48,25,200491.0,180442.0,182600.0,164340.0,180442.0,170418.0,164340.0,155210.0,170418.0,160393.0,155210.0,146080.0,95007.0,"{""office"": ""OK Senate District 45"", ""source"": ""mock"", ""candidates"": [{""name"": ""James Davis"", ""party"": ""R""}]}",Synthetic state-leg row — replace via OpenStates / FTM pipeline,mock
OK-U-046,OK,upper,46,ocd-division/country:us/state:ok/sldu:46,OK SD-46,R,Mary Rodriguez,R,2022,4.0,22.2,Likely R,False,False,safe,48,25,212282.0,191054.0,190941.0,171847.0,191054.0,180440.0,171847.0,162300.0,180440.0,169826.0,162300.0,152753.0,114055.0,"{""office"": ""OK Senate District 46"", ""source"": ""mock"", ""candidates"": [{""name"": ""Mary Rodriguez"", ""party"": ""R""}]}",Synthetic state-leg row — replace via OpenStates / FTM pipeline,mock
OK-U-047,OK,upper,47,ocd-division/country:us/state:ok/sldu:47,OK SD-47,R,Robert Martinez,R,2011,15.0,6.3,Lean R,True,False,defend,48,25,944132.0,849719.0,760101.0,684091.0,849719.0,802512.0,684091.0,646086.0,802512.0,755306.0,646086.0,608081.0,869159.0,"{""office"": ""OK Senate District 47"", ""source"": ""mock"", ""candidates"": [{""name"": ""Robert Martinez"", ""party"": ""R""}, {""name"": ""Robert Johnson"", ""party"": ""D""}]}",Synthetic state-leg row — replace via OpenStates / FTM pipeline,mock
OK-U-048,OK,upper,48,ocd-division/country:us/state:ok/sldu:48,OK SD-48,R,Patricia Hernandez,R,2010,16.0,26.4,Likely R,True,False,safe,48,25,155437.0,139893.0,149347.0,134413.0,139893.0,132121.0,134413.0,126945.0,132121.0,124350.0,126945.0,119478.0,75587.0,"{""office"": ""OK Senate District 48"", ""source"": ""mock"", ""candidates"": [{""name"": ""Patricia Hernandez"", ""party"": ""R""}]}",Synthetic state-leg row — replace via OpenStates / FTM pipeline,mock
OR-U-001,OR,upper,1,ocd-division/country:us/state:or/sldu:1,OR SD-1,D,John Lopez,D,2012,14.0,-8.9,Likely D,False,False,attack,30,16,310283.0,279255.0,408730.0,367857.0,279255.0,263741.0,367857.0,347421.0,263741.0,248226.0,347421.0,326984.0,339991.0,"{""office"": ""OR Senate District 1"", ""source"": ""mock"", ""candidates"": [{""name"": ""John Lopez"", ""party"": ""D""}, {""name"": ""Jessica Williams"", ""party"": ""R""}]}",Synthetic state-leg row — replace via OpenStates / FTM pipeline,mock
OR-U-002,OR,upper,2,ocd-division/country:us/state:or/sldu:2,OR SD-2,D,Jennifer Wilson,D,2015,11.0,-3.9,Lean D,True,False,attack,30,16,487193.0,438474.0,700321.0,630289.0,438474.0,414114.0,630289.0,595273.0,414114.0,389755.0,595273.0,560257.0,646347.0,"{""office"": ""OR Senate District 2"", ""source"": ""mock"", ""candidates"": [{""name"": ""Jennifer Wilson"", ""party"": ""D""}, {""name"": ""Richard Garcia"", ""party"": ""R""}]}",Synthetic state-leg row — replace via OpenStates / FTM pipeline,mock
OR-U-003,OR,upper,3,ocd-division/country:us/state:or/sldu:3,OR SD-3,R,Michael Anderson,R,2012,14.0,1.5,Toss-up,True,False,defend,30,16,855633.0,770069.0,713562.0,642206.0,770069.0,727288.0,642206.0,606528.0,727288.0,684506.0,606528.0,570849.0,907891.0,"{""office"": ""OR Senate District 3"", ""source"": ""mock"", ""candidates"": [{""name"": ""Michael Anderson"", ""party"": ""R""}, {""name"": ""Robert Smith"", ""party"": ""D""}]}",Synthetic state-leg row — replace via OpenStates / FTM pipeline,mock
OR-U-004,OR,upper,4,ocd-division/country:us/state:or/sldu:4,OR SD-4,D,Linda Thomas,D,2018,8.0,-2.5,Lean D,True,False,attack,30,16,432125.0,388913.0,756928.0,681235.0,388913.0,367307.0,681235.0,643389.0,367307.0,345700.0,643389.0,605542.0,670966.0,"{""office"": ""OR Senate District 4"", ""source"": ""mock"", ""candidates"": [{""name"": ""Linda Thomas"", ""party"": ""D""}, {""name"": ""Linda Miller"", ""party"": ""R""}]}",Synthetic state-leg row — replace via OpenStates / FTM pipeline,mock
OR-U-005,OR,upper,5,ocd-division/country:us/state:or/sldu:5,OR SD-5,D,David Smith,D,2013,13.0,-28.2,Likely D,True,False,safe,30,16,172746.0,155471.0,166532.0,149879.0,155471.0,146834.0,149879.0,141552.0,146834.0,138197.0,141552.0,133226.0,84141.0,"{""office"": ""OR Senate District 5"", ""source"": ""mock"", ""candidates"": [{""name"": ""David Smith"", ""party"": ""D""}]}",Synthetic state-leg row — replace via OpenStates / FTM pipeline,mock
OR-U-006,OR,upper,6,ocd-division/country:us/state:or/sldu:6,OR SD-6,D,Elizabeth Johnson,D,2022,4.0,-13.9,Likely D,True,False,attack,30,16,209877.0,188890.0,166383.0,149744.0,188890.0,178396.0,149744.0,141425.0,178396.0,167902.0,141425.0,133106.0,151041.0,"{""office"": ""OR Senate District 6"", ""source"": ""mock"", ""candidates"": [{""name"": ""Elizabeth Johnson"", ""party"": ""D""}, {""name"": ""Jennifer Davis"", ""party"": ""R""}]}",Synthetic state-leg row — replace via OpenStates / FTM pipeline,mock
OR-U-007,OR,upper,7,ocd-division/country:us/state:or/sldu:7,OR SD-7,D,William Williams,D,2024,2.0,-1.7,Toss-up,True,False,attack,30,16,763189.0,686870.0,892475.0,803227.0,686870.0,648711.0,803227.0,758604.0,648711.0,610551.0,758604.0,713980.0,953189.0,"{""office"": ""OR Senate District 7"", ""source"": ""mock"", ""candidates"": [{""name"": ""William Williams"", ""party"": ""D""}, {""name"": ""David Johnson"", ""party"": ""R""}]}",Synthetic state-leg row — replace via OpenStates / FTM pipeline,mock
OR-U-008,OR,upper,8,ocd-division/country:us/state:or/sldu:8,OR SD-8,R,Barbara Brown,R,2014,12.0,-4.8,Lean D,True,False,defend,30,16,749084.0,674175.0,767084.0,690375.0,674175.0,636721.0,690375.0,652021.0,636721.0,599267.0,652021.0,613667.0,805735.0,"{""office"": ""OR Senate District 8"", ""source"": ""mock"", ""candidates"": [{""name"": ""Barbara Brown"", ""party"": ""R""}, {""name"": ""Joseph Anderson"", ""party"": ""D""}]}",Synthetic state-leg row — replace via OpenStates / FTM pipeline,mock
OR-U-009,OR,upper,9,ocd-division/country:us/state:or/sldu:9,OR SD-9,D,Richard Jones,D,2019,7.0,-15.9,Likely D,True,False,safe,30,16,329626.0,296664.0,477655.0,429889.0,296664.0,280182.0,429889.0,406007.0,280182.0,263701.0,406007.0,382124.0,301000.0,"{""office"": ""OR Senate District 9"", ""source"": ""mock"", ""candidates"": [{""name"": ""Richard Jones"", ""party"": ""D""}, {""name"": ""Mary Martinez"", ""party"": ""R""}]}",Synthetic state-leg row — replace via OpenStates / FTM pipeline,mock
OR-U-010,OR,upper,10,ocd-division/country:us/state:or/sldu:10,OR SD-10,R,Susan Garcia,R,2012,14.0,-3.9,Lean D,True,False,defend,30,16,413953.0,372558.0,311398.0,280258.0,372558.0,351860.0,280258.0,264689.0,351860.0,331162.0,264689.0,249119.0,394798.0,"{""office"": ""OR Senate District 10"", ""source"": ""mock"", ""candidates"": [{""name"": ""Susan Garcia"", ""party"": ""R""}, {""name"": ""David Thomas"", ""party"": ""D""}]}",Synthetic state-leg row — replace via OpenStates / FTM pipeline,mock
OR-U-011,OR,upper,11,ocd-division/country:us/state:or/sldu:11,OR SD-11,D,Joseph Miller,D,2014,12.0,0.4,Toss-up,True,False,attack,30,16,941863.0,847677.0,1040428.0,936385.0,847677.0,800583.0,936385.0,884364.0,800583.0,753490.0,884364.0,832342.0,1178047.0,"{""office"": ""OR Senate District 11"", ""source"": ""mock"", ""candidates"": [{""name"": ""Joseph Miller"", ""party"": ""D""}, {""name"": ""Elizabeth Garcia"", ""party"": ""R""}]}",Synthetic state-leg row — replace via OpenStates / FTM pipeline,mock
OR-U-012,OR,upper,12,ocd-division/country:us/state:or/sldu:12,OR SD-12,R,Jessica Davis,R,2013,13.0,-0.2,Toss-up,True,False,defend,30,16,249890.0,224901.0,237894.0,214104.0,224901.0,212406.0,214104.0,202210.0,212406.0,199912.0,202210.0,190315.0,291276.0,"{""office"": ""OR Senate District 12"", ""source"": ""mock"", ""candidates"": [{""name"": ""Jessica Davis"", ""party"": ""R""}, {""name"": ""Michael Williams"", ""party"": ""D""}]}",Synthetic state-leg row — replace via OpenStates / FTM pipeline,mock
OR-U-013,OR,upper,13,ocd-division/country:us/state:or/sldu:13,OR SD-13,D,James Rodriguez,D,2010,16.0,-4.3,Lean D,False,False,attack,30,16,483652.0,435287.0,639303.0,575373.0,435287.0,411104.0,575373.0,543408.0,411104.0,386922.0,543408.0,511443.0,604792.0,"{""office"": ""OR Senate District 13"", ""source"": ""mock"", ""candidates"": [{""name"": ""James Rodriguez"", ""party"": ""D""}, {""name"": ""Jennifer Davis"", ""party"": ""R""}]}",Synthetic state-leg row — replace via OpenStates / FTM pipeline,mock
OR-U-014,OR,upper,14,ocd-division/country:us/state:or/sldu:14,OR SD-14,R,Mary Martinez,R,2017,9.0,12.0,Likely R,True,False,defend,30,16,896710.0,807039.0,728010.0,655209.0,807039.0,762204.0,655209.0,618809.0,762204.0,717368.0,618809.0,582408.0,696309.0,"{""office"": ""OR Senate District 14"", ""source"": ""mock"", ""candidates"": [{""name"": ""Mary Martinez"", ""party"": ""R""}, {""name"": ""Jennifer Anderson"", ""party"": ""D""}]}",Synthetic state-leg row — replace via OpenStates / FTM pipeline,mock
OR-U-015,OR,upper,15,ocd-division/country:us/state:or/sldu:15,OR SD-15,D,Robert Hernandez,D,2018,8.0,-2.2,Lean D,False,False,attack,30,16,627905.0,565115.0,902382.0,812144.0,565115.0,533719.0,812144.0,767025.0,533719.0,502324.0,767025.0,721906.0,870077.0,"{""office"": ""OR Senate District 15"", ""source"": ""mock"", ""candidates"": [{""name"": ""Robert Hernandez"", ""party"": ""D""}, {""name"": ""William Jones"", ""party"": ""R""}]}",Synthetic state-leg row — replace via OpenStates / FTM pipeline,mock
OR-U-016,OR,upper,16,ocd-division/country:us/state:or/sldu:16,OR SD-16,D,Patricia Lopez,D,2022,4.0,-10.6,Likely D,True,False,attack,30,16,275671.0,248104.0,219552.0,197597.0,248104.0,234321.0,197597.0,186620.0,234321.0,220537.0,186620.0,175642.0,222143.0,"{""office"": ""OR Senate District 16"", ""source"": ""mock"", ""candidates"": [{""name"": ""Patricia Lopez"", ""party"": ""D""}, {""name"": ""Susan Davis"", ""party"": ""R""}]}",Synthetic state-leg row — replace via OpenStates / FTM pipeline,mock
OR-U-017,OR,upper,17,ocd-division/country:us/state:or/sldu:17,OR SD-17,R,John Wilson,R,2015,11.0,4.3,Lean R,True,False,defend,30,16,330316.0,297284.0,175475.0,157927.0,297284.0,280769.0,157927.0,149154.0,280769.0,264253.0,149154.0,140380.0,272405.0,"{""office"": ""OR Senate District 17"", ""source"": ""mock"", ""candidates"": [{""name"": ""John Wilson"", ""party"": ""R""}, {""name"": ""Patricia Williams"", ""party"": ""D""}]}",Synthetic state-leg row — replace via OpenStates / FTM pipeline,mock
OR-U-018,OR,upper,18,ocd-division/country:us/state:or/sldu:18,OR SD-18,D,Jennifer Anderson,D,2012,14.0,-13.0,Likely D,True,False,attack,30,16,493610.0,444249.0,518940.0,467046.0,444249.0,419568.0,467046.0,441099.0,419568.0,394888.0,441099.0,415152.0,419485.0,"{""office"": ""OR Senate District 18"", ""source"": ""mock"", ""candidates"": [{""name"": ""Jennifer Anderson"", ""party"": ""D""}, {""name"": ""Susan Martinez"", ""party"": ""R""}]}",Synthetic state-leg row — replace via OpenStates / FTM pipeline,mock
OR-U-019,OR,upper,19,ocd-division/country:us/state:or/sldu:19,OR SD-19,D,Michael Thomas,D,2021,5.0,-4.8,Lean D,True,False,attack,30,16,329179.0,296261.0,357417.0,321676.0,296261.0,279802.0,321676.0,303805.0,279802.0,263343.0,303805.0,285934.0,364877.0,"{""office"": ""OR Senate District 19"", ""source"": ""mock"", ""candidates"": [{""name"": ""Michael Thomas"", ""party"": ""D""}, {""name"": ""Jessica Davis"", ""party"": ""R""}]}",Synthetic state-leg row — replace via OpenStates / FTM pipeline,mock
OR-U-020,OR,upper,20,ocd-division/country:us/state:or/sldu:20,OR SD-20,R,Linda Smith,R,2016,10.0,6.4,Lean R,True,False,defend,30,16,321090.0,288981.0,214545.0,193091.0,288981.0,272927.0,193091.0,182363.0,272927.0,256872.0,182363.0,171636.0,272409.0,"{""office"": ""OR Senate District 20"", ""source"": ""mock"", ""candidates"": [{""name"": ""Linda Smith"", ""party"": ""R""}, {""name"": ""Jessica Miller"", ""party"": ""D""}]}",Synthetic state-leg row — replace via OpenStates / FTM pipeline,mock
OR-U-021,OR,upper,21,ocd-division/country:us/state:or/sldu:21,OR SD-21,D,David Johnson,D,2023,3.0,-12.4,Likely D,True,False,attack,30,16,193839.0,174455.0,188548.0,169693.0,174455.0,164763.0,169693.0,160265.0,164763.0,155071.0,160265.0,150838.0,161695.0,"{""office"": ""OR Senate District 21"", ""source"": ""mock"", ""candidates"": [{""name"": ""David Johnson"", ""party"": ""D""}, {""name"": ""Richard Davis"", ""party"": ""R""}]}",Synthetic state-leg row — replace via OpenStates / FTM pipeline,mock
OR-U-022,OR,upper,22,ocd-division/country:us/state:or/sldu:22,OR SD-22,D,Elizabeth Williams,D,2011,15.0,-10.2,Likely D,True,False,attack,30,16,582243.0,524018.0,1002252.0,902027.0,524018.0,494906.0,902027.0,851915.0,494906.0,465794.0,851915.0,801802.0,719813.0,"{""office"": ""OR Senate District 22"", ""source"": ""mock"", ""candidates"": [{""name"": ""Elizabeth Williams"", ""party"": ""D""}, {""name"": ""Jessica Anderson"", ""party"": ""R""}]}",Synthetic state-leg row — replace via OpenStates / FTM pipeline,mock
OR-U-023,OR,upper,23,ocd-division/country:us/state:or/sldu:23,OR SD-23,D,William Brown,D,2010,16.0,-11.4,Likely D,False,False,attack,30,16,188674.0,169807.0,135942.0,122348.0,169807.0,160373.0,122348.0,115551.0,160373.0,150939.0,115551.0,108754.0,141904.0,"{""office"": ""OR Senate District 23"", ""source"": ""mock"", ""candidates"": [{""name"": ""William Brown"", ""party"": ""D""}, {""name"": ""John Anderson"", ""party"": ""R""}]}",Synthetic state-leg row — replace via OpenStates / FTM pipeline,mock
OR-U-024,OR,upper,24,ocd-division/country:us/state:or/sldu:24,OR SD-24,D,Barbara Jones,D,2019,7.0,-7.4,Likely D,True,False,attack,30,16,585632.0,527068.0,709013.0,638111.0,527068.0,497787.0,638111.0,602661.0,497787.0,468505.0,602661.0,567210.0,639924.0,"{""office"": ""OR Senate District 24"", ""source"": ""mock"", ""candidates"": [{""name"": ""Barbara Jones"", ""party"": ""D""}, {""name"": ""James Anderson"", ""party"": ""R""}]}",Synthetic state-leg row — replace via OpenStates / FTM pipeline,mock
OR-U-025,OR,upper,25,ocd-division/country:us/state:or/sldu:25,OR SD-25,D,Richard Garcia,D,2011,15.0,-13.4,Likely D,True,False,attack,30,16,536349.0,482714.0,392005.0,352805.0,482714.0,455897.0,352805.0,333204.0,455897.0,429079.0,333204.0,313604.0,379299.0,"{""office"": ""OR Senate District 25"", ""source"": ""mock"", ""candidates"": [{""name"": ""Richard Garcia"", ""party"": ""D""}, {""name"": ""David Wilson"", ""party"": ""R""}]}",Synthetic state-leg row — replace via OpenStates / FTM pipeline,mock
OR-U-026,OR,upper,26,ocd-division/country:us/state:or/sldu:26,OR SD-26,D,Susan Miller,D,2019,7.0,-10.8,Likely D,True,False,attack,30,16,605270.0,544743.0,713637.0,642273.0,544743.0,514479.0,642273.0,606592.0,514479.0,484216.0,606592.0,570910.0,587856.0,"{""office"": ""OR Senate District 26"", ""source"": ""mock"", ""candidates"": [{""name"": ""Susan Miller"", ""party"": ""D""}, {""name"": ""Linda Jones"", ""party"": ""R""}]}",Synthetic state-leg row — replace via OpenStates / FTM pipeline,mock
OR-U-027,OR,upper,27,ocd-division/country:us/state:or/sldu:27,OR SD-27,D,Joseph Davis,D,2024,2.0,-6.8,Lean D,True,False,attack,30,16,272227.0,245004.0,355612.0,320050.0,245004.0,231393.0,320050.0,302270.0,231393.0,217782.0,302270.0,284489.0,315713.0,"{""office"": ""OR Senate District 27"", ""source"": ""mock"", ""candidates"": [{""name"": ""Joseph Davis"", ""party"": ""D""}, {""name"": ""Elizabeth Anderson"", ""party"": ""R""}]}",Synthetic state-leg row — replace via OpenStates / FTM pipeline,mock
OR-U-028,OR,upper,28,ocd-division/country:us/state:or/sldu:28,OR SD-28,D,Jessica Rodriguez,D,2024,2.0,-7.9,Likely D,True,False,attack,30,16,388250.0,349425.0,525962.0,473366.0,349425.0,330012.0,473366.0,447068.0,330012.0,310600.0,447068.0,420770.0,445352.0,"{""office"": ""OR Senate District 28"", ""source"": ""mock"", ""candidates"": [{""name"": ""Jessica Rodriguez"", ""party"": ""D""}, {""name"": ""Jessica Smith"", ""party"": ""R""}]}",Synthetic state-leg row — replace via OpenStates / FTM pipeline,mock
OR-U-029,OR,upper,29,ocd-division/country:us/state:or/sldu:29,OR SD-29,D,James Martinez,D,2011,15.0,-11.0,Likely D,True,False,attack,30,16,550991.0,495892.0,586044.0,527440.0,495892.0,468342.0,527440.0,498138.0,468342.0,440793.0,498138.0,468835.0,503544.0,"{""office"": ""OR Senate District 29"", ""source"": ""mock"", ""candidates"": [{""name"": ""James Martinez"", ""party"": ""D""}, {""name"": ""Susan Garcia"", ""party"": ""R""}]}",Synthetic state-leg row — replace via OpenStates / FTM pipeline,mock
OR-U-030,OR,upper,30,ocd-division/country:us/state:or/sldu:30,OR SD-30,D,Mary Hernandez,D,2021,5.0,-17.8,Likely D,True,False,safe,30,16,197637.0,177873.0,278098.0,250289.0,177873.0,167991.0,250289.0,236384.0,167991.0,158109.0,236384.0,222479.0,164468.0,"{""office"": ""OR Senate District 30"", ""source"": ""mock"", ""candidates"": [{""name"": ""Mary Hernandez"", ""party"": ""D""}]}",Synthetic state-leg row — replace via OpenStates / FTM pipeline,mock
PA-U-001,PA,upper,1,ocd-division/country:us/state:pa/sldu:1,PA SD-1,R,Robert Lopez,R,2016,10.0,2.0,Lean R,True,False,defend,50,26,1241121.0,1117009.0,673365.0,606028.0,1117009.0,1054953.0,606028.0,572360.0,1054953.0,992897.0,572360.0,538692.0,1093992.0,"{""office"": ""PA Senate District 1"", ""source"": ""mock"", ""candidates"": [{""name"": ""Robert Lopez"", ""party"": ""R""}, {""name"": ""Richard Williams"", ""party"": ""D""}]}",Synthetic state-leg row — replace via OpenStates / FTM pipeline,mock
PA-U-002,PA,upper,2,ocd-division/country:us/state:pa/sldu:2,PA SD-2,D,Patricia Wilson,D,2019,7.0,4.2,Lean R,True,False,attack,50,26,1175921.0,1058329.0,909578.0,818620.0,1058329.0,999533.0,818620.0,773141.0,999533.0,940737.0,773141.0,727662.0,1126169.0,"{""office"": ""PA Senate District 2"", ""source"": ""mock"", ""candidates"": [{""name"": ""Patricia Wilson"", ""party"": ""D""}, {""name"": ""James Brown"", ""party"": ""R""}]}",Synthetic state-leg row — replace via OpenStates / FTM pipeline,mock
PA-U-003,PA,upper,3,ocd-division/country:us/state:pa/sldu:3,PA SD-3,D,John Anderson,D,2020,6.0,-3.7,Lean D,True,False,attack,50,26,888066.0,799259.0,956040.0,860436.0,799259.0,754856.0,860436.0,812634.0,754856.0,710452.0,812634.0,764832.0,1008989.0,"{""office"": ""PA Senate District 3"", ""source"": ""mock"", ""candidates"": [{""name"": ""John Anderson"", ""party"": ""D""}, {""name"": ""Linda Johnson"", ""party"": ""R""}]}",Synthetic state-leg row — replace via OpenStates / FTM pipeline,mock
PA-U-004,PA,upper,4,ocd-division/country:us/state:pa/sldu:4,PA SD-4,D,OPEN SEAT,,,0.0,-3.3,Lean D,False,True,attack,50,26,487787.0,439009.0,563012.0,506710.0,439009.0,414619.0,506710.0,478560.0,414619.0,390230.0,478560.0,450409.0,580942.0,"{""office"": ""PA Senate District 4"", ""source"": ""mock"", ""candidates"": [{""name"": ""Richard Miller"", ""party"": ""R""}]}",Synthetic state-leg row — replace via OpenStates / FTM pipeline,mock
PA-U-005,PA,upper,5,ocd-division/country:us/state:pa/sldu:5,PA SD-5,D,Jennifer Thomas,D,2022,4.0,-2.6,Lean D,False,False,attack,50,26,550501.0,495450.0,680102.0,612092.0,495450.0,467925.0,612092.0,578087.0,467925.0,440400.0,578087.0,544082.0,692653.0,"{""office"": ""PA Senate District 5"", ""source"": ""mock"", ""candidates"": [{""name"": ""Jennifer Thomas"", ""party"": ""D""}, {""name"": ""Michael Thomas"", ""party"": ""R""}]}",Synthetic state-leg row — replace via OpenStates / FTM pipeline,mock
PA-U-006,PA,upper,6,ocd-division/country:us/state:pa/sldu:6,PA SD-6,R,OPEN SEAT,,,0.0,0.4,Toss-up,False,True,defend,50,26,1193658.0,1074293.0,756962.0,681266.0,1074293.0,1014610.0,681266.0,643418.0,1014610.0,954927.0,643418.0,605569.0,1159226.0,"{""office"": ""PA Senate District 6"", ""source"": ""mock"", ""candidates"": [{""name"": ""James Rodriguez"", ""party"": ""D""}]}",Synthetic state-leg row — replace via OpenStates / FTM pipeline,mock
PA-U-007,PA,upper,7,ocd-division/country:us/state:pa/sldu:7,PA SD-7,R,Michael Smith,R,2017,9.0,7.8,Likely R,True,False,defend,50,26,279465.0,251518.0,254031.0,228628.0,251518.0,237545.0,228628.0,215926.0,237545.0,223572.0,215926.0,203225.0,260651.0,"{""office"": ""PA Senate District 7"", ""source"": ""mock"", ""candidates"": [{""name"": ""Michael Smith"", ""party"": ""R""}, {""name"": ""Jessica Wilson"", ""party"": ""D""}]}",Synthetic state-leg row — replace via OpenStates / FTM pipeline,mock
PA-U-008,PA,upper,8,ocd-division/country:us/state:pa/sldu:8,PA SD-8,D,OPEN SEAT,,,0.0,3.7,Lean R,False,True,attack,50,26,557607.0,501846.0,544516.0,490065.0,501846.0,473966.0,490065.0,462839.0,473966.0,446085.0,462839.0,435613.0,603019.0,"{""office"": ""PA Senate District 8"", ""source"": ""mock"", ""candidates"": [{""name"": ""Robert Hernandez"", ""party"": ""R""}]}",Synthetic state-leg row — replace via OpenStates / FTM pipeline,mock
PA-U-009,PA,upper,9,ocd-division/country:us/state:pa/sldu:9,PA SD-9,R,Linda Johnson,R,2019,7.0,10.6,Likely R,True,False,defend,50,26,437801.0,394021.0,481321.0,433189.0,394021.0,372131.0,433189.0,409123.0,372131.0,350241.0,409123.0,385057.0,412292.0,"{""office"": ""PA Senate District 9"", ""source"": ""mock"", ""candidates"": [{""name"": ""Linda Johnson"", ""party"": ""R""}, {""name"": ""Linda Williams"", ""party"": ""D""}]}",Synthetic state-leg row — replace via OpenStates / FTM pipeline,mock
PA-U-010,PA,upper,10,ocd-division/country:us/state:pa/sldu:10,PA SD-10,R,David Williams,R,2014,12.0,23.4,Likely R,True,False,safe,50,26,171048.0,153943.0,129662.0,116696.0,153943.0,145391.0,116696.0,110213.0,145391.0,136838.0,110213.0,103730.0,79903.0,"{""office"": ""PA Senate District 10"", ""source"": ""mock"", ""candidates"": [{""name"": ""David Williams"", ""party"": ""R""}]}",Synthetic state-leg row — replace via OpenStates / FTM pipeline,mock
PA-U-011,PA,upper,11,ocd-division/country:us/state:pa/sldu:11,PA SD-11,R,Elizabeth Brown,R,2020,6.0,2.5,Lean R,True,False,defend,50,26,654785.0,589306.0,368048.0,331243.0,589306.0,556567.0,331243.0,312841.0,556567.0,523828.0,312841.0,294438.0,577170.0,"{""office"": ""PA Senate District 11"", ""source"": ""mock"", ""candidates"": [{""name"": ""Elizabeth Brown"", ""party"": ""R""}, {""name"": ""William Wilson"", ""party"": ""D""}]}",Synthetic state-leg row — replace via OpenStates / FTM pipeline,mock
PA-U-012,PA,upper,12,ocd-division/country:us/state:pa/sldu:12,PA SD-12,D,William Jones,D,2013,13.0,-4.7,Lean D,True,False,attack,50,26,561572.0,505415.0,781964.0,703768.0,505415.0,477336.0,703768.0,664669.0,477336.0,449258.0,664669.0,625571.0,715913.0,"{""office"": ""PA Senate District 12"", ""source"": ""mock"", ""candidates"": [{""name"": ""William Jones"", ""party"": ""D""}, {""name"": ""Linda Martinez"", ""party"": ""R""}]}",Synthetic state-leg row — replace via OpenStates / FTM pipeline,mock
PA-U-013,PA,upper,13,ocd-division/country:us/state:pa/sldu:13,PA SD-13,D,Barbara Garcia,D,2022,4.0,-5.3,Lean D,True,False,attack,50,26,360491.0,324442.0,482670.0,434403.0,324442.0,306417.0,434403.0,410269.0,306417.0,288393.0,410269.0,386136.0,442057.0,"{""office"": ""PA Senate District 13"", ""source"": ""mock"", ""candidates"": [{""name"": ""Barbara Garcia"", ""party"": ""D""}, {""name"": ""James Jones"", ""party"": ""R""}]}",Synthetic state-leg row — replace via OpenStates / FTM pipeline,mock
PA-U-014,PA,upper,14,ocd-division/country:us/state:pa/sldu:14,PA SD-14,R,Richard Miller,R,2019,7.0,1.0,Toss-up,True,False,defend,50,26,1144726.0,1030253.0,1031325.0,928193.0,1030253.0,973017.0,928193.0,876626.0,973017.0,915781.0,876626.0,825060.0,1274544.0,"{""office"": ""PA Senate District 14"", ""source"": ""mock"", ""candidates"": [{""name"": ""Richard Miller"", ""party"": ""R""}, {""name"": ""Patricia Garcia"", ""party"": ""D""}]}",Synthetic state-leg row — replace via OpenStates / FTM pipeline,mock
PA-U-015,PA,upper,15,ocd-division/country:us/state:pa/sldu:15,PA SD-15,D,Susan Davis,D,2019,7.0,-10.1,Likely D,True,False,attack,50,26,494299.0,444869.0,676608.0,608947.0,444869.0,420154.0,608947.0,575117.0,420154.0,395439.0,575117.0,541286.0,533599.0,"{""office"": ""PA Senate District 15"", ""source"": ""mock"", ""candidates"": [{""name"": ""Susan Davis"", ""party"": ""D""}, {""name"": ""David Johnson"", ""party"": ""R""}]}",Synthetic state-leg row — replace via OpenStates / FTM pipeline,mock
PA-U-016,PA,upper,16,ocd-division/country:us/state:pa/sldu:16,PA SD-16,R,Joseph Rodriguez,R,2022,4.0,5.8,Lean R,True,False,defend,50,26,468701.0,421831.0,333748.0,300373.0,421831.0,398396.0,300373.0,283686.0,398396.0,374961.0,283686.0,266999.0,414981.0,"{""office"": ""PA Senate District 16"", ""source"": ""mock"", ""candidates"": [{""name"": ""Joseph Rodriguez"", ""party"": ""R""}, {""name"": ""Jessica Thomas"", ""party"": ""D""}]}",Synthetic state-leg row — replace via OpenStates / FTM pipeline,mock
PA-U-017,PA,upper,17,ocd-division/country:us/state:pa/sldu:17,PA SD-17,D,Jessica Martinez,D,2009,17.0,-9.1,Likely D,True,False,attack,50,26,253830.0,228447.0,243520.0,219168.0,228447.0,215755.0,219168.0,206992.0,215755.0,203064.0,206992.0,194816.0,233754.0,"{""office"": ""PA Senate District 17"", ""source"": ""mock"", ""candidates"": [{""name"": ""Jessica Martinez"", ""party"": ""D""}, {""name"": ""David Anderson"", ""party"": ""R""}]}",Synthetic state-leg row — replace via OpenStates / FTM pipeline,mock
PA-U-018,PA,upper,18,ocd-division/country:us/state:pa/sldu:18,PA SD-18,D,James Hernandez,D,2022,4.0,-5.0,Lean D,True,False,attack,50,26,783772.0,705395.0,1103565.0,993208.0,705395.0,666206.0,993208.0,938030.0,666206.0,627018.0,938030.0,882852.0,997592.0,"{""office"": ""PA Senate District 18"", ""source"": ""mock"", ""candidates"": [{""name"": ""James Hernandez"", ""party"": ""D""}, {""name"": ""David Davis"", ""party"": ""R""}]}",Synthetic state-leg row — replace via OpenStates / FTM pipeline,mock
PA-U-019,PA,upper,19,ocd-division/country:us/state:pa/sldu:19,PA SD-19,R,Mary Lopez,R,2023,3.0,-2.3,Lean D,True,False,defend,50,26,1181437.0,1063294.0,756239.0,680615.0,1063294.0,1004222.0,680615.0,642803.0,1004222.0,945150.0,642803.0,604991.0,1098939.0,"{""office"": ""PA Senate District 19"", ""source"": ""mock"", ""candidates"": [{""name"": ""Mary Lopez"", ""party"": ""R""}, {""name"": ""Robert Miller"", ""party"": ""D""}]}",Synthetic state-leg row — replace via OpenStates / FTM pipeline,mock
PA-U-020,PA,upper,20,ocd-division/country:us/state:pa/sldu:20,PA SD-20,R,Robert Wilson,R,2016,10.0,8.8,Likely R,True,False,defend,50,26,806500.0,725850.0,418291.0,376462.0,725850.0,685525.0,376462.0,355548.0,685525.0,645200.0,355548.0,334633.0,580901.0,"{""office"": ""PA Senate District 20"", ""source"": ""mock"", ""candidates"": [{""name"": ""Robert Wilson"", ""party"": ""R""}, {""name"": ""Robert Hernandez"", ""party"": ""D""}]}",Synthetic state-leg row — replace via OpenStates / FTM pipeline,mock
PA-U-021,PA,upper,21,ocd-division/country:us/state:pa/sldu:21,PA SD-21,D,Patricia Anderson,D,2008,18.0,-7.5,Likely D,False,False,attack,50,26,543135.0,488822.0,603354.0,543019.0,488822.0,461665.0,543019.0,512851.0,461665.0,434508.0,512851.0,482683.0,565055.0,"{""office"": ""PA Senate District 21"", ""source"": ""mock"", ""candidates"": [{""name"": ""Patricia Anderson"", ""party"": ""D""}, {""name"": ""John Davis"", ""party"": ""R""}]}",Synthetic state-leg row — replace via OpenStates / FTM pipeline,mock
PA-U-022,PA,upper,22,ocd-division/country:us/state:pa/sldu:22,PA SD-22,D,John Thomas,D,2013,13.0,-3.3,Lean D,True,False,attack,50,26,279547.0,251593.0,254278.0,228850.0,251593.0,237615.0,228850.0,216136.0,237615.0,223638.0,216136.0,203422.0,295129.0,"{""office"": ""PA Senate District 22"", ""source"": ""mock"", ""candidates"": [{""name"": ""John Thomas"", ""party"": ""D""}, {""name"": ""James Miller"", ""party"": ""R""}]}",Synthetic state-leg row — replace via OpenStates / FTM pipeline,mock
PA-U-023,PA,upper,23,ocd-division/country:us/state:pa/sldu:23,PA SD-23,R,Jennifer Smith,R,2015,11.0,2.1,Lean R,True,False,defend,50,26,434544.0,391090.0,283072.0,254765.0,391090.0,369362.0,254765.0,240611.0,369362.0,347635.0,240611.0,226458.0,409041.0,"{""office"": ""PA Senate District 23"", ""source"": ""mock"", ""candidates"": [{""name"": ""Jennifer Smith"", ""party"": ""R""}, {""name"": ""Patricia Garcia"", ""party"": ""D""}]}",Synthetic state-leg row — replace via OpenStates / FTM pipeline,mock
PA-U-024,PA,upper,24,ocd-division/country:us/state:pa/sldu:24,PA SD-24,D,Michael Johnson,D,2016,10.0,-4.0,Lean D,True,False,attack,50,26,733154.0,659838.0,808140.0,727326.0,659838.0,623181.0,727326.0,686919.0,623181.0,586523.0,686919.0,646512.0,836702.0,"{""office"": ""PA Senate District 24"", ""source"": ""mock"", ""candidates"": [{""name"": ""Michael Johnson"", ""party"": ""D""}, {""name"": ""Elizabeth Miller"", ""party"": ""R""}]}",Synthetic state-leg row — replace via OpenStates / FTM pipeline,mock
PA-U-025,PA,upper,25,ocd-division/country:us/state:pa/sldu:25,PA SD-25,D,Linda Williams,D,2019,7.0,4.6,Lean R,True,False,attack,50,26,492854.0,443569.0,533901.0,480511.0,443569.0,418926.0,480511.0,453816.0,418926.0,394283.0,453816.0,427121.0,548581.0,"{""office"": ""PA Senate District 25"", ""source"": ""mock"", ""candidates"": [{""name"": ""Linda Williams"", ""party"": ""D""}, {""name"": ""James Lopez"", ""party"": ""R""}]}",Synthetic state-leg row — replace via OpenStates / FTM pipeline,mock
PA-U-026,PA,upper,26,ocd-division/country:us/state:pa/sldu:26,PA SD-26,D,David Brown,D,2017,9.0,-14.5,Likely D,True,False,safe,50,26,286902.0,258212.0,299370.0,269433.0,258212.0,243866.0,269433.0,254464.0,243866.0,229521.0,254464.0,239496.0,230321.0,"{""office"": ""PA Senate District 26"", ""source"": ""mock"", ""candidates"": [{""name"": ""David Brown"", ""party"": ""D""}, {""name"": ""John Jones"", ""party"": ""R""}]}",Synthetic state-leg row — replace via OpenStates / FTM pipeline,mock
PA-U-027,PA,upper,27,ocd-division/country:us/state:pa/sldu:27,PA SD-27,D,Elizabeth Jones,D,2008,18.0,-11.8,Likely D,True,False,attack,50,26,725460.0,652914.0,712057.0,640852.0,652914.0,616641.0,640852.0,605249.0,616641.0,580368.0,605249.0,569646.0,620186.0,"{""office"": ""PA Senate District 27"", ""source"": ""mock"", ""candidates"": [{""name"": ""Elizabeth Jones"", ""party"": ""D""}, {""name"": ""Robert Thomas"", ""party"": ""R""}]}",Synthetic state-leg row — replace via OpenStates / FTM pipeline,mock
PA-U-028,PA,upper,28,ocd-division/country:us/state:pa/sldu:28,PA SD-28,D,William Garcia,D,2022,4.0,-17.7,Likely D,True,False,safe,50,26,548930.0,494037.0,536644.0,482979.0,494037.0,466591.0,482979.0,456147.0,466591.0,439144.0,456147.0,429315.0,376849.0,"{""office"": ""PA Senate District 28"", ""source"": ""mock"", ""candidates"": [{""name"": ""William Garcia"", ""party"": ""D""}]}",Synthetic state-leg row — replace via OpenStates / FTM pipeline,mock
PA-U-029,PA,upper,29,ocd-division/country:us/state:pa/sldu:29,PA SD-29,R,OPEN SEAT,,,0.0,2.6,Lean R,False,True,defend,50,26,1087397.0,978657.0,800461.0,720415.0,978657.0,924288.0,720415.0,680392.0,924288.0,869918.0,680392.0,640369.0,1062595.0,"{""office"": ""PA Senate District 29"", ""source"": ""mock"", ""candidates"": [{""name"": ""Elizabeth Miller"", ""party"": ""D""}]}",Synthetic state-leg row — replace via OpenStates / FTM pipeline,mock
PA-U-030,PA,upper,30,ocd-division/country:us/state:pa/sldu:30,PA SD-30,D,Barbara Miller,D,2011,15.0,-2.3,Lean D,True,False,attack,50,26,792147.0,712932.0,1340808.0,1206727.0,712932.0,673325.0,1206727.0,1139687.0,673325.0,633718.0,1139687.0,1072646.0,1209690.0,"{""office"": ""PA Senate District 30"", ""source"": ""mock"", ""candidates"": [{""name"": ""Barbara Miller"", ""party"": ""D""}, {""name"": ""Patricia Davis"", ""party"": ""R""}]}",Synthetic state-leg row — replace via OpenStates / FTM pipeline,mock
PA-U-031,PA,upper,31,ocd-division/country:us/state:pa/sldu:31,PA SD-31,R,Richard Davis,R,2015,11.0,-0.9,Toss-up,True,False,defend,50,26,1122592.0,1010333.0,755666.0,680100.0,1010333.0,954203.0,680100.0,642316.0,954203.0,898073.0,642316.0,604533.0,1102806.0,"{""office"": ""PA Senate District 31"", ""source"": ""mock"", ""candidates"": [{""name"": ""Richard Davis"", ""party"": ""R""}, {""name"": ""Patricia Thomas"", ""party"": ""D""}]}",Synthetic state-leg row — replace via OpenStates / FTM pipeline,mock
PA-U-032,PA,upper,32,ocd-division/country:us/state:pa/sldu:32,PA SD-32,R,Susan Rodriguez,R,2012,14.0,1.5,Toss-up,True,False,defend,50,26,482125.0,433912.0,463291.0,416962.0,433912.0,409806.0,416962.0,393797.0,409806.0,385700.0,393797.0,370633.0,546991.0,"{""office"": ""PA Senate District 32"", ""source"": ""mock"", ""candidates"": [{""name"": ""Susan Rodriguez"", ""party"": ""R""}, {""name"": ""Patricia Davis"", ""party"": ""D""}]}",Synthetic state-leg row — replace via OpenStates / FTM pipeline,mock
PA-U-033,PA,upper,33,ocd-division/country:us/state:pa/sldu:33,PA SD-33,D,Joseph Martinez,D,2015,11.0,-6.8,Lean D,True,False,attack,50,26,146606.0,131945.0,187736.0,168962.0,131945.0,124615.0,168962.0,159576.0,124615.0,117285.0,159576.0,150189.0,168126.0,"{""office"": ""PA Senate District 33"", ""source"": ""mock"", ""candidates"": [{""name"": ""Joseph Martinez"", ""party"": ""D""}, {""name"": ""Barbara Brown"", ""party"": ""R""}]}",Synthetic state-leg row — replace via OpenStates / FTM pipeline,mock
PA-U-034,PA,upper,34,ocd-division/country:us/state:pa/sldu:34,PA SD-34,R,Jessica Hernandez,R,2009,17.0,6.1,Lean R,True,False,defend,50,26,356215.0,320594.0,246252.0,221627.0,320594.0,302783.0,221627.0,209314.0,302783.0,284972.0,209314.0,197002.0,308980.0,"{""office"": ""PA Senate District 34"", ""source"": ""mock"", ""candidates"": [{""name"": ""Jessica Hernandez"", ""party"": ""R""}, {""name"": ""Patricia Jones"", ""party"": ""D""}]}",Synthetic state-leg row — replace via OpenStates / FTM pipeline,mock
PA-U-035,PA,upper,35,ocd-division/country:us/state:pa/sldu:35,PA SD-35,D,James Lopez,D,2010,16.0,4.6,Lean R,True,False,attack,50,26,537311.0,483580.0,657103.0,591393.0,483580.0,456714.0,591393.0,558537.0,456714.0,429849.0,558537.0,525682.0,638158.0,"{""office"": ""PA Senate District 35"", ""source"": ""mock"", ""candidates"": [{""name"": ""James Lopez"", ""party"": ""D""}, {""name"": ""Susan Anderson"", ""party"": ""R""}]}",Synthetic state-leg row — replace via OpenStates / FTM pipeline,mock
PA-U-036,PA,upper,36,ocd-division/country:us/state:pa/sldu:36,PA SD-36,D,Mary Wilson,D,2023,3.0,-5.2,Lean D,False,False,attack,50,26,595370.0,535833.0,683125.0,614813.0,535833.0,506065.0,614813.0,580656.0,506065.0,476296.0,580656.0,546500.0,672123.0,"{""office"": ""PA Senate District 36"", ""source"": ""mock"", ""candidates"": [{""name"": ""Mary Wilson"", ""party"": ""D""}, {""name"": ""David Davis"", ""party"": ""R""}]}",Synthetic state-leg row — replace via OpenStates / FTM pipeline,mock
PA-U-037,PA,upper,37,ocd-division/country:us/state:pa/sldu:37,PA SD-37,D,Robert Anderson,D,2015,11.0,-24.0,Likely D,True,False,safe,50,26,135741.0,122167.0,174345.0,156911.0,122167.0,115380.0,156911.0,148194.0,115380.0,108593.0,148194.0,139476.0,79737.0,"{""office"": ""PA Senate District 37"", ""source"": ""mock"", ""candidates"": [{""name"": ""Robert Anderson"", ""party"": ""D""}]}",Synthetic state-leg row — replace via OpenStates / FTM pipeline,mock
PA-U-038,PA,upper,38,ocd-division/country:us/state:pa/sldu:38,PA SD-38,R,Patricia Thomas,R,2022,4.0,7.9,Likely R,True,False,defend,50,26,223233.0,200909.0,177883.0,160095.0,200909.0,189748.0,160095.0,151200.0,189748.0,178586.0,151200.0,142306.0,195401.0,"{""office"": ""PA Senate District 38"", ""source"": ""mock"", ""candidates"": [{""name"": ""Patricia Thomas"", ""party"": ""R""}, {""name"": ""James Brown"", ""party"": ""D""}]}",Synthetic state-leg row — replace via OpenStates / FTM pipeline,mock
PA-U-039,PA,upper,39,ocd-division/country:us/state:pa/sldu:39,PA SD-39,D,John Smith,D,2012,14.0,-9.2,Likely D,False,False,attack,50,26,798604.0,718744.0,742918.0,668626.0,718744.0,678814.0,668626.0,631480.0,678814.0,638883.0,631480.0,594334.0,722313.0,"{""office"": ""PA Senate District 39"", ""source"": ""mock"", ""candidates"": [{""name"": ""John Smith"", ""party"": ""D""}, {""name"": ""Jessica Garcia"", ""party"": ""R""}]}",Synthetic state-leg row — replace via OpenStates / FTM pipeline,mock
PA-U-040,PA,upper,40,ocd-division/country:us/state:pa/sldu:40,PA SD-40,D,Jennifer Johnson,D,2021,5.0,-13.1,Likely D,False,False,attack,50,26,532223.0,479001.0,709558.0,638602.0,479001.0,452389.0,638602.0,603124.0,452389.0,425778.0,603124.0,567646.0,512678.0,"{""office"": ""PA Senate District 40"", ""source"": ""mock"", ""candidates"": [{""name"": ""Jennifer Johnson"", ""party"": ""D""}, {""name"": ""Jennifer Thomas"", ""party"": ""R""}]}",Synthetic state-leg row — replace via OpenStates / FTM pipeline,mock
PA-U-041,PA,upper,41,ocd-division/country:us/state:pa/sldu:41,PA SD-41,D,Michael Williams,D,2022,4.0,-9.9,Likely D,True,False,attack,50,26,694799.0,625319.0,1110798.0,999719.0,625319.0,590579.0,999719.0,944179.0,590579.0,555839.0,944179.0,888639.0,827996.0,"{""office"": ""PA Senate District 41"", ""source"": ""mock"", ""candidates"": [{""name"": ""Michael Williams"", ""party"": ""D""}, {""name"": ""Elizabeth Davis"", ""party"": ""R""}]}",Synthetic state-leg row — replace via OpenStates / FTM pipeline,mock
PA-U-042,PA,upper,42,ocd-division/country:us/state:pa/sldu:42,PA SD-42,R,Linda Brown,R,2017,9.0,22.2,Likely R,True,False,safe,50,26,207269.0,186542.0,202815.0,182533.0,186542.0,176179.0,182533.0,172393.0,176179.0,165815.0,172393.0,162252.0,115995.0,"{""office"": ""PA Senate District 42"", ""source"": ""mock"", ""candidates"": [{""name"": ""Linda Brown"", ""party"": ""R""}]}",Synthetic state-leg row — replace via OpenStates / FTM pipeline,mock
PA-U-043,PA,upper,43,ocd-division/country:us/state:pa/sldu:43,PA SD-43,D,David Jones,D,2018,8.0,-10.5,Likely D,True,False,attack,50,26,484732.0,436259.0,600376.0,540339.0,436259.0,412022.0,540339.0,510320.0,412022.0,387786.0,510320.0,480301.0,488299.0,"{""office"": ""PA Senate District 43"", ""source"": ""mock"", ""candidates"": [{""name"": ""David Jones"", ""party"": ""D""}, {""name"": ""Robert Anderson"", ""party"": ""R""}]}",Synthetic state-leg row — replace via OpenStates / FTM pipeline,mock
PA-U-044,PA,upper,44,ocd-division/country:us/state:pa/sldu:44,PA SD-44,R,Elizabeth Garcia,R,2010,16.0,2.9,Lean R,True,False,defend,50,26,481367.0,433230.0,405291.0,364762.0,433230.0,409162.0,364762.0,344497.0,409162.0,385093.0,344497.0,324233.0,495262.0,"{""office"": ""PA Senate District 44"", ""source"": ""mock"", ""candidates"": [{""name"": ""Elizabeth Garcia"", ""party"": ""R""}, {""name"": ""David Martinez"", ""party"": ""D""}]}",Synthetic state-leg row — replace via OpenStates / FTM pipeline,mock
PA-U-045,PA,upper,45,ocd-division/country:us/state:pa/sldu:45,PA SD-45,R,William Miller,R,2017,9.0,-0.7,Toss-up,True,False,defend,50,26,907220.0,816498.0,1000576.0,900519.0,816498.0,771137.0,900519.0,850490.0,771137.0,725776.0,850490.0,800461.0,1125600.0,"{""office"": ""PA Senate District 45"", ""source"": ""mock"", ""candidates"": [{""name"": ""William Miller"", ""party"": ""R""}, {""name"": ""James Williams"", ""party"": ""D""}]}",Synthetic state-leg row — replace via OpenStates / FTM pipeline,mock
PA-U-046,PA,upper,46,ocd-division/country:us/state:pa/sldu:46,PA SD-46,D,Barbara Davis,D,2017,9.0,-4.8,Lean D,True,False,attack,50,26,585641.0,527077.0,656114.0,590503.0,527077.0,497795.0,590503.0,557697.0,497795.0,468513.0,557697.0,524892.0,659905.0,"{""office"": ""PA Senate District 46"", ""source"": ""mock"", ""candidates"": [{""name"": ""Barbara Davis"", ""party"": ""D""}, {""name"": ""Patricia Martinez"", ""party"": ""R""}]}",Synthetic state-leg row — replace via OpenStates / FTM pipeline,mock
PA-U-047,PA,upper,47,ocd-division/country:us/state:pa/sldu:47,PA SD-47,R,Richard Rodriguez,R,2023,3.0,10.5,Likely R,True,False,defend,50,26,293180.0,263862.0,222263.0,200037.0,263862.0,249203.0,200037.0,188924.0,249203.0,234544.0,188924.0,177811.0,231950.0,"{""office"": ""PA Senate District 47"", ""source"": ""mock"", ""candidates"": [{""name"": ""Richard Rodriguez"", ""party"": ""R""}, {""name"": ""David Rodriguez"", ""party"": ""D""}]}",Synthetic state-leg row — replace via OpenStates / FTM pipeline,mock
PA-U-048,PA,upper,48,ocd-division/country:us/state:pa/sldu:48,PA SD-48,D,Susan Martinez,D,2016,10.0,-7.2,Likely D,True,False,attack,50,26,309226.0,278304.0,330451.0,297406.0,278304.0,262842.0,297406.0,280884.0,262842.0,247381.0,280884.0,264361.0,318011.0,"{""office"": ""PA Senate District 48"", ""source"": ""mock"", ""candidates"": [{""name"": ""Susan Martinez"", ""party"": ""D""}, {""name"": ""Patricia Miller"", ""party"": ""R""}]}",Synthetic state-leg row — replace via OpenStates / FTM pipeline,mock
PA-U-049,PA,upper,49,ocd-division/country:us/state:pa/sldu:49,PA SD-49,R,Joseph Hernandez,R,2021,5.0,11.9,Likely R,True,False,defend,50,26,158693.0,142824.0,207074.0,186366.0,142824.0,134889.0,186366.0,176012.0,134889.0,126955.0,176012.0,165659.0,157280.0,"{""office"": ""PA Senate District 49"", ""source"": ""mock"", ""candidates"": [{""name"": ""Joseph Hernandez"", ""party"": ""R""}, {""name"": ""Patricia Johnson"", ""party"": ""D""}]}",Synthetic state-leg row — replace via OpenStates / FTM pipeline,mock
PA-U-050,PA,upper,50,ocd-division/country:us/state:pa/sldu:50,PA SD-50,R,Jessica Lopez,R,2010,16.0,8.2,Likely R,True,False,defend,50,26,388377.0,349540.0,526740.0,474066.0,349540.0,330121.0,474066.0,447729.0,330121.0,310702.0,447729.0,421392.0,441871.0,"{""office"": ""PA Senate District 50"", ""source"": ""mock"", ""candidates"": [{""name"": ""Jessica Lopez"", ""party"": ""R""}, {""name"": ""John Lopez"", ""party"": ""D""}]}",Synthetic state-leg row — replace via OpenStates / FTM pipeline,mock
RI-U-001,RI,upper,1,ocd-division/country:us/state:ri/sldu:1,RI SD-1,D,James Wilson,D,2024,2.0,-5.2,Lean D,True,False,attack,38,20,327962.0,295166.0,382108.0,343897.0,295166.0,278768.0,343897.0,324792.0,278768.0,262370.0,324792.0,305687.0,373294.0,"{""office"": ""RI Senate District 1"", ""source"": ""mock"", ""candidates"": [{""name"": ""James Wilson"", ""party"": ""D""}, {""name"": ""David Miller"", ""party"": ""R""}]}",Synthetic state-leg row — replace via OpenStates / FTM pipeline,mock
RI-U-002,RI,upper,2,ocd-division/country:us/state:ri/sldu:2,RI SD-2,R,Mary Anderson,R,2018,8.0,-4.7,Lean D,True,False,defend,38,20,971696.0,874526.0,568776.0,511898.0,874526.0,825941.0,511898.0,483459.0,825941.0,777357.0,483459.0,455020.0,820851.0,"{""office"": ""RI Senate District 2"", ""source"": ""mock"", ""candidates"": [{""name"": ""Mary Anderson"", ""party"": ""R""}, {""name"": ""Joseph Lopez"", ""party"": ""D""}]}",Synthetic state-leg row — replace via OpenStates / FTM pipeline,mock
RI-U-003,RI,upper,3,ocd-division/country:us/state:ri/sldu:3,RI SD-3,D,Robert Thomas,D,2015,11.0,-2.9,Lean D,True,False,attack,38,20,996643.0,896979.0,743040.0,668736.0,896979.0,847147.0,668736.0,631584.0,847147.0,797314.0,631584.0,594432.0,971737.0,"{""office"": ""RI Senate District 3"", ""source"": ""mock"", ""candidates"": [{""name"": ""Robert Thomas"", ""party"": ""D""}, {""name"": ""Jennifer Thomas"", ""party"": ""R""}]}",Synthetic state-leg row — replace via OpenStates / FTM pipeline,mock
RI-U-004,RI,upper,4,ocd-division/country:us/state:ri/sldu:4,RI SD-4,D,Patricia Smith,D,2022,4.0,-8.9,Likely D,True,False,attack,38,20,375234.0,337710.0,554557.0,499101.0,337710.0,318949.0,499101.0,471373.0,318949.0,300187.0,471373.0,443645.0,439658.0,"{""office"": ""RI Senate District 4"", ""source"": ""mock"", ""candidates"": [{""name"": ""Patricia Smith"", ""party"": ""D""}, {""name"": ""Mary Williams"", ""party"": ""R""}]}",Synthetic state-leg row — replace via OpenStates / FTM pipeline,mock
RI-U-005,RI,upper,5,ocd-division/country:us/state:ri/sldu:5,RI SD-5,D,John Johnson,D,2017,9.0,-25.6,Likely D,True,False,safe,38,20,230826.0,207743.0,198458.0,178612.0,207743.0,196202.0,178612.0,168689.0,196202.0,184660.0,168689.0,158766.0,106462.0,"{""office"": ""RI Senate District 5"", ""source"": ""mock"", ""candidates"": [{""name"": ""John Johnson"", ""party"": ""D""}, {""name"": ""Robert Rodriguez"", ""party"": ""R""}]}",Synthetic state-leg row — replace via OpenStates / FTM pipeline,mock
RI-U-006,RI,upper,6,ocd-division/country:us/state:ri/sldu:6,RI SD-6,R,Jennifer Williams,R,2023,3.0,-1.1,Toss-up,True,False,defend,38,20,658875.0,592988.0,577313.0,519582.0,592988.0,560044.0,519582.0,490716.0,560044.0,527100.0,490716.0,461850.0,722287.0,"{""office"": ""RI Senate District 6"", ""source"": ""mock"", ""candidates"": [{""name"": ""Jennifer Williams"", ""party"": ""R""}, {""name"": ""Linda Rodriguez"", ""party"": ""D""}]}",Synthetic state-leg row — replace via OpenStates / FTM pipeline,mock
RI-U-007,RI,upper,7,ocd-division/country:us/state:ri/sldu:7,RI SD-7,D,Michael Brown,D,2023,3.0,-15.9,Likely D,True,False,safe,38,20,147433.0,132690.0,223411.0,201070.0,132690.0,125318.0,201070.0,189899.0,125318.0,117947.0,189899.0,178729.0,138272.0,"{""office"": ""RI Senate District 7"", ""source"": ""mock"", ""candidates"": [{""name"": ""Michael Brown"", ""party"": ""D""}, {""name"": ""John Brown"", ""party"": ""R""}]}",Synthetic state-leg row — replace via OpenStates / FTM pipeline,mock
RI-U-008,RI,upper,8,ocd-division/country:us/state:ri/sldu:8,RI SD-8,D,Linda Jones,D,2023,3.0,-18.4,Likely D,True,False,safe,38,20,510780.0,459702.0,520871.0,468784.0,459702.0,434163.0,468784.0,442740.0,434163.0,408624.0,442740.0,416697.0,347814.0,"{""office"": ""RI Senate District 8"", ""source"": ""mock"", ""candidates"": [{""name"": ""Linda Jones"", ""party"": ""D""}, {""name"": ""Susan Jones"", ""party"": ""R""}]}",Synthetic state-leg row — replace via OpenStates / FTM pipeline,mock
RI-U-009,RI,upper,9,ocd-division/country:us/state:ri/sldu:9,RI SD-9,D,David Garcia,D,2010,16.0,-6.4,Lean D,True,False,attack,38,20,272417.0,245175.0,449616.0,404654.0,245175.0,231554.0,404654.0,382174.0,231554.0,217933.0,382174.0,359693.0,367205.0,"{""office"": ""RI Senate District 9"", ""source"": ""mock"", ""candidates"": [{""name"": ""David Garcia"", ""party"": ""D""}, {""name"": ""James Williams"", ""party"": ""R""}]}",Synthetic state-leg row — replace via OpenStates / FTM pipeline,mock
RI-U-010,RI,upper,10,ocd-division/country:us/state:ri/sldu:10,RI SD-10,D,Elizabeth Miller,D,2011,15.0,-14.5,Likely D,True,False,safe,38,20,193772.0,174395.0,380006.0,342005.0,174395.0,164706.0,342005.0,323005.0,164706.0,155017.0,323005.0,304005.0,225413.0,"{""office"": ""RI Senate District 10"", ""source"": ""mock"", ""candidates"": [{""name"": ""Elizabeth Miller"", ""party"": ""D""}]}",Synthetic state-leg row — replace via OpenStates / FTM pipeline,mock
RI-U-011,RI,upper,11,ocd-division/country:us/state:ri/sldu:11,RI SD-11,D,William Davis,D,2021,5.0,-9.0,Likely D,True,False,attack,38,20,683159.0,614843.0,636830.0,573147.0,614843.0,580685.0,573147.0,541305.0,580685.0,546527.0,541305.0,509464.0,622280.0,"{""office"": ""RI Senate District 11"", ""source"": ""mock"", ""candidates"": [{""name"": ""William Davis"", ""party"": ""D""}, {""name"": ""Mary Hernandez"", ""party"": ""R""}]}",Synthetic state-leg row — replace via OpenStates / FTM pipeline,mock
RI-U-012,RI,upper,12,ocd-division/country:us/state:ri/sldu:12,RI SD-12,R,Barbara Rodriguez,R,2010,16.0,-1.4,Toss-up,True,False,defend,38,20,754198.0,678778.0,529963.0,476967.0,678778.0,641068.0,476967.0,450468.0,641068.0,603358.0,450468.0,423970.0,744813.0,"{""office"": ""RI Senate District 12"", ""source"": ""mock"", ""candidates"": [{""name"": ""Barbara Rodriguez"", ""party"": ""R""}, {""name"": ""Patricia Wilson"", ""party"": ""D""}]}",Synthetic state-leg row — replace via OpenStates / FTM pipeline,mock
RI-U-013,RI,upper,13,ocd-division/country:us/state:ri/sldu:13,RI SD-13,R,Richard Martinez,R,2008,18.0,-0.1,Toss-up,True,False,defend,38,20,500503.0,450453.0,467774.0,420996.0,450453.0,425428.0,420996.0,397608.0,425428.0,400403.0,397608.0,374219.0,579583.0,"{""office"": ""RI Senate District 13"", ""source"": ""mock"", ""candidates"": [{""name"": ""Richard Martinez"", ""party"": ""R""}, {""name"": ""Elizabeth Miller"", ""party"": ""D""}]}",Synthetic state-leg row — replace via OpenStates / FTM pipeline,mock
RI-U-014,RI,upper,14,ocd-division/country:us/state:ri/sldu:14,RI SD-14,D,Susan Hernandez,D,2014,12.0,-8.6,Likely D,True,False,attack,38,20,482306.0,434075.0,509971.0,458974.0,434075.0,409960.0,458974.0,433475.0,409960.0,385845.0,433475.0,407977.0,473458.0,"{""office"": ""RI Senate District 14"", ""source"": ""mock"", ""candidates"": [{""name"": ""Susan Hernandez"", ""party"": ""D""}, {""name"": ""Richard Anderson"", ""party"": ""R""}]}",Synthetic state-leg row — replace via OpenStates / FTM pipeline,mock
RI-U-015,RI,upper,15,ocd-division/country:us/state:ri/sldu:15,RI SD-15,D,Joseph Lopez,D,2018,8.0,-7.4,Likely D,False,False,attack,38,20,751847.0,676662.0,884189.0,795770.0,676662.0,639070.0,795770.0,751561.0,639070.0,601477.0,751561.0,707351.0,808669.0,"{""office"": ""RI Senate District 15"", ""source"": ""mock"", ""candidates"": [{""name"": ""Joseph Lopez"", ""party"": ""D""}, {""name"": ""Jennifer Davis"", ""party"": ""R""}]}",Synthetic state-leg row — replace via OpenStates / FTM pipeline,mock
RI-U-016,RI,upper,16,ocd-division/country:us/state:ri/sldu:16,RI SD-16,D,OPEN SEAT,,,0.0,-7.8,Likely D,False,True,attack,38,20,680886.0,612798.0,819206.0,737285.0,612798.0,578754.0,737285.0,696325.0,578754.0,544709.0,696325.0,655365.0,732902.0,"{""office"": ""RI Senate District 16"", ""source"": ""mock"", ""candidates"": [{""name"": ""Joseph Johnson"", ""party"": ""R""}]}",Synthetic state-leg row — replace via OpenStates / FTM pipeline,mock
RI-U-017,RI,upper,17,ocd-division/country:us/state:ri/sldu:17,RI SD-17,D,Jessica Wilson,D,2014,12.0,-7.8,Likely D,True,False,attack,38,20,306078.0,275470.0,247960.0,223164.0,275470.0,260166.0,223164.0,210766.0,260166.0,244862.0,210766.0,198368.0,270687.0,"{""office"": ""RI Senate District 17"", ""source"": ""mock"", ""candidates"": [{""name"": ""Jessica Wilson"", ""party"": ""D""}, {""name"": ""Jessica Smith"", ""party"": ""R""}]}",Synthetic state-leg row — replace via OpenStates / FTM pipeline,mock
RI-U-018,RI,upper,18,ocd-division/country:us/state:ri/sldu:18,RI SD-18,D,OPEN SEAT,,,0.0,-13.5,Likely D,False,True,attack,38,20,232781.0,209503.0,335246.0,301722.0,209503.0,197864.0,301722.0,284959.0,197864.0,186225.0,284959.0,268197.0,231268.0,"{""office"": ""RI Senate District 18"", ""source"": ""mock"", ""candidates"": [{""name"": ""William Jones"", ""party"": ""R""}]}",Synthetic state-leg row — replace via OpenStates / FTM pipeline,mock
RI-U-019,RI,upper,19,ocd-division/country:us/state:ri/sldu:19,RI SD-19,R,James Anderson,R,2011,15.0,10.2,Likely R,True,False,defend,38,20,260622.0,234560.0,174402.0,156962.0,234560.0,221529.0,156962.0,148242.0,221529.0,208497.0,148242.0,139521.0,197625.0,"{""office"": ""RI Senate District 19"", ""source"": ""mock"", ""candidates"": [{""name"": ""James Anderson"", ""party"": ""R""}, {""name"": ""Joseph Miller"", ""party"": ""D""}]}",Synthetic state-leg row — replace via OpenStates / FTM pipeline,mock
RI-U-020,RI,upper,20,ocd-division/country:us/state:ri/sldu:20,RI SD-20,D,Mary Thomas,D,2017,9.0,-5.4,Lean D,True,False,attack,38,20,891526.0,802373.0,1124684.0,1012216.0,802373.0,757797.0,1012216.0,955982.0,757797.0,713221.0,955982.0,899747.0,1054190.0,"{""office"": ""RI Senate District 20"", ""source"": ""mock"", ""candidates"": [{""name"": ""Mary Thomas"", ""party"": ""D""}, {""name"": ""David Johnson"", ""party"": ""R""}]}",Synthetic state-leg row — replace via OpenStates / FTM pipeline,mock
RI-U-021,RI,upper,21,ocd-division/country:us/state:ri/sldu:21,RI SD-21,D,Robert Smith,D,2016,10.0,-9.5,Likely D,True,False,attack,38,20,611214.0,550092.0,1000537.0,900484.0,550092.0,519532.0,900484.0,850457.0,519532.0,488971.0,850457.0,800430.0,748313.0,"{""office"": ""RI Senate District 21"", ""source"": ""mock"", ""candidates"": [{""name"": ""Robert Smith"", ""party"": ""D""}, {""name"": ""Jennifer Jones"", ""party"": ""R""}]}",Synthetic state-leg row — replace via OpenStates / FTM pipeline,mock
RI-U-022,RI,upper,22,ocd-division/country:us/state:ri/sldu:22,RI SD-22,D,Patricia Johnson,D,2011,15.0,-14.8,Likely D,True,False,safe,38,20,402920.0,362628.0,301907.0,271716.0,362628.0,342482.0,271716.0,256621.0,342482.0,322336.0,256621.0,241525.0,273876.0,"{""office"": ""RI Senate District 22"", ""source"": ""mock"", ""candidates"": [{""name"": ""Patricia Johnson"", ""party"": ""D""}, {""name"": ""Barbara Brown"", ""party"": ""R""}]}",Synthetic state-leg row — replace via OpenStates / FTM pipeline,mock
RI-U-023,RI,upper,23,ocd-division/country:us/state:ri/sldu:23,RI SD-23,D,John Williams,D,2018,8.0,-9.9,Likely D,True,False,attack,38,20,611777.0,550600.0,843280.0,758952.0,550600.0,520011.0,758952.0,716788.0,520011.0,489422.0,716788.0,674624.0,667248.0,"{""office"": ""RI Senate District 23"", ""source"": ""mock"", ""candidates"": [{""name"": ""John Williams"", ""party"": ""D""}, {""name"": ""Mary Davis"", ""party"": ""R""}]}",Synthetic state-leg row — replace via OpenStates / FTM pipeline,mock
RI-U-024,RI,upper,24,ocd-division/country:us/state:ri/sldu:24,RI SD-24,D,Jennifer Brown,D,2017,9.0,-24.5,Likely D,True,False,safe,38,20,104196.0,93776.0,136247.0,122622.0,93776.0,88566.0,122622.0,115810.0,88566.0,83357.0,115810.0,108998.0,60111.0,"{""office"": ""RI Senate District 24"", ""source"": ""mock"", ""candidates"": [{""name"": ""Jennifer Brown"", ""party"": ""D""}]}",Synthetic state-leg row — replace via OpenStates / FTM pipeline,mock
RI-U-025,RI,upper,25,ocd-division/country:us/state:ri/sldu:25,RI SD-25,R,Michael Jones,R,2009,17.0,2.0,Lean R,True,False,defend,38,20,1130152.0,1017136.0,690360.0,621324.0,1017136.0,960629.0,621324.0,586806.0,960629.0,904121.0,586806.0,552288.0,1040292.0,"{""office"": ""RI Senate District 25"", ""source"": ""mock"", ""candidates"": [{""name"": ""Michael Jones"", ""party"": ""R""}, {""name"": ""Richard Jones"", ""party"": ""D""}]}",Synthetic state-leg row — replace via OpenStates / FTM pipeline,mock
RI-U-026,RI,upper,26,ocd-division/country:us/state:ri/sldu:26,RI SD-26,D,Linda Garcia,D,2023,3.0,-6.6,Lean D,True,False,attack,38,20,408400.0,367560.0,314076.0,282669.0,367560.0,347140.0,282669.0,266965.0,347140.0,326720.0,266965.0,251261.0,365367.0,"{""office"": ""RI Senate District 26"", ""source"": ""mock"", ""candidates"": [{""name"": ""Linda Garcia"", ""party"": ""D""}, {""name"": ""James Rodriguez"", ""party"": ""R""}]}",Synthetic state-leg row — replace via OpenStates / FTM pipeline,mock
RI-U-027,RI,upper,27,ocd-division/country:us/state:ri/sldu:27,RI SD-27,D,David Miller,D,2012,14.0,-1.6,Toss-up,True,False,attack,38,20,582692.0,524422.0,754800.0,679320.0,524422.0,495288.0,679320.0,641580.0,495288.0,466153.0,641580.0,603840.0,771924.0,"{""office"": ""RI Senate District 27"", ""source"": ""mock"", ""candidates"": [{""name"": ""David Miller"", ""party"": ""D""}, {""name"": ""William Williams"", ""party"": ""R""}]}",Synthetic state-leg row — replace via OpenStates / FTM pipeline,mock
RI-U-028,RI,upper,28,ocd-division/country:us/state:ri/sldu:28,RI SD-28,D,Elizabeth Davis,D,2016,10.0,-14.4,Likely D,True,False,safe,38,20,284437.0,255993.0,228110.0,205299.0,255993.0,241771.0,205299.0,193893.0,241771.0,227550.0,193893.0,182488.0,202090.0,"{""office"": ""RI Senate District 28"", ""source"": ""mock"", ""candidates"": [{""name"": ""Elizabeth Davis"", ""party"": ""D""}]}",Synthetic state-leg row — replace via OpenStates / FTM pipeline,mock
RI-U-029,RI,upper,29,ocd-division/country:us/state:ri/sldu:29,RI SD-29,D,William Rodriguez,D,2013,13.0,-9.7,Likely D,True,False,attack,38,20,340836.0,306752.0,360894.0,324805.0,306752.0,289711.0,324805.0,306760.0,289711.0,272669.0,306760.0,288715.0,323798.0,"{""office"": ""RI Senate District 29"", ""source"": ""mock"", ""candidates"": [{""name"": ""William Rodriguez"", ""party"": ""D""}, {""name"": ""Richard Lopez"", ""party"": ""R""}]}",Synthetic state-leg row — replace via OpenStates / FTM pipeline,mock
RI-U-030,RI,upper,30,ocd-division/country:us/state:ri/sldu:30,RI SD-30,D,Barbara Martinez,D,2015,11.0,-9.7,Likely D,True,False,attack,38,20,190324.0,171292.0,203330.0,182997.0,171292.0,161775.0,182997.0,172831.0,161775.0,152259.0,172831.0,162664.0,181643.0,"{""office"": ""RI Senate District 30"", ""source"": ""mock"", ""candidates"": [{""name"": ""Barbara Martinez"", ""party"": ""D""}, {""name"": ""Jennifer Hernandez"", ""party"": ""R""}]}",Synthetic state-leg row — replace via OpenStates / FTM pipeline,mock
RI-U-031,RI,upper,31,ocd-division/country:us/state:ri/sldu:31,RI SD-31,D,Richard Hernandez,D,2013,13.0,-18.4,Likely D,True,False,safe,38,20,366264.0,329638.0,540995.0,486896.0,329638.0,311325.0,486896.0,459846.0,311325.0,293011.0,459846.0,432796.0,305876.0,"{""office"": ""RI Senate District 31"", ""source"": ""mock"", ""candidates"": [{""name"": ""Richard Hernandez"", ""party"": ""D""}]}",Synthetic state-leg row — replace via OpenStates / FTM pipeline,mock
RI-U-032,RI,upper,32,ocd-division/country:us/state:ri/sldu:32,RI SD-32,D,Susan Lopez,D,2008,18.0,-6.6,Lean D,True,False,attack,38,20,178575.0,160717.0,310276.0,279248.0,160717.0,151789.0,279248.0,263734.0,151789.0,142860.0,263734.0,248221.0,247219.0,"{""office"": ""RI Senate District 32"", ""source"": ""mock"", ""candidates"": [{""name"": ""Susan Lopez"", ""party"": ""D""}, {""name"": ""Elizabeth Wilson"", ""party"": ""R""}]}",Synthetic state-leg row — replace via OpenStates / FTM pipeline,mock
RI-U-033,RI,upper,33,ocd-division/country:us/state:ri/sldu:33,RI SD-33,D,Joseph Wilson,D,2023,3.0,-20.1,Likely D,True,False,safe,38,20,252109.0,226898.0,287872.0,259084.0,226898.0,214293.0,259084.0,244691.0,214293.0,201687.0,244691.0,230297.0,168937.0,"{""office"": ""RI Senate District 33"", ""source"": ""mock"", ""candidates"": [{""name"": ""Joseph Wilson"", ""party"": ""D""}]}",Synthetic state-leg row — replace via OpenStates / FTM pipeline,mock
RI-U-034,RI,upper,34,ocd-division/country:us/state:ri/sldu:34,RI SD-34,R,Jessica Anderson,R,2018,8.0,10.1,Likely R,True,False,defend,38,20,184753.0,166278.0,114981.0,103483.0,166278.0,157040.0,103483.0,97734.0,157040.0,147803.0,97734.0,91985.0,136593.0,"{""office"": ""RI Senate District 34"", ""source"": ""mock"", ""candidates"": [{""name"": ""Jessica Anderson"", ""party"": ""R""}, {""name"": ""Patricia Lopez"", ""party"": ""D""}]}",Synthetic state-leg row — replace via OpenStates / FTM pipeline,mock
RI-U-035,RI,upper,35,ocd-division/country:us/state:ri/sldu:35,RI SD-35,D,James Thomas,D,2022,4.0,-5.1,Lean D,True,False,attack,38,20,358959.0,323063.0,425481.0,382933.0,323063.0,305115.0,382933.0,361659.0,305115.0,287167.0,361659.0,340385.0,413512.0,"{""office"": ""RI Senate District 35"", ""source"": ""mock"", ""candidates"": [{""name"": ""James Thomas"", ""party"": ""D""}, {""name"": ""Linda Miller"", ""party"": ""R""}]}",Synthetic state-leg row — replace via OpenStates / FTM pipeline,mock
RI-U-036,RI,upper,36,ocd-division/country:us/state:ri/sldu:36,RI SD-36,R,OPEN SEAT,,,0.0,0.3,Toss-up,False,True,defend,38,20,337911.0,304120.0,405646.0,365081.0,304120.0,287224.0,365081.0,344799.0,287224.0,270329.0,344799.0,324517.0,442947.0,"{""office"": ""RI Senate District 36"", ""source"": ""mock"", ""candidates"": [{""name"": ""Patricia Garcia"", ""party"": ""D""}]}",Synthetic state-leg row — replace via OpenStates / FTM pipeline,mock
RI-U-037,RI,upper,37,ocd-division/country:us/state:ri/sldu:37,RI SD-37,R,OPEN SEAT,,,0.0,10.7,Likely R,False,True,defend,38,20,682956.0,614660.0,550774.0,495697.0,614660.0,580513.0,495697.0,468158.0,580513.0,546365.0,468158.0,440620.0,551654.0,"{""office"": ""RI Senate District 37"", ""source"": ""mock"", ""candidates"": [{""name"": ""Robert Lopez"", ""party"": ""D""}]}",Synthetic state-leg row — replace via OpenStates / FTM pipeline,mock
RI-U-038,RI,upper,38,ocd-division/country:us/state:ri/sldu:38,RI SD-38,D,Mary Smith,D,2021,5.0,-2.1,Lean D,True,False,attack,38,20,548230.0,493407.0,1043820.0,939438.0,493407.0,465995.0,939438.0,887247.0,465995.0,438584.0,887247.0,835056.0,907468.0,"{""office"": ""RI Senate District 38"", ""source"": ""mock"", ""candidates"": [{""name"": ""Mary Smith"", ""party"": ""D""}, {""name"": ""Joseph Rodriguez"", ""party"": ""R""}]}",Synthetic state-leg row — replace via OpenStates / FTM pipeline,mock
SC-U-001,SC,upper,1,ocd-division/country:us/state:sc/sldu:1,SC SD-1,D,Robert Johnson,D,2012,14.0,-1.6,Toss-up,True,False,attack,46,24,305409.0,274868.0,252312.0,227080.0,274868.0,259597.0,227080.0,214465.0,259597.0,244327.0,214465.0,201849.0,321884.0,"{""office"": ""SC Senate District 1"", ""source"": ""mock"", ""candidates"": [{""name"": ""Robert Johnson"", ""party"": ""D""}, {""name"": ""John Wilson"", ""party"": ""R""}]}",Synthetic state-leg row — replace via OpenStates / FTM pipeline,mock
SC-U-002,SC,upper,2,ocd-division/country:us/state:sc/sldu:2,SC SD-2,R,Patricia Williams,R,2017,9.0,2.6,Lean R,True,False,defend,46,24,280754.0,252679.0,241562.0,217406.0,252679.0,238641.0,217406.0,205328.0,238641.0,224603.0,205328.0,193250.0,293990.0,"{""office"": ""SC Senate District 2"", ""source"": ""mock"", ""candidates"": [{""name"": ""Patricia Williams"", ""party"": ""R""}, {""name"": ""James Davis"", ""party"": ""D""}]}",Synthetic state-leg row — replace via OpenStates / FTM pipeline,mock
SC-U-003,SC,upper,3,ocd-division/country:us/state:sc/sldu:3,SC SD-3,R,John Brown,R,2015,11.0,9.1,Likely R,True,False,defend,46,24,337678.0,303910.0,289942.0,260947.0,303910.0,287026.0,260947.0,246450.0,287026.0,270142.0,246450.0,231953.0,294981.0,"{""office"": ""SC Senate District 3"", ""source"": ""mock"", ""candidates"": [{""name"": ""John Brown"", ""party"": ""R""}, {""name"": ""Robert Anderson"", ""party"": ""D""}]}",Synthetic state-leg row — replace via OpenStates / FTM pipeline,mock
SC-U-004,SC,upper,4,ocd-division/country:us/state:sc/sldu:4,SC SD-4,R,Jennifer Jones,R,2023,3.0,1.8,Toss-up,True,False,defend,46,24,1289357.0,1160421.0,706053.0,635448.0,1160421.0,1095953.0,635448.0,600145.0,1095953.0,1031485.0,600145.0,564843.0,1145935.0,"{""office"": ""SC Senate District 4"", ""source"": ""mock"", ""candidates"": [{""name"": ""Jennifer Jones"", ""party"": ""R""}, {""name"": ""Barbara Lopez"", ""party"": ""D""}]}",Synthetic state-leg row — replace via OpenStates / FTM pipeline,mock
SC-U-005,SC,upper,5,ocd-division/country:us/state:sc/sldu:5,SC SD-5,R,Michael Garcia,R,2011,15.0,7.1,Likely R,True,False,defend,46,24,976089.0,878480.0,743187.0,668869.0,878480.0,829676.0,668869.0,631709.0,829676.0,780871.0,631709.0,594550.0,857182.0,"{""office"": ""SC Senate District 5"", ""source"": ""mock"", ""candidates"": [{""name"": ""Michael Garcia"", ""party"": ""R""}, {""name"": ""Jessica Martinez"", ""party"": ""D""}]}",Synthetic state-leg row — replace via OpenStates / FTM pipeline,mock
SC-U-006,SC,upper,6,ocd-division/country:us/state:sc/sldu:6,SC SD-6,R,Linda Miller,R,2009,17.0,1.7,Toss-up,True,False,defend,46,24,508112.0,457301.0,318088.0,286279.0,457301.0,431895.0,286279.0,270375.0,431895.0,406490.0,270375.0,254470.0,475655.0,"{""office"": ""SC Senate District 6"", ""source"": ""mock"", ""candidates"": [{""name"": ""Linda Miller"", ""party"": ""R""}, {""name"": ""Robert Davis"", ""party"": ""D""}]}",Synthetic state-leg row — replace via OpenStates / FTM pipeline,mock
SC-U-007,SC,upper,7,ocd-division/country:us/state:sc/sldu:7,SC SD-7,R,David Davis,R,2008,18.0,6.3,Lean R,True,False,defend,46,24,954221.0,858799.0,690598.0,621538.0,858799.0,811088.0,621538.0,587008.0,811088.0,763377.0,587008.0,552478.0,838857.0,"{""office"": ""SC Senate District 7"", ""source"": ""mock"", ""candidates"": [{""name"": ""David Davis"", ""party"": ""R""}, {""name"": ""Susan Rodriguez"", ""party"": ""D""}]}",Synthetic state-leg row — replace via OpenStates / FTM pipeline,mock
SC-U-008,SC,upper,8,ocd-division/country:us/state:sc/sldu:8,SC SD-8,R,Elizabeth Rodriguez,R,2022,4.0,13.2,Likely R,True,False,defend,46,24,341344.0,307209.0,366189.0,329570.0,307209.0,290142.0,329570.0,311260.0,290142.0,273075.0,311260.0,292951.0,291099.0,"{""office"": ""SC Senate District 8"", ""source"": ""mock"", ""candidates"": [{""name"": ""Elizabeth Rodriguez"", ""party"": ""R""}, {""name"": ""William Martinez"", ""party"": ""D""}]}",Synthetic state-leg row — replace via OpenStates / FTM pipeline,mock
SC-U-009,SC,upper,9,ocd-division/country:us/state:sc/sldu:9,SC SD-9,R,William Martinez,R,2009,17.0,15.4,Likely R,True,False,safe,46,24,526392.0,473753.0,478039.0,430235.0,473753.0,447434.0,430235.0,406333.0,447434.0,421114.0,406333.0,382431.0,381684.0,"{""office"": ""SC Senate District 9"", ""source"": ""mock"", ""candidates"": [{""name"": ""William Martinez"", ""party"": ""R""}]}",Synthetic state-leg row — replace via OpenStates / FTM pipeline,mock
SC-U-010,SC,upper,10,ocd-division/country:us/state:sc/sldu:10,SC SD-10,R,Barbara Hernandez,R,2022,4.0,25.2,Likely R,True,False,safe,46,24,150698.0,135628.0,121106.0,108995.0,135628.0,128093.0,108995.0,102940.0,128093.0,120558.0,102940.0,96885.0,67407.0,"{""office"": ""SC Senate District 10"", ""source"": ""mock"", ""candidates"": [{""name"": ""Barbara Hernandez"", ""party"": ""R""}]}",Synthetic state-leg row — replace via OpenStates / FTM pipeline,mock
SC-U-011,SC,upper,11,ocd-division/country:us/state:sc/sldu:11,SC SD-11,R,Richard Lopez,R,2017,9.0,10.0,Likely R,True,False,defend,46,24,762425.0,686182.0,587331.0,528598.0,686182.0,648061.0,528598.0,499231.0,648061.0,609940.0,499231.0,469865.0,617031.0,"{""office"": ""SC Senate District 11"", ""source"": ""mock"", ""candidates"": [{""name"": ""Richard Lopez"", ""party"": ""R""}, {""name"": ""Michael Brown"", ""party"": ""D""}]}",Synthetic state-leg row — replace via OpenStates / FTM pipeline,mock
SC-U-012,SC,upper,12,ocd-division/country:us/state:sc/sldu:12,SC SD-12,R,Susan Wilson,R,2013,13.0,19.6,Likely R,True,False,safe,46,24,362887.0,326599.0,273340.0,246006.0,326599.0,308454.0,246006.0,232339.0,308454.0,290310.0,232339.0,218672.0,203593.0,"{""office"": ""SC Senate District 12"", ""source"": ""mock"", ""candidates"": [{""name"": ""Susan Wilson"", ""party"": ""R""}]}",Synthetic state-leg row — replace via OpenStates / FTM pipeline,mock
SC-U-013,SC,upper,13,ocd-division/country:us/state:sc/sldu:13,SC SD-13,D,Joseph Anderson,D,2011,15.0,-8.3,Likely D,True,False,attack,46,24,199142.0,179228.0,202910.0,182619.0,179228.0,169271.0,182619.0,172474.0,169271.0,159314.0,172474.0,162328.0,193560.0,"{""office"": ""SC Senate District 13"", ""source"": ""mock"", ""candidates"": [{""name"": ""Joseph Anderson"", ""party"": ""D""}, {""name"": ""Joseph Wilson"", ""party"": ""R""}]}",Synthetic state-leg row — replace via OpenStates / FTM pipeline,mock
SC-U-014,SC,upper,14,ocd-division/country:us/state:sc/sldu:14,SC SD-14,R,Jessica Thomas,R,2010,16.0,7.9,Likely R,True,False,defend,46,24,501580.0,451422.0,512421.0,461179.0,451422.0,426343.0,461179.0,435558.0,426343.0,401264.0,435558.0,409937.0,493964.0,"{""office"": ""SC Senate District 14"", ""source"": ""mock"", ""candidates"": [{""name"": ""Jessica Thomas"", ""party"": ""R""}, {""name"": ""Mary Smith"", ""party"": ""D""}]}",Synthetic state-leg row — replace via OpenStates / FTM pipeline,mock
SC-U-015,SC,upper,15,ocd-division/country:us/state:sc/sldu:15,SC SD-15,R,James Smith,R,2012,14.0,8.5,Likely R,True,False,defend,46,24,707103.0,636392.0,712711.0,641440.0,636392.0,601037.0,641440.0,605805.0,601037.0,565682.0,605805.0,570169.0,679482.0,"{""office"": ""SC Senate District 15"", ""source"": ""mock"", ""candidates"": [{""name"": ""James Smith"", ""party"": ""R""}, {""name"": ""Robert Williams"", ""party"": ""D""}]}",Synthetic state-leg row — replace via OpenStates / FTM pipeline,mock
SC-U-016,SC,upper,16,ocd-division/country:us/state:sc/sldu:16,SC SD-16,D,Mary Johnson,D,2008,18.0,-6.2,Lean D,True,False,attack,46,24,356275.0,320648.0,362654.0,326388.0,320648.0,302834.0,326388.0,308256.0,302834.0,285020.0,308256.0,290123.0,367681.0,"{""office"": ""SC Senate District 16"", ""source"": ""mock"", ""candidates"": [{""name"": ""Mary Johnson"", ""party"": ""D""}, {""name"": ""Susan Anderson"", ""party"": ""R""}]}",Synthetic state-leg row — replace via OpenStates / FTM pipeline,mock
SC-U-017,SC,upper,17,ocd-division/country:us/state:sc/sldu:17,SC SD-17,R,Robert Williams,R,2010,16.0,16.9,Likely R,True,False,safe,46,24,531947.0,478752.0,427605.0,384845.0,478752.0,452155.0,384845.0,363464.0,452155.0,425558.0,363464.0,342084.0,344068.0,"{""office"": ""SC Senate District 17"", ""source"": ""mock"", ""candidates"": [{""name"": ""Robert Williams"", ""party"": ""R""}, {""name"": ""William Rodriguez"", ""party"": ""D""}]}",Synthetic state-leg row — replace via OpenStates / FTM pipeline,mock
SC-U-018,SC,upper,18,ocd-division/country:us/state:sc/sldu:18,SC SD-18,R,Patricia Brown,R,2014,12.0,11.5,Likely R,True,False,defend,46,24,551024.0,495922.0,703760.0,633384.0,495922.0,468371.0,633384.0,598196.0,468371.0,440820.0,598196.0,563008.0,546728.0,"{""office"": ""SC Senate District 18"", ""source"": ""mock"", ""candidates"": [{""name"": ""Patricia Brown"", ""party"": ""R""}, {""name"": ""Elizabeth Jones"", ""party"": ""D""}]}",Synthetic state-leg row — replace via OpenStates / FTM pipeline,mock
SC-U-019,SC,upper,19,ocd-division/country:us/state:sc/sldu:19,SC SD-19,R,John Jones,R,2015,11.0,3.1,Lean R,True,False,defend,46,24,456764.0,411088.0,246673.0,222006.0,411088.0,388250.0,222006.0,209672.0,388250.0,365412.0,209672.0,197339.0,390910.0,"{""office"": ""SC Senate District 19"", ""source"": ""mock"", ""candidates"": [{""name"": ""John Jones"", ""party"": ""R""}, {""name"": ""Robert Wilson"", ""party"": ""D""}]}",Synthetic state-leg row — replace via OpenStates / FTM pipeline,mock
SC-U-020,SC,upper,20,ocd-division/country:us/state:sc/sldu:20,SC SD-20,R,Jennifer Garcia,R,2023,3.0,6.8,Lean R,True,False,defend,46,24,520683.0,468615.0,408837.0,367953.0,468615.0,442581.0,367953.0,347512.0,442581.0,416546.0,347512.0,327070.0,467416.0,"{""office"": ""SC Senate District 20"", ""source"": ""mock"", ""candidates"": [{""name"": ""Jennifer Garcia"", ""party"": ""R""}, {""name"": ""Susan Smith"", ""party"": ""D""}]}",Synthetic state-leg row — replace via OpenStates / FTM pipeline,mock
SC-U-021,SC,upper,21,ocd-division/country:us/state:sc/sldu:21,SC SD-21,D,Michael Miller,D,2019,7.0,4.6,Lean R,True,False,attack,46,24,731690.0,658521.0,892201.0,802981.0,658521.0,621936.0,802981.0,758371.0,621936.0,585352.0,758371.0,713761.0,867622.0,"{""office"": ""SC Senate District 21"", ""source"": ""mock"", ""candidates"": [{""name"": ""Michael Miller"", ""party"": ""D""}, {""name"": ""Patricia Williams"", ""party"": ""R""}]}",Synthetic state-leg row — replace via OpenStates / FTM pipeline,mock
SC-U-022,SC,upper,22,ocd-division/country:us/state:sc/sldu:22,SC SD-22,R,Linda Davis,R,2020,6.0,6.6,Lean R,False,False,defend,46,24,786486.0,707837.0,400247.0,360223.0,707837.0,668513.0,360223.0,340210.0,668513.0,629188.0,340210.0,320198.0,600148.0,"{""office"": ""SC Senate District 22"", ""source"": ""mock"", ""candidates"": [{""name"": ""Linda Davis"", ""party"": ""R""}, {""name"": ""Patricia Davis"", ""party"": ""D""}]}",Synthetic state-leg row — replace via OpenStates / FTM pipeline,mock
SC-U-023,SC,upper,23,ocd-division/country:us/state:sc/sldu:23,SC SD-23,R,David Rodriguez,R,2020,6.0,6.1,Lean R,True,False,defend,46,24,802433.0,722190.0,806832.0,726149.0,722190.0,682068.0,726149.0,685807.0,682068.0,641947.0,685807.0,645466.0,825323.0,"{""office"": ""SC Senate District 23"", ""source"": ""mock"", ""candidates"": [{""name"": ""David Rodriguez"", ""party"": ""R""}, {""name"": ""Barbara Wilson"", ""party"": ""D""}]}",Synthetic state-leg row — replace via OpenStates / FTM pipeline,mock
SC-U-024,SC,upper,24,ocd-division/country:us/state:sc/sldu:24,SC SD-24,R,OPEN SEAT,,,0.0,3.3,Lean R,False,True,defend,46,24,1092289.0,983060.0,920928.0,828836.0,983060.0,928446.0,828836.0,782789.0,928446.0,873831.0,782789.0,736743.0,1113022.0,"{""office"": ""SC Senate District 24"", ""source"": ""mock"", ""candidates"": [{""name"": ""Robert Jones"", ""party"": ""D""}]}",Synthetic state-leg row — replace via OpenStates / FTM pipeline,mock
SC-U-025,SC,upper,25,ocd-division/country:us/state:sc/sldu:25,SC SD-25,R,Elizabeth Martinez,R,2020,6.0,19.9,Likely R,True,False,safe,46,24,472044.0,424840.0,291950.0,262755.0,424840.0,401237.0,262755.0,248157.0,401237.0,377635.0,248157.0,233560.0,241204.0,"{""office"": ""SC Senate District 25"", ""source"": ""mock"", ""candidates"": [{""name"": ""Elizabeth Martinez"", ""party"": ""R""}]}",Synthetic state-leg row — replace via OpenStates / FTM pipeline,mock
SC-U-026,SC,upper,26,ocd-division/country:us/state:sc/sldu:26,SC SD-26,R,William Hernandez,R,2017,9.0,21.2,Likely R,True,False,safe,46,24,275852.0,248267.0,247377.0,222639.0,248267.0,234474.0,222639.0,210270.0,234474.0,220681.0,210270.0,197901.0,155474.0,"{""office"": ""SC Senate District 26"", ""source"": ""mock"", ""candidates"": [{""name"": ""William Hernandez"", ""party"": ""R""}, {""name"": ""John Rodriguez"", ""party"": ""D""}]}",Synthetic state-leg row — replace via OpenStates / FTM pipeline,mock
SC-U-027,SC,upper,27,ocd-division/country:us/state:sc/sldu:27,SC SD-27,D,Barbara Lopez,D,2023,3.0,-5.1,Lean D,True,False,attack,46,24,192537.0,173284.0,229042.0,206138.0,173284.0,163657.0,206138.0,194685.0,163657.0,154030.0,194685.0,183233.0,222232.0,"{""office"": ""SC Senate District 27"", ""source"": ""mock"", ""candidates"": [{""name"": ""Barbara Lopez"", ""party"": ""D""}, {""name"": ""Robert Hernandez"", ""party"": ""R""}]}",Synthetic state-leg row — replace via OpenStates / FTM pipeline,mock
SC-U-028,SC,upper,28,ocd-division/country:us/state:sc/sldu:28,SC SD-28,D,Richard Wilson,D,2008,18.0,-6.1,Lean D,True,False,attack,46,24,429970.0,386973.0,479261.0,431334.0,386973.0,365475.0,431334.0,407371.0,365475.0,343976.0,407371.0,383408.0,466305.0,"{""office"": ""SC Senate District 28"", ""source"": ""mock"", ""candidates"": [{""name"": ""Richard Wilson"", ""party"": ""D""}, {""name"": ""Joseph Brown"", ""party"": ""R""}]}",Synthetic state-leg row — replace via OpenStates / FTM pipeline,mock
SC-U-029,SC,upper,29,ocd-division/country:us/state:sc/sldu:29,SC SD-29,R,OPEN SEAT,,,0.0,21.9,Likely R,False,True,safe,46,24,125137.0,112624.0,82387.0,74148.0,112624.0,106367.0,74148.0,70029.0,106367.0,100110.0,70029.0,65909.0,59589.0,"{""office"": ""SC Senate District 29"", ""source"": ""mock"", ""candidates"": [{""name"": ""Elizabeth Brown"", ""party"": ""D""}]}",Synthetic state-leg row — replace via OpenStates / FTM pipeline,mock
SC-U-030,SC,upper,30,ocd-division/country:us/state:sc/sldu:30,SC SD-30,R,Susan Anderson,R,2021,5.0,1.5,Toss-up,True,False,defend,46,24,942166.0,847950.0,827927.0,745134.0,847950.0,800841.0,745134.0,703738.0,800841.0,753733.0,703738.0,662342.0,1024126.0,"{""office"": ""SC Senate District 30"", ""source"": ""mock"", ""candidates"": [{""name"": ""Susan Anderson"", ""party"": ""R""}, {""name"": ""Michael Jones"", ""party"": ""D""}]}",Synthetic state-leg row — replace via OpenStates / FTM pipeline,mock
SC-U-031,SC,upper,31,ocd-division/country:us/state:sc/sldu:31,SC SD-31,R,Joseph Thomas,R,2011,15.0,14.8,Likely R,True,False,safe,46,24,298443.0,268599.0,290408.0,261367.0,268599.0,253677.0,261367.0,246847.0,253677.0,238755.0,246847.0,232326.0,228811.0,"{""office"": ""SC Senate District 31"", ""source"": ""mock"", ""candidates"": [{""name"": ""Joseph Thomas"", ""party"": ""R""}, {""name"": ""William Anderson"", ""party"": ""D""}]}",Synthetic state-leg row — replace via OpenStates / FTM pipeline,mock
SC-U-032,SC,upper,32,ocd-division/country:us/state:sc/sldu:32,SC SD-32,D,OPEN SEAT,,,0.0,-17.6,Likely D,False,True,safe,46,24,134810.0,121329.0,171932.0,154739.0,121329.0,114589.0,154739.0,146142.0,114589.0,107848.0,146142.0,137545.0,106922.0,"{""office"": ""SC Senate District 32"", ""source"": ""mock"", ""candidates"": []}",Synthetic state-leg row — replace via OpenStates / FTM pipeline,mock
SC-U-033,SC,upper,33,ocd-division/country:us/state:sc/sldu:33,SC SD-33,R,Jessica Smith,R,2021,5.0,28.6,Likely R,True,False,safe,46,24,160340.0,144306.0,143226.0,128904.0,144306.0,136289.0,128904.0,121742.0,136289.0,128272.0,121742.0,114581.0,75284.0,"{""office"": ""SC Senate District 33"", ""source"": ""mock"", ""candidates"": [{""name"": ""Jessica Smith"", ""party"": ""R""}]}",Synthetic state-leg row — replace via OpenStates / FTM pipeline,mock
SC-U-034,SC,upper,34,ocd-division/country:us/state:sc/sldu:34,SC SD-34,R,James Johnson,R,2018,8.0,23.5,Likely R,True,False,safe,46,24,207510.0,186759.0,179614.0,161652.0,186759.0,176383.0,161652.0,152672.0,176383.0,166008.0,152672.0,143691.0,102311.0,"{""office"": ""SC Senate District 34"", ""source"": ""mock"", ""candidates"": [{""name"": ""James Johnson"", ""party"": ""R""}]}",Synthetic state-leg row — replace via OpenStates / FTM pipeline,mock
SC-U-035,SC,upper,35,ocd-division/country:us/state:sc/sldu:35,SC SD-35,R,Mary Williams,R,2022,4.0,19.1,Likely R,False,False,safe,46,24,313103.0,281793.0,306249.0,275624.0,281793.0,266138.0,275624.0,260311.0,266138.0,250482.0,260311.0,244999.0,202616.0,"{""office"": ""SC Senate District 35"", ""source"": ""mock"", ""candidates"": [{""name"": ""Mary Williams"", ""party"": ""R""}, {""name"": ""Mary Smith"", ""party"": ""D""}]}",Synthetic state-leg row — replace via OpenStates / FTM pipeline,mock
SC-U-036,SC,upper,36,ocd-division/country:us/state:sc/sldu:36,SC SD-36,R,Robert Brown,R,2013,13.0,16.0,Likely R,True,False,safe,46,24,559292.0,503363.0,303311.0,272980.0,503363.0,475398.0,272980.0,257815.0,475398.0,447434.0,257815.0,242649.0,320396.0,"{""office"": ""SC Senate District 36"", ""source"": ""mock"", ""candidates"": [{""name"": ""Robert Brown"", ""party"": ""R""}]}",Synthetic state-leg row — replace via OpenStates / FTM pipeline,mock
SC-U-037,SC,upper,37,ocd-division/country:us/state:sc/sldu:37,SC SD-37,R,Patricia Jones,R,2024,2.0,15.3,Likely R,True,False,safe,46,24,410559.0,369503.0,295962.0,266366.0,369503.0,348975.0,266366.0,251568.0,348975.0,328447.0,251568.0,236770.0,269487.0,"{""office"": ""SC Senate District 37"", ""source"": ""mock"", ""candidates"": [{""name"": ""Patricia Jones"", ""party"": ""R""}]}",Synthetic state-leg row — replace via OpenStates / FTM pipeline,mock
SC-U-038,SC,upper,38,ocd-division/country:us/state:sc/sldu:38,SC SD-38,R,John Garcia,R,2017,9.0,8.8,Likely R,True,False,defend,46,24,291953.0,262757.0,222373.0,200136.0,262757.0,248160.0,200136.0,189017.0,248160.0,233562.0,189017.0,177899.0,243937.0,"{""office"": ""SC Senate District 38"", ""source"": ""mock"", ""candidates"": [{""name"": ""John Garcia"", ""party"": ""R""}, {""name"": ""Jessica Hernandez"", ""party"": ""D""}]}",Synthetic state-leg row — replace via OpenStates / FTM pipeline,mock
SC-U-039,SC,upper,39,ocd-division/country:us/state:sc/sldu:39,SC SD-39,R,Jennifer Miller,R,2021,5.0,7.9,Likely R,True,False,defend,46,24,1154750.0,1039275.0,819238.0,737314.0,1039275.0,981538.0,737314.0,696352.0,981538.0,923800.0,696352.0,655390.0,961614.0,"{""office"": ""SC Senate District 39"", ""source"": ""mock"", ""candidates"": [{""name"": ""Jennifer Miller"", ""party"": ""R""}, {""name"": ""John Johnson"", ""party"": ""D""}]}",Synthetic state-leg row — replace via OpenStates / FTM pipeline,mock
SC-U-040,SC,upper,40,ocd-division/country:us/state:sc/sldu:40,SC SD-40,R,Michael Davis,R,2018,8.0,2.1,Lean R,True,False,defend,46,24,931922.0,838730.0,472300.0,425070.0,838730.0,792134.0,425070.0,401455.0,792134.0,745538.0,401455.0,377840.0,800406.0,"{""office"": ""SC Senate District 40"", ""source"": ""mock"", ""candidates"": [{""name"": ""Michael Davis"", ""party"": ""R""}, {""name"": ""James Davis"", ""party"": ""D""}]}",Synthetic state-leg row — replace via OpenStates / FTM pipeline,mock
SC-U-041,SC,upper,41,ocd-division/country:us/state:sc/sldu:41,SC SD-41,R,OPEN SEAT,,,0.0,17.6,Likely R,False,True,safe,46,24,249822.0,224840.0,128060.0,115254.0,224840.0,212349.0,115254.0,108851.0,212349.0,199858.0,108851.0,102448.0,131719.0,"{""office"": ""SC Senate District 41"", ""source"": ""mock"", ""candidates"": []}",Synthetic state-leg row — replace via OpenStates / FTM pipeline,mock
SC-U-042,SC,upper,42,ocd-division/country:us/state:sc/sldu:42,SC SD-42,R,Linda Rodriguez,R,2021,5.0,6.2,Lean R,True,False,defend,46,24,873599.0,786239.0,645132.0,580618.0,786239.0,742559.0,580618.0,548362.0,742559.0,698879.0,548362.0,516105.0,776722.0,"{""office"": ""SC Senate District 42"", ""source"": ""mock"", ""candidates"": [{""name"": ""Linda Rodriguez"", ""party"": ""R""}, {""name"": ""Michael Johnson"", ""party"": ""D""}]}",Synthetic state-leg row — replace via OpenStates / FTM pipeline,mock
SC-U-043,SC,upper,43,ocd-division/country:us/state:sc/sldu:43,SC SD-43,D,OPEN SEAT,,,0.0,-26.6,Likely D,False,True,safe,46,24,129309.0,116378.0,129136.0,116222.0,116378.0,109913.0,116222.0,109765.0,109913.0,103447.0,109765.0,103308.0,64094.0,"{""office"": ""SC Senate District 43"", ""source"": ""mock"", ""candidates"": [{""name"": ""Richard Hernandez"", ""party"": ""R""}]}",Synthetic state-leg row — replace via OpenStates / FTM pipeline,mock
SC-U-044,SC,upper,44,ocd-division/country:us/state:sc/sldu:44,SC SD-44,R,David Martinez,R,2018,8.0,-2.2,Lean D,True,False,defend,46,24,331581.0,298422.0,321723.0,289550.0,298422.0,281843.0,289550.0,273464.0,281843.0,265264.0,273464.0,257378.0,371450.0,"{""office"": ""SC Senate District 44"", ""source"": ""mock"", ""candidates"": [{""name"": ""David Martinez"", ""party"": ""R""}, {""name"": ""Joseph Thomas"", ""party"": ""D""}]}",Synthetic state-leg row — replace via OpenStates / FTM pipeline,mock
SC-U-045,SC,upper,45,ocd-division/country:us/state:sc/sldu:45,SC SD-45,R,Elizabeth Hernandez,R,2011,15.0,9.9,Likely R,True,False,defend,46,24,687319.0,618587.0,517644.0,465880.0,618587.0,584221.0,465880.0,439998.0,584221.0,549856.0,439998.0,414115.0,552562.0,"{""office"": ""SC Senate District 45"", ""source"": ""mock"", ""candidates"": [{""name"": ""Elizabeth Hernandez"", ""party"": ""R""}, {""name"": ""William Davis"", ""party"": ""D""}]}",Synthetic state-leg row — replace via OpenStates / FTM pipeline,mock
SC-U-046,SC,upper,46,ocd-division/country:us/state:sc/sldu:46,SC SD-46,R,William Lopez,R,2024,2.0,26.5,Likely R,True,False,safe,46,24,144655.0,130189.0,175820.0,158238.0,130189.0,122957.0,158238.0,149447.0,122957.0,115724.0,149447.0,140656.0,79478.0,"{""office"": ""SC Senate District 46"", ""source"": ""mock"", ""candidates"": [{""name"": ""William Lopez"", ""party"": ""R""}]}",Synthetic state-leg row — replace via OpenStates / FTM pipeline,mock
SD-U-001,SD,upper,1,ocd-division/country:us/state:sd/sldu:1,SD SD-1,R,Barbara Wilson,R,2008,18.0,7.8,Likely R,True,False,defend,35,18,402375.0,362137.0,372087.0,334878.0,362137.0,342019.0,334878.0,316274.0,342019.0,321900.0,316274.0,297669.0,378380.0,"{""office"": ""SD Senate District 1"", ""source"": ""mock"", ""candidates"": [{""name"": ""Barbara Wilson"", ""party"": ""R""}, {""name"": ""Barbara Anderson"", ""party"": ""D""}]}",Synthetic state-leg row — replace via OpenStates / FTM pipeline,mock
SD-U-002,SD,upper,2,ocd-division/country:us/state:sd/sldu:2,SD SD-2,R,Richard Anderson,R,2011,15.0,10.8,Likely R,True,False,defend,35,18,452800.0,407520.0,316384.0,284745.0,407520.0,384880.0,284745.0,268926.0,384880.0,362240.0,268926.0,253107.0,342836.0,"{""office"": ""SD Senate District 2"", ""source"": ""mock"", ""candidates"": [{""name"": ""Richard Anderson"", ""party"": ""R""}, {""name"": ""William Martinez"", ""party"": ""D""}]}",Synthetic state-leg row — replace via OpenStates / FTM pipeline,mock
SD-U-003,SD,upper,3,ocd-division/country:us/state:sd/sldu:3,SD SD-3,R,Susan Thomas,R,2014,12.0,4.1,Lean R,True,False,defend,35,18,289523.0,260570.0,227489.0,204740.0,260570.0,246094.0,204740.0,193366.0,246094.0,231618.0,193366.0,181991.0,279925.0,"{""office"": ""SD Senate District 3"", ""source"": ""mock"", ""candidates"": [{""name"": ""Susan Thomas"", ""party"": ""R""}, {""name"": ""Patricia Williams"", ""party"": ""D""}]}",Synthetic state-leg row — replace via OpenStates / FTM pipeline,mock
SD-U-004,SD,upper,4,ocd-division/country:us/state:sd/sldu:4,SD SD-4,R,Joseph Smith,R,2011,15.0,6.6,Lean R,True,False,defend,35,18,985549.0,886994.0,727973.0,655176.0,886994.0,837717.0,655176.0,618777.0,837717.0,788439.0,618777.0,582378.0,866552.0,"{""office"": ""SD Senate District 4"", ""source"": ""mock"", ""candidates"": [{""name"": ""Joseph Smith"", ""party"": ""R""}, {""name"": ""Linda Jones"", ""party"": ""D""}]}",Synthetic state-leg row — replace via OpenStates / FTM pipeline,mock
SD-U-005,SD,upper,5,ocd-division/country:us/state:sd/sldu:5,SD SD-5,R,Jessica Johnson,R,2016,10.0,20.6,Likely R,True,False,safe,35,18,204519.0,184067.0,190269.0,171242.0,184067.0,173841.0,171242.0,161729.0,173841.0,163615.0,161729.0,152215.0,120692.0,"{""office"": ""SD Senate District 5"", ""source"": ""mock"", ""candidates"": [{""name"": ""Jessica Johnson"", ""party"": ""R""}, {""name"": ""William Lopez"", ""party"": ""D""}]}",Synthetic state-leg row — replace via OpenStates / FTM pipeline,mock
SD-U-006,SD,upper,6,ocd-division/country:us/state:sd/sldu:6,SD SD-6,R,James Williams,R,2016,10.0,19.1,Likely R,True,False,safe,35,18,537260.0,483534.0,422459.0,380213.0,483534.0,456671.0,380213.0,359090.0,456671.0,429808.0,359090.0,337967.0,313965.0,"{""office"": ""SD Senate District 6"", ""source"": ""mock"", ""candidates"": [{""name"": ""James Williams"", ""party"": ""R""}]}",Synthetic state-leg row — replace via OpenStates / FTM pipeline,mock
SD-U-007,SD,upper,7,ocd-division/country:us/state:sd/sldu:7,SD SD-7,R,Mary Brown,R,2019,7.0,18.9,Likely R,True,False,safe,35,18,580491.0,522442.0,406624.0,365961.0,522442.0,493417.0,365961.0,345630.0,493417.0,464393.0,345630.0,325299.0,325748.0,"{""office"": ""SD Senate District 7"", ""source"": ""mock"", ""candidates"": [{""name"": ""Mary Brown"", ""party"": ""R""}, {""name"": ""Richard Brown"", ""party"": ""D""}]}",Synthetic state-leg row — replace via OpenStates / FTM pipeline,mock
SD-U-008,SD,upper,8,ocd-division/country:us/state:sd/sldu:8,SD SD-8,R,Robert Jones,R,2024,2.0,16.9,Likely R,True,False,safe,35,18,175417.0,157875.0,119330.0,107397.0,157875.0,149104.0,107397.0,101430.0,149104.0,140333.0,101430.0,95464.0,105688.0,"{""office"": ""SD Senate District 8"", ""source"": ""mock"", ""candidates"": [{""name"": ""Robert Jones"", ""party"": ""R""}]}",Synthetic state-leg row — replace via OpenStates / FTM pipeline,mock
SD-U-009,SD,upper,9,ocd-division/country:us/state:sd/sldu:9,SD SD-9,R,Patricia Garcia,R,2018,8.0,9.9,Likely R,True,False,defend,35,18,656035.0,590431.0,530735.0,477662.0,590431.0,557630.0,477662.0,451125.0,557630.0,524828.0,451125.0,424588.0,544219.0,"{""office"": ""SD Senate District 9"", ""source"": ""mock"", ""candidates"": [{""name"": ""Patricia Garcia"", ""party"": ""R""}, {""name"": ""Linda Lopez"", ""party"": ""D""}]}",Synthetic state-leg row — replace via OpenStates / FTM pipeline,mock
SD-U-010,SD,upper,10,ocd-division/country:us/state:sd/sldu:10,SD SD-10,R,John Miller,R,2022,4.0,6.0,Lean R,True,False,defend,35,18,583726.0,525353.0,508216.0,457394.0,525353.0,496167.0,457394.0,431983.0,496167.0,466980.0,431983.0,406573.0,561570.0,"{""office"": ""SD Senate District 10"", ""source"": ""mock"", ""candidates"": [{""name"": ""John Miller"", ""party"": ""R""}, {""name"": ""Mary Lopez"", ""party"": ""D""}]}",Synthetic state-leg row — replace via OpenStates / FTM pipeline,mock
SD-U-011,SD,upper,11,ocd-division/country:us/state:sd/sldu:11,SD SD-11,R,Jennifer Davis,R,2022,4.0,28.0,Likely R,True,False,safe,35,18,102658.0,92392.0,121728.0,109555.0,92392.0,87259.0,109555.0,103469.0,87259.0,82126.0,103469.0,97382.0,55648.0,"{""office"": ""SD Senate District 11"", ""source"": ""mock"", ""candidates"": [{""name"": ""Jennifer Davis"", ""party"": ""R""}, {""name"": ""Elizabeth Garcia"", ""party"": ""D""}]}",Synthetic state-leg row — replace via OpenStates / FTM pipeline,mock
SD-U-012,SD,upper,12,ocd-division/country:us/state:sd/sldu:12,SD SD-12,R,Michael Rodriguez,R,2024,2.0,16.3,Likely R,True,False,safe,35,18,387645.0,348881.0,345105.0,310595.0,348881.0,329498.0,310595.0,293339.0,329498.0,310116.0,293339.0,276084.0,269024.0,"{""office"": ""SD Senate District 12"", ""source"": ""mock"", ""candidates"": [{""name"": ""Michael Rodriguez"", ""party"": ""R""}]}",Synthetic state-leg row — replace via OpenStates / FTM pipeline,mock
SD-U-013,SD,upper,13,ocd-division/country:us/state:sd/sldu:13,SD SD-13,R,Linda Martinez,R,2016,10.0,20.9,Likely R,True,False,safe,35,18,272861.0,245575.0,232423.0,209181.0,245575.0,231932.0,209181.0,197559.0,231932.0,218289.0,197559.0,185938.0,152307.0,"{""office"": ""SD Senate District 13"", ""source"": ""mock"", ""candidates"": [{""name"": ""Linda Martinez"", ""party"": ""R""}]}",Synthetic state-leg row — replace via OpenStates / FTM pipeline,mock
SD-U-014,SD,upper,14,ocd-division/country:us/state:sd/sldu:14,SD SD-14,R,David Hernandez,R,2019,7.0,15.2,Likely R,True,False,safe,35,18,423612.0,381251.0,385378.0,346841.0,381251.0,360070.0,346841.0,327572.0,360070.0,338890.0,327572.0,308303.0,309728.0,"{""office"": ""SD Senate District 14"", ""source"": ""mock"", ""candidates"": [{""name"": ""David Hernandez"", ""party"": ""R""}]}",Synthetic state-leg row — replace via OpenStates / FTM pipeline,mock
SD-U-015,SD,upper,15,ocd-division/country:us/state:sd/sldu:15,SD SD-15,R,Elizabeth Lopez,R,2017,9.0,13.7,Likely R,True,False,defend,35,18,298748.0,268873.0,324507.0,292056.0,268873.0,253936.0,292056.0,275831.0,253936.0,238999.0,275831.0,259605.0,251973.0,"{""office"": ""SD Senate District 15"", ""source"": ""mock"", ""candidates"": [{""name"": ""Elizabeth Lopez"", ""party"": ""R""}, {""name"": ""Linda Williams"", ""party"": ""D""}]}",Synthetic state-leg row — replace via OpenStates / FTM pipeline,mock
SD-U-016,SD,upper,16,ocd-division/country:us/state:sd/sldu:16,SD SD-16,R,William Wilson,R,2020,6.0,12.7,Likely R,True,False,defend,35,18,307488.0,276739.0,275615.0,248054.0,276739.0,261365.0,248054.0,234273.0,261365.0,245990.0,234273.0,220492.0,244070.0,"{""office"": ""SD Senate District 16"", ""source"": ""mock"", ""candidates"": [{""name"": ""William Wilson"", ""party"": ""R""}, {""name"": ""Robert Martinez"", ""party"": ""D""}]}",Synthetic state-leg row — replace via OpenStates / FTM pipeline,mock
SD-U-017,SD,upper,17,ocd-division/country:us/state:sd/sldu:17,SD SD-17,R,Barbara Anderson,R,2017,9.0,10.4,Likely R,True,False,defend,35,18,798158.0,718342.0,749948.0,674953.0,718342.0,678434.0,674953.0,637456.0,678434.0,638526.0,637456.0,599958.0,698859.0,"{""office"": ""SD Senate District 17"", ""source"": ""mock"", ""candidates"": [{""name"": ""Barbara Anderson"", ""party"": ""R""}, {""name"": ""Barbara Martinez"", ""party"": ""D""}]}",Synthetic state-leg row — replace via OpenStates / FTM pipeline,mock
SD-U-018,SD,upper,18,ocd-division/country:us/state:sd/sldu:18,SD SD-18,R,Richard Thomas,R,2008,18.0,20.9,Likely R,True,False,safe,35,18,393486.0,354138.0,379379.0,341441.0,354138.0,334463.0,341441.0,322472.0,334463.0,314789.0,322472.0,303503.0,232964.0,"{""office"": ""SD Senate District 18"", ""source"": ""mock"", ""candidates"": [{""name"": ""Richard Thomas"", ""party"": ""R""}, {""name"": ""John Jones"", ""party"": ""D""}]}",Synthetic state-leg row — replace via OpenStates / FTM pipeline,mock
SD-U-019,SD,upper,19,ocd-division/country:us/state:sd/sldu:19,SD SD-19,R,Susan Smith,R,2009,17.0,7.6,Likely R,True,False,defend,35,18,271691.0,244522.0,160817.0,144735.0,244522.0,230937.0,144735.0,136694.0,230937.0,217353.0,136694.0,128654.0,212547.0,"{""office"": ""SD Senate District 19"", ""source"": ""mock"", ""candidates"": [{""name"": ""Susan Smith"", ""party"": ""R""}, {""name"": ""William Johnson"", ""party"": ""D""}]}",Synthetic state-leg row — replace via OpenStates / FTM pipeline,mock
SD-U-020,SD,upper,20,ocd-division/country:us/state:sd/sldu:20,SD SD-20,R,Joseph Johnson,R,2023,3.0,1.4,Toss-up,True,False,defend,35,18,535112.0,481601.0,383579.0,345221.0,481601.0,454845.0,345221.0,326042.0,454845.0,428090.0,326042.0,306863.0,532841.0,"{""office"": ""SD Senate District 20"", ""source"": ""mock"", ""candidates"": [{""name"": ""Joseph Johnson"", ""party"": ""R""}, {""name"": ""Susan Williams"", ""party"": ""D""}]}",Synthetic state-leg row — replace via OpenStates / FTM pipeline,mock
SD-U-021,SD,upper,21,ocd-division/country:us/state:sd/sldu:21,SD SD-21,R,Jessica Williams,R,2011,15.0,13.4,Likely R,True,False,defend,35,18,297660.0,267894.0,237031.0,213328.0,267894.0,253011.0,213328.0,201476.0,253011.0,238128.0,201476.0,189624.0,218459.0,"{""office"": ""SD Senate District 21"", ""source"": ""mock"", ""candidates"": [{""name"": ""Jessica Williams"", ""party"": ""R""}, {""name"": ""Barbara Williams"", ""party"": ""D""}]}",Synthetic state-leg row — replace via OpenStates / FTM pipeline,mock
SD-U-022,SD,upper,22,ocd-division/country:us/state:sd/sldu:22,SD SD-22,R,James Brown,R,2013,13.0,11.6,Likely R,True,False,defend,35,18,567697.0,510928.0,410925.0,369832.0,510928.0,482543.0,369832.0,349286.0,482543.0,454158.0,349286.0,328740.0,425002.0,"{""office"": ""SD Senate District 22"", ""source"": ""mock"", ""candidates"": [{""name"": ""James Brown"", ""party"": ""R""}, {""name"": ""David Lopez"", ""party"": ""D""}]}",Synthetic state-leg row — replace via OpenStates / FTM pipeline,mock
SD-U-023,SD,upper,23,ocd-division/country:us/state:sd/sldu:23,SD SD-23,R,Mary Jones,R,2023,3.0,24.8,Likely R,True,False,safe,35,18,183735.0,165361.0,171131.0,154018.0,165361.0,156175.0,154018.0,145462.0,156175.0,146988.0,145462.0,136905.0,88007.0,"{""office"": ""SD Senate District 23"", ""source"": ""mock"", ""candidates"": [{""name"": ""Mary Jones"", ""party"": ""R""}, {""name"": ""David Lopez"", ""party"": ""D""}]}",Synthetic state-leg row — replace via OpenStates / FTM pipeline,mock
SD-U-024,SD,upper,24,ocd-division/country:us/state:sd/sldu:24,SD SD-24,R,Robert Garcia,R,2009,17.0,8.3,Likely R,True,False,defend,35,18,374092.0,336683.0,239895.0,215905.0,336683.0,317978.0,215905.0,203910.0,317978.0,299274.0,203910.0,191916.0,295591.0,"{""office"": ""SD Senate District 24"", ""source"": ""mock"", ""candidates"": [{""name"": ""Robert Garcia"", ""party"": ""R""}, {""name"": ""Jennifer Wilson"", ""party"": ""D""}]}",Synthetic state-leg row — replace via OpenStates / FTM pipeline,mock
SD-U-025,SD,upper,25,ocd-division/country:us/state:sd/sldu:25,SD SD-25,R,Patricia Miller,R,2017,9.0,8.9,Likely R,True,False,defend,35,18,220307.0,198276.0,255876.0,230289.0,198276.0,187261.0,230289.0,217495.0,187261.0,176245.0,217495.0,204701.0,225167.0,"{""office"": ""SD Senate District 25"", ""source"": ""mock"", ""candidates"": [{""name"": ""Patricia Miller"", ""party"": ""R""}, {""name"": ""James Jones"", ""party"": ""D""}]}",Synthetic state-leg row — replace via OpenStates / FTM pipeline,mock
SD-U-026,SD,upper,26,ocd-division/country:us/state:sd/sldu:26,SD SD-26,R,John Davis,R,2019,7.0,11.0,Likely R,True,False,defend,35,18,650282.0,585254.0,486816.0,438134.0,585254.0,552740.0,438134.0,413793.0,552740.0,520226.0,413793.0,389453.0,503572.0,"{""office"": ""SD Senate District 26"", ""source"": ""mock"", ""candidates"": [{""name"": ""John Davis"", ""party"": ""R""}, {""name"": ""Mary Anderson"", ""party"": ""D""}]}",Synthetic state-leg row — replace via OpenStates / FTM pipeline,mock
SD-U-027,SD,upper,27,ocd-division/country:us/state:sd/sldu:27,SD SD-27,R,Jennifer Rodriguez,R,2014,12.0,20.4,Likely R,True,False,safe,35,18,424004.0,381604.0,416777.0,375100.0,381604.0,360403.0,375100.0,354261.0,360403.0,339203.0,354261.0,333422.0,259441.0,"{""office"": ""SD Senate District 27"", ""source"": ""mock"", ""candidates"": [{""name"": ""Jennifer Rodriguez"", ""party"": ""R""}]}",Synthetic state-leg row — replace via OpenStates / FTM pipeline,mock
SD-U-028,SD,upper,28,ocd-division/country:us/state:sd/sldu:28,SD SD-28,R,Michael Martinez,R,2023,3.0,34.6,Likely R,True,False,safe,35,18,185535.0,166982.0,140767.0,126690.0,166982.0,157705.0,126690.0,119652.0,157705.0,148428.0,119652.0,112614.0,80923.0,"{""office"": ""SD Senate District 28"", ""source"": ""mock"", ""candidates"": [{""name"": ""Michael Martinez"", ""party"": ""R""}]}",Synthetic state-leg row — replace via OpenStates / FTM pipeline,mock
SD-U-029,SD,upper,29,ocd-division/country:us/state:sd/sldu:29,SD SD-29,R,Linda Hernandez,R,2020,6.0,17.4,Likely R,True,False,safe,35,18,412856.0,371570.0,282063.0,253856.0,371570.0,350928.0,253856.0,239753.0,350928.0,330285.0,239753.0,225650.0,244214.0,"{""office"": ""SD Senate District 29"", ""source"": ""mock"", ""candidates"": [{""name"": ""Linda Hernandez"", ""party"": ""R""}]}",Synthetic state-leg row — replace via OpenStates / FTM pipeline,mock
SD-U-030,SD,upper,30,ocd-division/country:us/state:sd/sldu:30,SD SD-30,R,David Lopez,R,2008,18.0,10.9,Likely R,True,False,defend,35,18,514217.0,462796.0,408404.0,367564.0,462796.0,437085.0,367564.0,347143.0,437085.0,411374.0,347143.0,326723.0,409907.0,"{""office"": ""SD Senate District 30"", ""source"": ""mock"", ""candidates"": [{""name"": ""David Lopez"", ""party"": ""R""}, {""name"": ""Patricia Miller"", ""party"": ""D""}]}",Synthetic state-leg row — replace via OpenStates / FTM pipeline,mock
SD-U-031,SD,upper,31,ocd-division/country:us/state:sd/sldu:31,SD SD-31,R,Elizabeth Wilson,R,2024,2.0,19.2,Likely R,True,False,safe,35,18,179001.0,161101.0,179252.0,161326.0,161101.0,152151.0,161326.0,152364.0,152151.0,143201.0,152364.0,143401.0,116688.0,"{""office"": ""SD Senate District 31"", ""source"": ""mock"", ""candidates"": [{""name"": ""Elizabeth Wilson"", ""party"": ""R""}, {""name"": ""Barbara Lopez"", ""party"": ""D""}]}",Synthetic state-leg row — replace via OpenStates / FTM pipeline,mock
SD-U-032,SD,upper,32,ocd-division/country:us/state:sd/sldu:32,SD SD-32,R,William Anderson,R,2023,3.0,18.0,Likely R,True,False,safe,35,18,453581.0,408223.0,233228.0,209905.0,408223.0,385544.0,209905.0,198244.0,385544.0,362865.0,198244.0,186582.0,235477.0,"{""office"": ""SD Senate District 32"", ""source"": ""mock"", ""candidates"": [{""name"": ""William Anderson"", ""party"": ""R""}]}",Synthetic state-leg row — replace via OpenStates / FTM pipeline,mock
SD-U-033,SD,upper,33,ocd-division/country:us/state:sd/sldu:33,SD SD-33,R,Barbara Thomas,R,2008,18.0,9.7,Likely R,True,False,defend,35,18,735903.0,662312.0,618226.0,556404.0,662312.0,625517.0,556404.0,525492.0,625517.0,588722.0,525492.0,494581.0,624834.0,"{""office"": ""SD Senate District 33"", ""source"": ""mock"", ""candidates"": [{""name"": ""Barbara Thomas"", ""party"": ""R""}, {""name"": ""Jennifer Garcia"", ""party"": ""D""}]}",Synthetic state-leg row — replace via OpenStates / FTM pipeline,mock
SD-U-034,SD,upper,34,ocd-division/country:us/state:sd/sldu:34,SD SD-34,R,Richard Smith,R,2010,16.0,0.5,Toss-up,True,False,defend,35,18,1453002.0,1307702.0,846013.0,761412.0,1307702.0,1235052.0,761412.0,719111.0,1235052.0,1162402.0,719111.0,676810.0,1362988.0,"{""office"": ""SD Senate District 34"", ""source"": ""mock"", ""candidates"": [{""name"": ""Richard Smith"", ""party"": ""R""}, {""name"": ""Susan Rodriguez"", ""party"": ""D""}]}",Synthetic state-leg row — replace via OpenStates / FTM pipeline,mock
SD-U-035,SD,upper,35,ocd-division/country:us/state:sd/sldu:35,SD SD-35,R,Susan Johnson,R,2009,17.0,10.1,Likely R,True,False,defend,35,18,814119.0,732707.0,628705.0,565835.0,732707.0,692001.0,565835.0,534399.0,692001.0,651295.0,534399.0,502964.0,657516.0,"{""office"": ""SD Senate District 35"", ""source"": ""mock"", ""candidates"": [{""name"": ""Susan Johnson"", ""party"": ""R""}, {""name"": ""John Wilson"", ""party"": ""D""}]}",Synthetic state-leg row — replace via OpenStates / FTM pipeline,mock
TN-U-001,TN,upper,1,ocd-division/country:us/state:tn/sldu:1,TN SD-1,R,Joseph Williams,R,2023,3.0,6.1,Lean R,True,False,defend,33,17,405402.0,364862.0,430030.0,387027.0,364862.0,344592.0,387027.0,365525.0,344592.0,324322.0,365525.0,344024.0,428457.0,"{""office"": ""TN Senate District 1"", ""source"": ""mock"", ""candidates"": [{""name"": ""Joseph Williams"", ""party"": ""R""}, {""name"": ""Richard Miller"", ""party"": ""D""}]}",Synthetic state-leg row — replace via OpenStates / FTM pipeline,mock
TN-U-002,TN,upper,2,ocd-division/country:us/state:tn/sldu:2,TN SD-2,R,Jessica Brown,R,2013,13.0,8.3,Likely R,True,False,defend,33,17,208535.0,187682.0,195067.0,175560.0,187682.0,177255.0,175560.0,165807.0,177255.0,166828.0,165807.0,156054.0,194306.0,"{""office"": ""TN Senate District 2"", ""source"": ""mock"", ""candidates"": [{""name"": ""Jessica Brown"", ""party"": ""R""}, {""name"": ""William Lopez"", ""party"": ""D""}]}",Synthetic state-leg row — replace via OpenStates / FTM pipeline,mock
TN-U-003,TN,upper,3,ocd-division/country:us/state:tn/sldu:3,TN SD-3,R,James Jones,R,2009,17.0,1.9,Toss-up,True,False,defend,33,17,1049560.0,944604.0,547720.0,492948.0,944604.0,892126.0,492948.0,465562.0,892126.0,839648.0,465562.0,438176.0,915014.0,"{""office"": ""TN Senate District 3"", ""source"": ""mock"", ""candidates"": [{""name"": ""James Jones"", ""party"": ""R""}, {""name"": ""Richard Smith"", ""party"": ""D""}]}",Synthetic state-leg row — replace via OpenStates / FTM pipeline,mock
TN-U-004,TN,upper,4,ocd-division/country:us/state:tn/sldu:4,TN SD-4,R,Mary Garcia,R,2017,9.0,4.0,Lean R,True,False,defend,33,17,610827.0,549744.0,598432.0,538589.0,549744.0,519203.0,538589.0,508668.0,519203.0,488662.0,508668.0,478746.0,656455.0,"{""office"": ""TN Senate District 4"", ""source"": ""mock"", ""candidates"": [{""name"": ""Mary Garcia"", ""party"": ""R""}, {""name"": ""Barbara Rodriguez"", ""party"": ""D""}]}",Synthetic state-leg row — replace via OpenStates / FTM pipeline,mock
TN-U-005,TN,upper,5,ocd-division/country:us/state:tn/sldu:5,TN SD-5,R,Robert Miller,R,2011,15.0,-2.0,Lean D,True,False,defend,33,17,717617.0,645855.0,609514.0,548563.0,645855.0,609974.0,548563.0,518087.0,609974.0,574093.0,518087.0,487612.0,758361.0,"{""office"": ""TN Senate District 5"", ""source"": ""mock"", ""candidates"": [{""name"": ""Robert Miller"", ""party"": ""R""}, {""name"": ""Mary Thomas"", ""party"": ""D""}]}",Synthetic state-leg row — replace via OpenStates / FTM pipeline,mock
TN-U-006,TN,upper,6,ocd-division/country:us/state:tn/sldu:6,TN SD-6,R,Patricia Davis,R,2015,11.0,14.2,Likely R,True,False,safe,33,17,428182.0,385364.0,425892.0,383303.0,385364.0,363955.0,383303.0,362009.0,363955.0,342546.0,362009.0,340714.0,339190.0,"{""office"": ""TN Senate District 6"", ""source"": ""mock"", ""candidates"": [{""name"": ""Patricia Davis"", ""party"": ""R""}]}",Synthetic state-leg row — replace via OpenStates / FTM pipeline,mock
TN-U-007,TN,upper,7,ocd-division/country:us/state:tn/sldu:7,TN SD-7,R,John Rodriguez,R,2014,12.0,11.9,Likely R,True,False,defend,33,17,569771.0,512794.0,474875.0,427387.0,512794.0,484306.0,427387.0,403643.0,484306.0,455817.0,403643.0,379900.0,449198.0,"{""office"": ""TN Senate District 7"", ""source"": ""mock"", ""candidates"": [{""name"": ""John Rodriguez"", ""party"": ""R""}, {""name"": ""Richard Jones"", ""party"": ""D""}]}",Synthetic state-leg row — replace via OpenStates / FTM pipeline,mock
TN-U-008,TN,upper,8,ocd-division/country:us/state:tn/sldu:8,TN SD-8,D,Jennifer Martinez,D,2012,14.0,-11.2,Likely D,True,False,attack,33,17,310780.0,279702.0,355937.0,320343.0,279702.0,264163.0,320343.0,302547.0,264163.0,248624.0,302547.0,284750.0,293355.0,"{""office"": ""TN Senate District 8"", ""source"": ""mock"", ""candidates"": [{""name"": ""Jennifer Martinez"", ""party"": ""D""}, {""name"": ""Richard Miller"", ""party"": ""R""}]}",Synthetic state-leg row — replace via OpenStates / FTM pipeline,mock
TN-U-009,TN,upper,9,ocd-division/country:us/state:tn/sldu:9,TN SD-9,R,Michael Hernandez,R,2021,5.0,12.6,Likely R,True,False,defend,33,17,605156.0,544640.0,344944.0,310450.0,544640.0,514382.0,310450.0,293203.0,514382.0,484125.0,293203.0,275955.0,399042.0,"{""office"": ""TN Senate District 9"", ""source"": ""mock"", ""candidates"": [{""name"": ""Michael Hernandez"", ""party"": ""R""}, {""name"": ""John Thomas"", ""party"": ""D""}]}",Synthetic state-leg row — replace via OpenStates / FTM pipeline,mock
TN-U-010,TN,upper,10,ocd-division/country:us/state:tn/sldu:10,TN SD-10,R,Linda Lopez,R,2017,9.0,35.4,Likely R,False,False,safe,33,17,96345.0,86711.0,113793.0,102414.0,86711.0,81893.0,102414.0,96724.0,81893.0,77076.0,96724.0,91035.0,52114.0,"{""office"": ""TN Senate District 10"", ""source"": ""mock"", ""candidates"": [{""name"": ""Linda Lopez"", ""party"": ""R""}]}",Synthetic state-leg row — replace via OpenStates / FTM pipeline,mock
TN-U-011,TN,upper,11,ocd-division/country:us/state:tn/sldu:11,TN SD-11,D,David Wilson,D,2024,2.0,-2.1,Lean D,True,False,attack,33,17,612986.0,551688.0,749199.0,674279.0,551688.0,521038.0,674279.0,636819.0,521038.0,490389.0,636819.0,599359.0,776446.0,"{""office"": ""TN Senate District 11"", ""source"": ""mock"", ""candidates"": [{""name"": ""David Wilson"", ""party"": ""D""}, {""name"": ""Jessica Anderson"", ""party"": ""R""}]}",Synthetic state-leg row — replace via OpenStates / FTM pipeline,mock
TN-U-012,TN,upper,12,ocd-division/country:us/state:tn/sldu:12,TN SD-12,D,Elizabeth Anderson,D,2016,10.0,-9.6,Likely D,True,False,attack,33,17,563661.0,507295.0,797975.0,718178.0,507295.0,479112.0,718178.0,678279.0,479112.0,450929.0,678279.0,638380.0,630243.0,"{""office"": ""TN Senate District 12"", ""source"": ""mock"", ""candidates"": [{""name"": ""Elizabeth Anderson"", ""party"": ""D""}, {""name"": ""Patricia Smith"", ""party"": ""R""}]}",Synthetic state-leg row — replace via OpenStates / FTM pipeline,mock
TN-U-013,TN,upper,13,ocd-division/country:us/state:tn/sldu:13,TN SD-13,R,William Thomas,R,2008,18.0,13.8,Likely R,True,False,defend,33,17,608693.0,547824.0,513061.0,461755.0,547824.0,517389.0,461755.0,436102.0,517389.0,486955.0,436102.0,410449.0,451907.0,"{""office"": ""TN Senate District 13"", ""source"": ""mock"", ""candidates"": [{""name"": ""William Thomas"", ""party"": ""R""}, {""name"": ""Robert Williams"", ""party"": ""D""}]}",Synthetic state-leg row — replace via OpenStates / FTM pipeline,mock
TN-U-014,TN,upper,14,ocd-division/country:us/state:tn/sldu:14,TN SD-14,R,Barbara Smith,R,2013,13.0,24.8,Likely R,True,False,safe,33,17,187163.0,168446.0,144095.0,129685.0,168446.0,159088.0,129685.0,122481.0,159088.0,149730.0,122481.0,115276.0,82152.0,"{""office"": ""TN Senate District 14"", ""source"": ""mock"", ""candidates"": [{""name"": ""Barbara Smith"", ""party"": ""R""}, {""name"": ""Mary Johnson"", ""party"": ""D""}]}",Synthetic state-leg row — replace via OpenStates / FTM pipeline,mock
TN-U-015,TN,upper,15,ocd-division/country:us/state:tn/sldu:15,TN SD-15,R,OPEN SEAT,,,0.0,15.4,Likely R,False,True,safe,33,17,330497.0,297448.0,368864.0,331978.0,297448.0,280923.0,331978.0,313534.0,280923.0,264398.0,313534.0,295091.0,265757.0,"{""office"": ""TN Senate District 15"", ""source"": ""mock"", ""candidates"": [{""name"": ""Michael Garcia"", ""party"": ""D""}]}",Synthetic state-leg row — replace via OpenStates / FTM pipeline,mock
TN-U-016,TN,upper,16,ocd-division/country:us/state:tn/sldu:16,TN SD-16,R,Richard Johnson,R,2008,18.0,6.8,Lean R,True,False,defend,33,17,539048.0,485143.0,299493.0,269544.0,485143.0,458191.0,269544.0,254569.0,458191.0,431238.0,254569.0,239595.0,421666.0,"{""office"": ""TN Senate District 16"", ""source"": ""mock"", ""candidates"": [{""name"": ""Richard Johnson"", ""party"": ""R""}, {""name"": ""James Anderson"", ""party"": ""D""}]}",Synthetic state-leg row — replace via OpenStates / FTM pipeline,mock
TN-U-017,TN,upper,17,ocd-division/country:us/state:tn/sldu:17,TN SD-17,R,Susan Williams,R,2016,10.0,9.1,Likely R,True,False,defend,33,17,599404.0,539464.0,539794.0,485815.0,539464.0,509494.0,485815.0,458825.0,509494.0,479523.0,458825.0,431835.0,535423.0,"{""office"": ""TN Senate District 17"", ""source"": ""mock"", ""candidates"": [{""name"": ""Susan Williams"", ""party"": ""R""}, {""name"": ""Mary Anderson"", ""party"": ""D""}]}",Synthetic state-leg row — replace via OpenStates / FTM pipeline,mock
TN-U-018,TN,upper,18,ocd-division/country:us/state:tn/sldu:18,TN SD-18,R,Joseph Brown,R,2011,15.0,8.1,Likely R,True,False,defend,33,17,1053898.0,948508.0,740500.0,666450.0,948508.0,895813.0,666450.0,629425.0,895813.0,843118.0,629425.0,592400.0,869001.0,"{""office"": ""TN Senate District 18"", ""source"": ""mock"", ""candidates"": [{""name"": ""Joseph Brown"", ""party"": ""R""}, {""name"": ""James Lopez"", ""party"": ""D""}]}",Synthetic state-leg row — replace via OpenStates / FTM pipeline,mock
TN-U-019,TN,upper,19,ocd-division/country:us/state:tn/sldu:19,TN SD-19,D,Jessica Jones,D,2018,8.0,4.4,Lean R,True,False,attack,33,17,551908.0,496717.0,608441.0,547597.0,496717.0,469122.0,547597.0,517175.0,469122.0,441526.0,517175.0,486753.0,623273.0,"{""office"": ""TN Senate District 19"", ""source"": ""mock"", ""candidates"": [{""name"": ""Jessica Jones"", ""party"": ""D""}, {""name"": ""Jennifer Thomas"", ""party"": ""R""}]}",Synthetic state-leg row — replace via OpenStates / FTM pipeline,mock
TN-U-020,TN,upper,20,ocd-division/country:us/state:tn/sldu:20,TN SD-20,R,OPEN SEAT,,,0.0,13.2,Likely R,False,True,defend,33,17,659067.0,593161.0,662793.0,596514.0,593161.0,560207.0,596514.0,563374.0,560207.0,527254.0,563374.0,530235.0,543851.0,"{""office"": ""TN Senate District 20"", ""source"": ""mock"", ""candidates"": [{""name"": ""Michael Anderson"", ""party"": ""D""}]}",Synthetic state-leg row — replace via OpenStates / FTM pipeline,mock
TN-U-021,TN,upper,21,ocd-division/country:us/state:tn/sldu:21,TN SD-21,R,James Garcia,R,2024,2.0,7.6,Likely R,True,False,defend,33,17,645083.0,580575.0,486598.0,437938.0,580575.0,548320.0,437938.0,413608.0,548320.0,516066.0,413608.0,389278.0,556140.0,"{""office"": ""TN Senate District 21"", ""source"": ""mock"", ""candidates"": [{""name"": ""James Garcia"", ""party"": ""R""}, {""name"": ""Jennifer Martinez"", ""party"": ""D""}]}",Synthetic state-leg row — replace via OpenStates / FTM pipeline,mock
TN-U-022,TN,upper,22,ocd-division/country:us/state:tn/sldu:22,TN SD-22,R,Mary Miller,R,2023,3.0,21.2,Likely R,True,False,safe,33,17,284917.0,256425.0,271808.0,244627.0,256425.0,242180.0,244627.0,231036.0,242180.0,227934.0,231036.0,217446.0,165427.0,"{""office"": ""TN Senate District 22"", ""source"": ""mock"", ""candidates"": [{""name"": ""Mary Miller"", ""party"": ""R""}, {""name"": ""Linda Wilson"", ""party"": ""D""}]}",Synthetic state-leg row — replace via OpenStates / FTM pipeline,mock
TN-U-023,TN,upper,23,ocd-division/country:us/state:tn/sldu:23,TN SD-23,R,Robert Davis,R,2011,15.0,14.9,Likely R,True,False,safe,33,17,251664.0,226497.0,225329.0,202796.0,226497.0,213914.0,202796.0,191530.0,213914.0,201331.0,191530.0,180263.0,184664.0,"{""office"": ""TN Senate District 23"", ""source"": ""mock"", ""candidates"": [{""name"": ""Robert Davis"", ""party"": ""R""}, {""name"": ""David Wilson"", ""party"": ""D""}]}",Synthetic state-leg row — replace via OpenStates / FTM pipeline,mock
TN-U-024,TN,upper,24,ocd-division/country:us/state:tn/sldu:24,TN SD-24,R,Patricia Rodriguez,R,2023,3.0,16.6,Likely R,True,False,safe,33,17,353758.0,318382.0,273189.0,245870.0,318382.0,300695.0,245870.0,232210.0,300695.0,283007.0,232210.0,218551.0,227492.0,"{""office"": ""TN Senate District 24"", ""source"": ""mock"", ""candidates"": [{""name"": ""Patricia Rodriguez"", ""party"": ""R""}]}",Synthetic state-leg row — replace via OpenStates / FTM pipeline,mock
TN-U-025,TN,upper,25,ocd-division/country:us/state:tn/sldu:25,TN SD-25,R,John Martinez,R,2019,7.0,17.7,Likely R,True,False,safe,33,17,335124.0,301612.0,307300.0,276570.0,301612.0,284855.0,276570.0,261205.0,284855.0,268099.0,261205.0,245840.0,223013.0,"{""office"": ""TN Senate District 25"", ""source"": ""mock"", ""candidates"": [{""name"": ""John Martinez"", ""party"": ""R""}, {""name"": ""Barbara Johnson"", ""party"": ""D""}]}",Synthetic state-leg row — replace via OpenStates / FTM pipeline,mock
TN-U-026,TN,upper,26,ocd-division/country:us/state:tn/sldu:26,TN SD-26,R,OPEN SEAT,,,0.0,5.2,Lean R,False,True,defend,33,17,396469.0,356822.0,389164.0,350248.0,356822.0,336998.0,350248.0,330790.0,336998.0,317175.0,330790.0,311332.0,413019.0,"{""office"": ""TN Senate District 26"", ""source"": ""mock"", ""candidates"": [{""name"": ""David Lopez"", ""party"": ""D""}]}",Synthetic state-leg row — replace via OpenStates / FTM pipeline,mock
TN-U-027,TN,upper,27,ocd-division/country:us/state:tn/sldu:27,TN SD-27,R,Jennifer Hernandez,R,2015,11.0,3.4,Lean R,True,False,defend,33,17,1318105.0,1186294.0,731870.0,658683.0,1186294.0,1120389.0,658683.0,622090.0,1120389.0,1054484.0,622090.0,585496.0,1130415.0,"{""office"": ""TN Senate District 27"", ""source"": ""mock"", ""candidates"": [{""name"": ""Jennifer Hernandez"", ""party"": ""R""}, {""name"": ""William Wilson"", ""party"": ""D""}]}",Synthetic state-leg row — replace via OpenStates / FTM pipeline,mock
TN-U-028,TN,upper,28,ocd-division/country:us/state:tn/sldu:28,TN SD-28,D,Michael Lopez,D,2016,10.0,-4.2,Lean D,True,False,attack,33,17,726876.0,654188.0,1213291.0,1091962.0,654188.0,617844.0,1091962.0,1031297.0,617844.0,581501.0,1031297.0,970633.0,1047690.0,"{""office"": ""TN Senate District 28"", ""source"": ""mock"", ""candidates"": [{""name"": ""Michael Lopez"", ""party"": ""D""}, {""name"": ""Elizabeth Rodriguez"", ""party"": ""R""}]}",Synthetic state-leg row — replace via OpenStates / FTM pipeline,mock
TN-U-029,TN,upper,29,ocd-division/country:us/state:tn/sldu:29,TN SD-29,R,Linda Wilson,R,2020,6.0,9.5,Likely R,True,False,defend,33,17,669588.0,602629.0,588867.0,529980.0,602629.0,569149.0,529980.0,500537.0,569149.0,535670.0,500537.0,471094.0,584282.0,"{""office"": ""TN Senate District 29"", ""source"": ""mock"", ""candidates"": [{""name"": ""Linda Wilson"", ""party"": ""R""}, {""name"": ""Barbara Rodriguez"", ""party"": ""D""}]}",Synthetic state-leg row — replace via OpenStates / FTM pipeline,mock
TN-U-030,TN,upper,30,ocd-division/country:us/state:tn/sldu:30,TN SD-30,R,David Anderson,R,2009,17.0,7.9,Likely R,True,False,defend,33,17,587558.0,528802.0,362555.0,326299.0,528802.0,499424.0,326299.0,308172.0,499424.0,470046.0,308172.0,290044.0,462841.0,"{""office"": ""TN Senate District 30"", ""source"": ""mock"", ""candidates"": [{""name"": ""David Anderson"", ""party"": ""R""}, {""name"": ""James Jones"", ""party"": ""D""}]}",Synthetic state-leg row — replace via OpenStates / FTM pipeline,mock
TN-U-031,TN,upper,31,ocd-division/country:us/state:tn/sldu:31,TN SD-31,R,Elizabeth Thomas,R,2013,13.0,4.8,Lean R,True,False,defend,33,17,569006.0,512106.0,483620.0,435258.0,512106.0,483655.0,435258.0,411077.0,483655.0,455205.0,411077.0,386896.0,559396.0,"{""office"": ""TN Senate District 31"", ""source"": ""mock"", ""candidates"": [{""name"": ""Elizabeth Thomas"", ""party"": ""R""}, {""name"": ""Joseph Garcia"", ""party"": ""D""}]}",Synthetic state-leg row — replace via OpenStates / FTM pipeline,mock
TN-U-032,TN,upper,32,ocd-division/country:us/state:tn/sldu:32,TN SD-32,R,William Smith,R,2020,6.0,3.1,Lean R,True,False,defend,33,17,762331.0,686098.0,667290.0,600561.0,686098.0,647982.0,600561.0,567196.0,647982.0,609865.0,567196.0,533832.0,794461.0,"{""office"": ""TN Senate District 32"", ""source"": ""mock"", ""candidates"": [{""name"": ""William Smith"", ""party"": ""R""}, {""name"": ""Susan Lopez"", ""party"": ""D""}]}",Synthetic state-leg row — replace via OpenStates / FTM pipeline,mock
TN-U-033,TN,upper,33,ocd-division/country:us/state:tn/sldu:33,TN SD-33,R,Barbara Johnson,R,2019,7.0,8.6,Likely R,False,False,defend,33,17,931552.0,838397.0,832325.0,749092.0,838397.0,791819.0,749092.0,707476.0,791819.0,745242.0,707476.0,665860.0,841621.0,"{""office"": ""TN Senate District 33"", ""source"": ""mock"", ""candidates"": [{""name"": ""Barbara Johnson"", ""party"": ""R""}, {""name"": ""Elizabeth Rodriguez"", ""party"": ""D""}]}",Synthetic state-leg row — replace via OpenStates / FTM pipeline,mock
TX-U-001,TX,upper,1,ocd-division/country:us/state:tx/sldu:1,TX SD-1,R,Richard Williams,R,2022,4.0,4.3,Lean R,True,False,defend,31,16,611489.0,550340.0,351467.0,316320.0,550340.0,519765.0,316320.0,298747.0,519765.0,489191.0,298747.0,281174.0,518620.0,"{""office"": ""TX Senate District 1"", ""source"": ""mock"", ""candidates"": [{""name"": ""Richard Williams"", ""party"": ""R""}, {""name"": ""James Thomas"", ""party"": ""D""}]}",Synthetic state-leg row — replace via OpenStates / FTM pipeline,mock
TX-U-002,TX,upper,2,ocd-division/country:us/state:tx/sldu:2,TX SD-2,D,Susan Brown,D,2008,18.0,-2.1,Lean D,True,False,attack,31,16,1031242.0,928117.0,1072352.0,965117.0,928117.0,876555.0,965117.0,911500.0,876555.0,824993.0,911500.0,857882.0,1199049.0,"{""office"": ""TX Senate District 2"", ""source"": ""mock"", ""candidates"": [{""name"": ""Susan Brown"", ""party"": ""D""}, {""name"": ""William Smith"", ""party"": ""R""}]}",Synthetic state-leg row — replace via OpenStates / FTM pipeline,mock
TX-U-003,TX,upper,3,ocd-division/country:us/state:tx/sldu:3,TX SD-3,R,Joseph Jones,R,2019,7.0,7.1,Likely R,True,False,defend,31,16,270673.0,243605.0,254005.0,228605.0,243605.0,230072.0,228605.0,215904.0,230072.0,216538.0,215904.0,203204.0,261589.0,"{""office"": ""TX Senate District 3"", ""source"": ""mock"", ""candidates"": [{""name"": ""Joseph Jones"", ""party"": ""R""}, {""name"": ""Barbara Hernandez"", ""party"": ""D""}]}",Synthetic state-leg row — replace via OpenStates / FTM pipeline,mock
TX-U-004,TX,upper,4,ocd-division/country:us/state:tx/sldu:4,TX SD-4,R,Jessica Garcia,R,2008,18.0,5.7,Lean R,True,False,defend,31,16,550571.0,495514.0,440244.0,396219.0,495514.0,467985.0,396219.0,374207.0,467985.0,440457.0,374207.0,352195.0,513808.0,"{""office"": ""TX Senate District 4"", ""source"": ""mock"", ""candidates"": [{""name"": ""Jessica Garcia"", ""party"": ""R""}, {""name"": ""Susan Jones"", ""party"": ""D""}]}",Synthetic state-leg row — replace via OpenStates / FTM pipeline,mock
TX-U-005,TX,upper,5,ocd-division/country:us/state:tx/sldu:5,TX SD-5,D,James Miller,D,2010,16.0,-1.0,Toss-up,True,False,attack,31,16,545257.0,490731.0,714305.0,642874.0,490731.0,463469.0,642874.0,607159.0,463469.0,436206.0,607159.0,571444.0,737743.0,"{""office"": ""TX Senate District 5"", ""source"": ""mock"", ""candidates"": [{""name"": ""James Miller"", ""party"": ""D""}, {""name"": ""John Johnson"", ""party"": ""R""}]}",Synthetic state-leg row — replace via OpenStates / FTM pipeline,mock
TX-U-006,TX,upper,6,ocd-division/country:us/state:tx/sldu:6,TX SD-6,R,Mary Davis,R,2012,14.0,-4.3,Lean D,True,False,defend,31,16,353488.0,318139.0,224488.0,202039.0,318139.0,300465.0,202039.0,190814.0,300465.0,282790.0,190814.0,179590.0,311281.0,"{""office"": ""TX Senate District 6"", ""source"": ""mock"", ""candidates"": [{""name"": ""Mary Davis"", ""party"": ""R""}, {""name"": ""Jessica Lopez"", ""party"": ""D""}]}",Synthetic state-leg row — replace via OpenStates / FTM pipeline,mock
TX-U-007,TX,upper,7,ocd-division/country:us/state:tx/sldu:7,TX SD-7,D,Robert Rodriguez,D,2009,17.0,1.5,Toss-up,True,False,attack,31,16,212434.0,191191.0,244099.0,219689.0,191191.0,180569.0,219689.0,207484.0,180569.0,169947.0,207484.0,195279.0,264137.0,"{""office"": ""TX Senate District 7"", ""source"": ""mock"", ""candidates"": [{""name"": ""Robert Rodriguez"", ""party"": ""D""}, {""name"": ""Michael Williams"", ""party"": ""R""}]}",Synthetic state-leg row — replace via OpenStates / FTM pipeline,mock
TX-U-008,TX,upper,8,ocd-division/country:us/state:tx/sldu:8,TX SD-8,R,Patricia Martinez,R,2009,17.0,-3.7,Lean D,True,False,defend,31,16,1028585.0,925727.0,747693.0,672924.0,925727.0,874297.0,672924.0,635539.0,874297.0,822868.0,635539.0,598154.0,971878.0,"{""office"": ""TX Senate District 8"", ""source"": ""mock"", ""candidates"": [{""name"": ""Patricia Martinez"", ""party"": ""R""}, {""name"": ""Jessica Johnson"", ""party"": ""D""}]}",Synthetic state-leg row — replace via OpenStates / FTM pipeline,mock
TX-U-009,TX,upper,9,ocd-division/country:us/state:tx/sldu:9,TX SD-9,D,OPEN SEAT,,,0.0,-10.9,Likely D,False,True,attack,31,16,379253.0,341327.0,358263.0,322436.0,341327.0,322365.0,322436.0,304523.0,322365.0,303402.0,304523.0,286610.0,327668.0,"{""office"": ""TX Senate District 9"", ""source"": ""mock"", ""candidates"": [{""name"": ""Mary Thomas"", ""party"": ""R""}]}",Synthetic state-leg row — replace via OpenStates / FTM pipeline,mock
TX-U-010,TX,upper,10,ocd-division/country:us/state:tx/sldu:10,TX SD-10,R,John Hernandez,R,2011,15.0,24.8,Likely R,True,False,safe,31,16,131799.0,118619.0,86627.0,77964.0,118619.0,112029.0,77964.0,73633.0,112029.0,105439.0,73633.0,69301.0,54170.0,"{""office"": ""TX Senate District 10"", ""source"": ""mock"", ""candidates"": [{""name"": ""John Hernandez"", ""party"": ""R""}]}",Synthetic state-leg row — replace via OpenStates / FTM pipeline,mock
TX-U-011,TX,upper,11,ocd-division/country:us/state:tx/sldu:11,TX SD-11,R,Jennifer Lopez,R,2016,10.0,4.7,Lean R,True,False,defend,31,16,230549.0,207494.0,243902.0,219512.0,207494.0,195967.0,219512.0,207317.0,195967.0,184439.0,207317.0,195122.0,252815.0,"{""office"": ""TX Senate District 11"", ""source"": ""mock"", ""candidates"": [{""name"": ""Jennifer Lopez"", ""party"": ""R""}, {""name"": ""Barbara Wilson"", ""party"": ""D""}]}",Synthetic state-leg row — replace via OpenStates / FTM pipeline,mock
TX-U-012,TX,upper,12,ocd-division/country:us/state:tx/sldu:12,TX SD-12,R,Michael Wilson,R,2019,7.0,-1.9,Toss-up,True,False,defend,31,16,743508.0,669157.0,367730.0,330957.0,669157.0,631982.0,330957.0,312570.0,631982.0,594806.0,312570.0,294184.0,636580.0,"{""office"": ""TX Senate District 12"", ""source"": ""mock"", ""candidates"": [{""name"": ""Michael Wilson"", ""party"": ""R""}, {""name"": ""James Lopez"", ""party"": ""D""}]}",Synthetic state-leg row — replace via OpenStates / FTM pipeline,mock
TX-U-013,TX,upper,13,ocd-division/country:us/state:tx/sldu:13,TX SD-13,D,Linda Anderson,D,2012,14.0,2.6,Lean R,True,False,attack,31,16,928016.0,835214.0,1511577.0,1360419.0,835214.0,788814.0,1360419.0,1284840.0,788814.0,742413.0,1284840.0,1209261.0,1373142.0,"{""office"": ""TX Senate District 13"", ""source"": ""mock"", ""candidates"": [{""name"": ""Linda Anderson"", ""party"": ""D""}, {""name"": ""Barbara Hernandez"", ""party"": ""R""}]}",Synthetic state-leg row — replace via OpenStates / FTM pipeline,mock
TX-U-014,TX,upper,14,ocd-division/country:us/state:tx/sldu:14,TX SD-14,R,David Thomas,R,2018,8.0,4.8,Lean R,True,False,defend,31,16,663898.0,597508.0,507133.0,456420.0,597508.0,564313.0,456420.0,431063.0,564313.0,531118.0,431063.0,405707.0,622319.0,"{""office"": ""TX Senate District 14"", ""source"": ""mock"", ""candidates"": [{""name"": ""David Thomas"", ""party"": ""R""}, {""name"": ""Patricia Martinez"", ""party"": ""D""}]}",Synthetic state-leg row — replace via OpenStates / FTM pipeline,mock
TX-U-015,TX,upper,15,ocd-division/country:us/state:tx/sldu:15,TX SD-15,D,Elizabeth Smith,D,2008,18.0,-20.0,Likely D,True,False,safe,31,16,161882.0,145694.0,234184.0,210765.0,145694.0,137599.0,210765.0,199056.0,137599.0,129505.0,199056.0,187347.0,124478.0,"{""office"": ""TX Senate District 15"", ""source"": ""mock"", ""candidates"": [{""name"": ""Elizabeth Smith"", ""party"": ""D""}, {""name"": ""Jennifer Miller"", ""party"": ""R""}]}",Synthetic state-leg row — replace via OpenStates / FTM pipeline,mock
TX-U-016,TX,upper,16,ocd-division/country:us/state:tx/sldu:16,TX SD-16,R,William Johnson,R,2022,4.0,14.5,Likely R,True,False,safe,31,16,302735.0,272462.0,163059.0,146753.0,272462.0,257325.0,146753.0,138600.0,257325.0,242188.0,138600.0,130447.0,182991.0,"{""office"": ""TX Senate District 16"", ""source"": ""mock"", ""candidates"": [{""name"": ""William Johnson"", ""party"": ""R""}]}",Synthetic state-leg row — replace via OpenStates / FTM pipeline,mock
TX-U-017,TX,upper,17,ocd-division/country:us/state:tx/sldu:17,TX SD-17,R,Barbara Williams,R,2017,9.0,19.4,Likely R,True,False,safe,31,16,299909.0,269918.0,266996.0,240296.0,269918.0,254923.0,240296.0,226946.0,254923.0,239927.0,226946.0,213596.0,183029.0,"{""office"": ""TX Senate District 17"", ""source"": ""mock"", ""candidates"": [{""name"": ""Barbara Williams"", ""party"": ""R""}, {""name"": ""Jennifer Hernandez"", ""party"": ""D""}]}",Synthetic state-leg row — replace via OpenStates / FTM pipeline,mock
TX-U-018,TX,upper,18,ocd-division/country:us/state:tx/sldu:18,TX SD-18,R,Richard Brown,R,2010,16.0,8.4,Likely R,True,False,defend,31,16,598601.0,538740.0,667081.0,600373.0,538740.0,508810.0,600373.0,567019.0,508810.0,478880.0,567019.0,533665.0,607527.0,"{""office"": ""TX Senate District 18"", ""source"": ""mock"", ""candidates"": [{""name"": ""Richard Brown"", ""party"": ""R""}, {""name"": ""Elizabeth Brown"", ""party"": ""D""}]}",Synthetic state-leg row — replace via OpenStates / FTM pipeline,mock
TX-U-019,TX,upper,19,ocd-division/country:us/state:tx/sldu:19,TX SD-19,D,Susan Jones,D,2024,2.0,2.5,Lean R,False,False,attack,31,16,618070.0,556263.0,906005.0,815405.0,556263.0,525359.0,815405.0,770105.0,525359.0,494456.0,770105.0,724804.0,860014.0,"{""office"": ""TX Senate District 19"", ""source"": ""mock"", ""candidates"": [{""name"": ""Susan Jones"", ""party"": ""D""}, {""name"": ""James Jones"", ""party"": ""R""}]}",Synthetic state-leg row — replace via OpenStates / FTM pipeline,mock
TX-U-020,TX,upper,20,ocd-division/country:us/state:tx/sldu:20,TX SD-20,D,Joseph Garcia,D,2023,3.0,-5.5,Lean D,True,False,attack,31,16,860304.0,774274.0,742072.0,667864.0,774274.0,731259.0,667864.0,630761.0,731259.0,688244.0,630761.0,593657.0,835525.0,"{""office"": ""TX Senate District 20"", ""source"": ""mock"", ""candidates"": [{""name"": ""Joseph Garcia"", ""party"": ""D""}, {""name"": ""Linda Davis"", ""party"": ""R""}]}",Synthetic state-leg row — replace via OpenStates / FTM pipeline,mock
TX-U-021,TX,upper,21,ocd-division/country:us/state:tx/sldu:21,TX SD-21,D,Jessica Miller,D,2009,17.0,-12.2,Likely D,True,False,attack,31,16,320336.0,288303.0,436681.0,393013.0,288303.0,272286.0,393013.0,371179.0,272286.0,256269.0,371179.0,349345.0,322273.0,"{""office"": ""TX Senate District 21"", ""source"": ""mock"", ""candidates"": [{""name"": ""Jessica Miller"", ""party"": ""D""}, {""name"": ""Robert Johnson"", ""party"": ""R""}]}",Synthetic state-leg row — replace via OpenStates / FTM pipeline,mock
TX-U-022,TX,upper,22,ocd-division/country:us/state:tx/sldu:22,TX SD-22,D,James Davis,D,2020,6.0,-6.6,Lean D,True,False,attack,31,16,678577.0,610719.0,819268.0,737341.0,610719.0,576790.0,737341.0,696378.0,576790.0,542861.0,696378.0,655414.0,757481.0,"{""office"": ""TX Senate District 22"", ""source"": ""mock"", ""candidates"": [{""name"": ""James Davis"", ""party"": ""D""}, {""name"": ""Mary Lopez"", ""party"": ""R""}]}",Synthetic state-leg row — replace via OpenStates / FTM pipeline,mock
TX-U-023,TX,upper,23,ocd-division/country:us/state:tx/sldu:23,TX SD-23,D,Mary Rodriguez,D,2015,11.0,-12.0,Likely D,False,False,attack,31,16,252528.0,227275.0,331372.0,298235.0,227275.0,214649.0,298235.0,281666.0,214649.0,202022.0,281666.0,265097.0,250243.0,"{""office"": ""TX Senate District 23"", ""source"": ""mock"", ""candidates"": [{""name"": ""Mary Rodriguez"", ""party"": ""D""}, {""name"": ""Robert Rodriguez"", ""party"": ""R""}]}",Synthetic state-leg row — replace via OpenStates / FTM pipeline,mock
TX-U-024,TX,upper,24,ocd-division/country:us/state:tx/sldu:24,TX SD-24,R,Robert Martinez,R,2023,3.0,-1.9,Toss-up,True,False,defend,31,16,492748.0,443473.0,501817.0,451636.0,443473.0,418836.0,451636.0,426545.0,418836.0,394199.0,426545.0,401454.0,569744.0,"{""office"": ""TX Senate District 24"", ""source"": ""mock"", ""candidates"": [{""name"": ""Robert Martinez"", ""party"": ""R""}, {""name"": ""Jessica Thomas"", ""party"": ""D""}]}",Synthetic state-leg row — replace via OpenStates / FTM pipeline,mock
TX-U-025,TX,upper,25,ocd-division/country:us/state:tx/sldu:25,TX SD-25,R,Patricia Hernandez,R,2012,14.0,2.9,Lean R,True,False,defend,31,16,579508.0,521557.0,548860.0,493974.0,521557.0,492582.0,493974.0,466531.0,492582.0,463606.0,466531.0,439088.0,630274.0,"{""office"": ""TX Senate District 25"", ""source"": ""mock"", ""candidates"": [{""name"": ""Patricia Hernandez"", ""party"": ""R""}, {""name"": ""Susan Thomas"", ""party"": ""D""}]}",Synthetic state-leg row — replace via OpenStates / FTM pipeline,mock
TX-U-026,TX,upper,26,ocd-division/country:us/state:tx/sldu:26,TX SD-26,D,John Lopez,D,2022,4.0,2.6,Lean R,True,False,attack,31,16,171921.0,154729.0,229070.0,206163.0,154729.0,146133.0,206163.0,194710.0,146133.0,137537.0,194710.0,183256.0,225701.0,"{""office"": ""TX Senate District 26"", ""source"": ""mock"", ""candidates"": [{""name"": ""John Lopez"", ""party"": ""D""}, {""name"": ""Patricia Wilson"", ""party"": ""R""}]}",Synthetic state-leg row — replace via OpenStates / FTM pipeline,mock
TX-U-027,TX,upper,27,ocd-division/country:us/state:tx/sldu:27,TX SD-27,R,Jennifer Wilson,R,2023,3.0,6.1,Lean R,True,False,defend,31,16,485240.0,436716.0,281666.0,253499.0,436716.0,412454.0,253499.0,239416.0,412454.0,388192.0,239416.0,225333.0,393313.0,"{""office"": ""TX Senate District 27"", ""source"": ""mock"", ""candidates"": [{""name"": ""Jennifer Wilson"", ""party"": ""R""}, {""name"": ""Mary Thomas"", ""party"": ""D""}]}",Synthetic state-leg row — replace via OpenStates / FTM pipeline,mock
TX-U-028,TX,upper,28,ocd-division/country:us/state:tx/sldu:28,TX SD-28,D,Michael Anderson,D,2019,7.0,-17.3,Likely D,True,False,safe,31,16,346157.0,311541.0,387711.0,348940.0,311541.0,294233.0,348940.0,329555.0,294233.0,276925.0,329555.0,310169.0,258951.0,"{""office"": ""TX Senate District 28"", ""source"": ""mock"", ""candidates"": [{""name"": ""Michael Anderson"", ""party"": ""D""}]}",Synthetic state-leg row — replace via OpenStates / FTM pipeline,mock
TX-U-029,TX,upper,29,ocd-division/country:us/state:tx/sldu:29,TX SD-29,R,Linda Thomas,R,2016,10.0,12.7,Likely R,True,False,defend,31,16,508276.0,457449.0,454632.0,409169.0,457449.0,432035.0,409169.0,386437.0,432035.0,406621.0,386437.0,363706.0,403046.0,"{""office"": ""TX Senate District 29"", ""source"": ""mock"", ""candidates"": [{""name"": ""Linda Thomas"", ""party"": ""R""}, {""name"": ""Joseph Johnson"", ""party"": ""D""}]}",Synthetic state-leg row — replace via OpenStates / FTM pipeline,mock
TX-U-030,TX,upper,30,ocd-division/country:us/state:tx/sldu:30,TX SD-30,R,David Smith,R,2014,12.0,2.1,Lean R,True,False,defend,31,16,280654.0,252589.0,287538.0,258784.0,252589.0,238556.0,258784.0,244407.0,238556.0,224524.0,244407.0,230030.0,323870.0,"{""office"": ""TX Senate District 30"", ""source"": ""mock"", ""candidates"": [{""name"": ""David Smith"", ""party"": ""R""}, {""name"": ""Richard Martinez"", ""party"": ""D""}]}",Synthetic state-leg row — replace via OpenStates / FTM pipeline,mock
TX-U-031,TX,upper,31,ocd-division/country:us/state:tx/sldu:31,TX SD-31,R,Elizabeth Johnson,R,2012,14.0,1.7,Toss-up,True,False,defend,31,16,817111.0,735400.0,636544.0,572890.0,735400.0,694545.0,572890.0,541062.0,694545.0,653689.0,541062.0,509235.0,836890.0,"{""office"": ""TX Senate District 31"", ""source"": ""mock"", ""candidates"": [{""name"": ""Elizabeth Johnson"", ""party"": ""R""}, {""name"": ""Patricia Wilson"", ""party"": ""D""}]}",Synthetic state-leg row — replace via OpenStates / FTM pipeline,mock
UT-U-001,UT,upper,1,ocd-division/country:us/state:ut/sldu:1,UT SD-1,R,William Williams,R,2008,18.0,9.9,Likely R,True,False,defend,29,15,606720.0,546048.0,488108.0,439298.0,546048.0,515712.0,439298.0,414892.0,515712.0,485376.0,414892.0,390487.0,502057.0,"{""office"": ""UT Senate District 1"", ""source"": ""mock"", ""candidates"": [{""name"": ""William Williams"", ""party"": ""R""}, {""name"": ""Robert Rodriguez"", ""party"": ""D""}]}",Synthetic state-leg row — replace via OpenStates / FTM pipeline,mock
UT-U-002,UT,upper,2,ocd-division/country:us/state:ut/sldu:2,UT SD-2,R,Barbara Brown,R,2021,5.0,7.1,Likely R,True,False,defend,29,15,541251.0,487126.0,549268.0,494341.0,487126.0,460064.0,494341.0,466878.0,460064.0,433001.0,466878.0,439415.0,543702.0,"{""office"": ""UT Senate District 2"", ""source"": ""mock"", ""candidates"": [{""name"": ""Barbara Brown"", ""party"": ""R""}, {""name"": ""Robert Smith"", ""party"": ""D""}]}",Synthetic state-leg row — replace via OpenStates / FTM pipeline,mock
UT-U-003,UT,upper,3,ocd-division/country:us/state:ut/sldu:3,UT SD-3,R,Richard Jones,R,2022,4.0,9.2,Likely R,True,False,defend,29,15,598409.0,538568.0,363132.0,326819.0,538568.0,508648.0,326819.0,308663.0,508648.0,478727.0,308663.0,290506.0,450551.0,"{""office"": ""UT Senate District 3"", ""source"": ""mock"", ""candidates"": [{""name"": ""Richard Jones"", ""party"": ""R""}, {""name"": ""John Thomas"", ""party"": ""D""}]}",Synthetic state-leg row — replace via OpenStates / FTM pipeline,mock
UT-U-004,UT,upper,4,ocd-division/country:us/state:ut/sldu:4,UT SD-4,R,OPEN SEAT,,,0.0,18.4,Likely R,False,True,safe,29,15,328243.0,295418.0,227492.0,204743.0,295418.0,279006.0,204743.0,193368.0,279006.0,262594.0,193368.0,181994.0,187362.0,"{""office"": ""UT Senate District 4"", ""source"": ""mock"", ""candidates"": []}",Synthetic state-leg row — replace via OpenStates / FTM pipeline,mock
UT-U-005,UT,upper,5,ocd-division/country:us/state:ut/sldu:5,UT SD-5,R,OPEN SEAT,,,0.0,12.9,Likely R,False,True,defend,29,15,592954.0,533658.0,629779.0,566801.0,533658.0,504011.0,566801.0,535312.0,504011.0,474363.0,535312.0,503823.0,508307.0,"{""office"": ""UT Senate District 5"", ""source"": ""mock"", ""candidates"": [{""name"": ""Patricia Smith"", ""party"": ""D""}]}",Synthetic state-leg row — replace via OpenStates / FTM pipeline,mock
UT-U-006,UT,upper,6,ocd-division/country:us/state:ut/sldu:6,UT SD-6,R,Susan Garcia,R,2024,2.0,14.6,Likely R,True,False,safe,29,15,370733.0,333660.0,230471.0,207424.0,333660.0,315123.0,207424.0,195900.0,315123.0,296586.0,195900.0,184377.0,235328.0,"{""office"": ""UT Senate District 6"", ""source"": ""mock"", ""candidates"": [{""name"": ""Susan Garcia"", ""party"": ""R""}]}",Synthetic state-leg row — replace via OpenStates / FTM pipeline,mock
UT-U-007,UT,upper,7,ocd-division/country:us/state:ut/sldu:7,UT SD-7,D,Joseph Miller,D,2024,2.0,-5.0,Lean D,True,False,attack,29,15,630809.0,567728.0,763396.0,687056.0,567728.0,536188.0,687056.0,648886.0,536188.0,504648.0,648886.0,610717.0,736937.0,"{""office"": ""UT Senate District 7"", ""source"": ""mock"", ""candidates"": [{""name"": ""Joseph Miller"", ""party"": ""D""}, {""name"": ""Elizabeth Brown"", ""party"": ""R""}]}",Synthetic state-leg row — replace via OpenStates / FTM pipeline,mock
UT-U-008,UT,upper,8,ocd-division/country:us/state:ut/sldu:8,UT SD-8,D,Jessica Davis,D,2012,14.0,-1.9,Toss-up,True,False,attack,29,15,524363.0,471927.0,621988.0,559790.0,471927.0,445709.0,559790.0,528690.0,445709.0,419491.0,528690.0,497591.0,656696.0,"{""office"": ""UT Senate District 8"", ""source"": ""mock"", ""candidates"": [{""name"": ""Jessica Davis"", ""party"": ""D""}, {""name"": ""David Jones"", ""party"": ""R""}]}",Synthetic state-leg row — replace via OpenStates / FTM pipeline,mock
UT-U-009,UT,upper,9,ocd-division/country:us/state:ut/sldu:9,UT SD-9,R,James Rodriguez,R,2011,15.0,19.2,Likely R,True,False,safe,29,15,307576.0,276819.0,242169.0,217952.0,276819.0,261440.0,217952.0,205843.0,261440.0,246061.0,205843.0,193735.0,179060.0,"{""office"": ""UT Senate District 9"", ""source"": ""mock"", ""candidates"": [{""name"": ""James Rodriguez"", ""party"": ""R""}]}",Synthetic state-leg row — replace via OpenStates / FTM pipeline,mock
UT-U-010,UT,upper,10,ocd-division/country:us/state:ut/sldu:10,UT SD-10,D,Mary Martinez,D,2020,6.0,-6.0,Lean D,True,False,attack,29,15,382080.0,343872.0,326494.0,293845.0,343872.0,324768.0,293845.0,277520.0,324768.0,305664.0,277520.0,261195.0,364410.0,"{""office"": ""UT Senate District 10"", ""source"": ""mock"", ""candidates"": [{""name"": ""Mary Martinez"", ""party"": ""D""}, {""name"": ""Jessica Jones"", ""party"": ""R""}]}",Synthetic state-leg row — replace via OpenStates / FTM pipeline,mock
UT-U-011,UT,upper,11,ocd-division/country:us/state:ut/sldu:11,UT SD-11,R,Robert Hernandez,R,2010,16.0,18.8,Likely R,True,False,safe,29,15,292566.0,263309.0,258507.0,232657.0,263309.0,248681.0,232657.0,219731.0,248681.0,234052.0,219731.0,206806.0,182641.0,"{""office"": ""UT Senate District 11"", ""source"": ""mock"", ""candidates"": [{""name"": ""Robert Hernandez"", ""party"": ""R""}]}",Synthetic state-leg row — replace via OpenStates / FTM pipeline,mock
UT-U-012,UT,upper,12,ocd-division/country:us/state:ut/sldu:12,UT SD-12,R,Patricia Lopez,R,2023,3.0,28.1,Likely R,True,False,safe,29,15,203812.0,183431.0,108205.0,97384.0,183431.0,173240.0,97384.0,91974.0,173240.0,163049.0,91974.0,86564.0,77380.0,"{""office"": ""UT Senate District 12"", ""source"": ""mock"", ""candidates"": [{""name"": ""Patricia Lopez"", ""party"": ""R""}]}",Synthetic state-leg row — replace via OpenStates / FTM pipeline,mock
UT-U-013,UT,upper,13,ocd-division/country:us/state:ut/sldu:13,UT SD-13,R,John Wilson,R,2017,9.0,5.8,Lean R,True,False,defend,29,15,760415.0,684374.0,534905.0,481415.0,684374.0,646353.0,481415.0,454669.0,646353.0,608332.0,454669.0,427924.0,669866.0,"{""office"": ""UT Senate District 13"", ""source"": ""mock"", ""candidates"": [{""name"": ""John Wilson"", ""party"": ""R""}, {""name"": ""Robert Martinez"", ""party"": ""D""}]}",Synthetic state-leg row — replace via OpenStates / FTM pipeline,mock
UT-U-014,UT,upper,14,ocd-division/country:us/state:ut/sldu:14,UT SD-14,R,Jennifer Anderson,R,2015,11.0,5.5,Lean R,True,False,defend,29,15,713332.0,641999.0,829468.0,746521.0,641999.0,606332.0,746521.0,705048.0,606332.0,570666.0,705048.0,663574.0,804460.0,"{""office"": ""UT Senate District 14"", ""source"": ""mock"", ""candidates"": [{""name"": ""Jennifer Anderson"", ""party"": ""R""}, {""name"": ""Jessica Wilson"", ""party"": ""D""}]}",Synthetic state-leg row — replace via OpenStates / FTM pipeline,mock
UT-U-015,UT,upper,15,ocd-division/country:us/state:ut/sldu:15,UT SD-15,R,Michael Thomas,R,2013,13.0,11.1,Likely R,False,False,defend,29,15,504354.0,453918.0,292720.0,263448.0,453918.0,428701.0,263448.0,248812.0,428701.0,403483.0,248812.0,234176.0,351851.0,"{""office"": ""UT Senate District 15"", ""source"": ""mock"", ""candidates"": [{""name"": ""Michael Thomas"", ""party"": ""R""}, {""name"": ""John Garcia"", ""party"": ""D""}]}",Synthetic state-leg row — replace via OpenStates / FTM pipeline,mock
UT-U-016,UT,upper,16,ocd-division/country:us/state:ut/sldu:16,UT SD-16,R,Linda Smith,R,2010,16.0,19.0,Likely R,True,False,safe,29,15,369694.0,332725.0,281685.0,253516.0,332725.0,314240.0,253516.0,239432.0,314240.0,295755.0,239432.0,225348.0,214025.0,"{""office"": ""UT Senate District 16"", ""source"": ""mock"", ""candidates"": [{""name"": ""Linda Smith"", ""party"": ""R""}]}",Synthetic state-leg row — replace via OpenStates / FTM pipeline,mock
UT-U-017,UT,upper,17,ocd-division/country:us/state:ut/sldu:17,UT SD-17,R,David Johnson,R,2008,18.0,9.7,Likely R,True,False,defend,29,15,306759.0,276083.0,243795.0,219415.0,276083.0,260745.0,219415.0,207226.0,260745.0,245407.0,207226.0,195036.0,254041.0,"{""office"": ""UT Senate District 17"", ""source"": ""mock"", ""candidates"": [{""name"": ""David Johnson"", ""party"": ""R""}, {""name"": ""Richard Williams"", ""party"": ""D""}]}",Synthetic state-leg row — replace via OpenStates / FTM pipeline,mock
UT-U-018,UT,upper,18,ocd-division/country:us/state:ut/sldu:18,UT SD-18,R,Elizabeth Williams,R,2021,5.0,6.2,Lean R,True,False,defend,29,15,991009.0,891908.0,709759.0,638783.0,891908.0,842357.0,638783.0,603295.0,842357.0,792807.0,603295.0,567807.0,869821.0,"{""office"": ""UT Senate District 18"", ""source"": ""mock"", ""candidates"": [{""name"": ""Elizabeth Williams"", ""party"": ""R""}, {""name"": ""Robert Brown"", ""party"": ""D""}]}",Synthetic state-leg row — replace via OpenStates / FTM pipeline,mock
UT-U-019,UT,upper,19,ocd-division/country:us/state:ut/sldu:19,UT SD-19,D,William Brown,D,2020,6.0,-18.9,Likely D,True,False,safe,29,15,209189.0,188270.0,323077.0,290769.0,188270.0,177810.0,290769.0,274615.0,177810.0,167351.0,274615.0,258461.0,175648.0,"{""office"": ""UT Senate District 19"", ""source"": ""mock"", ""candidates"": [{""name"": ""William Brown"", ""party"": ""D""}, {""name"": ""Michael Wilson"", ""party"": ""R""}]}",Synthetic state-leg row — replace via OpenStates / FTM pipeline,mock
UT-U-020,UT,upper,20,ocd-division/country:us/state:ut/sldu:20,UT SD-20,R,Barbara Jones,R,2013,13.0,6.1,Lean R,True,False,defend,29,15,650187.0,585168.0,740567.0,666510.0,585168.0,552659.0,666510.0,629482.0,552659.0,520149.0,629482.0,592454.0,713258.0,"{""office"": ""UT Senate District 20"", ""source"": ""mock"", ""candidates"": [{""name"": ""Barbara Jones"", ""party"": ""R""}, {""name"": ""James Jones"", ""party"": ""D""}]}",Synthetic state-leg row — replace via OpenStates / FTM pipeline,mock
UT-U-021,UT,upper,21,ocd-division/country:us/state:ut/sldu:21,UT SD-21,R,Richard Garcia,R,2017,9.0,10.8,Likely R,True,False,defend,29,15,408750.0,367875.0,348720.0,313848.0,367875.0,347437.0,313848.0,296412.0,347437.0,327000.0,296412.0,278976.0,337615.0,"{""office"": ""UT Senate District 21"", ""source"": ""mock"", ""candidates"": [{""name"": ""Richard Garcia"", ""party"": ""R""}, {""name"": ""James Williams"", ""party"": ""D""}]}",Synthetic state-leg row — replace via OpenStates / FTM pipeline,mock
UT-U-022,UT,upper,22,ocd-division/country:us/state:ut/sldu:22,UT SD-22,D,Susan Miller,D,2022,4.0,-1.5,Toss-up,True,False,attack,29,15,616426.0,554783.0,938208.0,844387.0,554783.0,523962.0,844387.0,797477.0,523962.0,493141.0,797477.0,750566.0,899467.0,"{""office"": ""UT Senate District 22"", ""source"": ""mock"", ""candidates"": [{""name"": ""Susan Miller"", ""party"": ""D""}, {""name"": ""Patricia Miller"", ""party"": ""R""}]}",Synthetic state-leg row — replace via OpenStates / FTM pipeline,mock
UT-U-023,UT,upper,23,ocd-division/country:us/state:ut/sldu:23,UT SD-23,R,Joseph Davis,R,2024,2.0,18.3,Likely R,True,False,safe,29,15,528025.0,475223.0,466497.0,419847.0,475223.0,448822.0,419847.0,396523.0,448822.0,422420.0,396523.0,373198.0,336717.0,"{""office"": ""UT Senate District 23"", ""source"": ""mock"", ""candidates"": [{""name"": ""Joseph Davis"", ""party"": ""R""}]}",Synthetic state-leg row — replace via OpenStates / FTM pipeline,mock
UT-U-024,UT,upper,24,ocd-division/country:us/state:ut/sldu:24,UT SD-24,R,Jessica Rodriguez,R,2024,2.0,4.5,Lean R,True,False,defend,29,15,835014.0,751513.0,986898.0,888208.0,751513.0,709762.0,888208.0,838863.0,709762.0,668011.0,838863.0,789518.0,976024.0,"{""office"": ""UT Senate District 24"", ""source"": ""mock"", ""candidates"": [{""name"": ""Jessica Rodriguez"", ""party"": ""R""}, {""name"": ""Elizabeth Miller"", ""party"": ""D""}]}",Synthetic state-leg row — replace via OpenStates / FTM pipeline,mock
UT-U-025,UT,upper,25,ocd-division/country:us/state:ut/sldu:25,UT SD-25,R,James Martinez,R,2015,11.0,14.5,Likely R,True,False,safe,29,15,507140.0,456426.0,283125.0,254813.0,456426.0,431069.0,254813.0,240657.0,431069.0,405712.0,240657.0,226500.0,310461.0,"{""office"": ""UT Senate District 25"", ""source"": ""mock"", ""candidates"": [{""name"": ""James Martinez"", ""party"": ""R""}]}",Synthetic state-leg row — replace via OpenStates / FTM pipeline,mock
UT-U-026,UT,upper,26,ocd-division/country:us/state:ut/sldu:26,UT SD-26,R,Mary Hernandez,R,2018,8.0,4.1,Lean R,True,False,defend,29,15,663850.0,597465.0,507938.0,457144.0,597465.0,564272.0,457144.0,431747.0,564272.0,531080.0,431747.0,406350.0,634439.0,"{""office"": ""UT Senate District 26"", ""source"": ""mock"", ""candidates"": [{""name"": ""Mary Hernandez"", ""party"": ""R""}, {""name"": ""Barbara Smith"", ""party"": ""D""}]}",Synthetic state-leg row — replace via OpenStates / FTM pipeline,mock
UT-U-027,UT,upper,27,ocd-division/country:us/state:ut/sldu:27,UT SD-27,R,Robert Lopez,R,2022,4.0,15.3,Likely R,True,False,safe,29,15,298306.0,268475.0,186581.0,167923.0,268475.0,253560.0,167923.0,158594.0,253560.0,238645.0,158594.0,149265.0,184950.0,"{""office"": ""UT Senate District 27"", ""source"": ""mock"", ""candidates"": [{""name"": ""Robert Lopez"", ""party"": ""R""}]}",Synthetic state-leg row — replace via OpenStates / FTM pipeline,mock
UT-U-028,UT,upper,28,ocd-division/country:us/state:ut/sldu:28,UT SD-28,R,Patricia Wilson,R,2024,2.0,13.8,Likely R,True,False,defend,29,15,514524.0,463071.0,312603.0,281343.0,463071.0,437345.0,281343.0,265713.0,437345.0,411619.0,265713.0,250083.0,333214.0,"{""office"": ""UT Senate District 28"", ""source"": ""mock"", ""candidates"": [{""name"": ""Patricia Wilson"", ""party"": ""R""}, {""name"": ""Robert Hernandez"", ""party"": ""D""}]}",Synthetic state-leg row — replace via OpenStates / FTM pipeline,mock
UT-U-029,UT,upper,29,ocd-division/country:us/state:ut/sldu:29,UT SD-29,D,John Anderson,D,2008,18.0,-13.1,Likely D,True,False,attack,29,15,360847.0,324762.0,296769.0,267092.0,324762.0,306720.0,267092.0,252253.0,306720.0,288677.0,252253.0,237415.0,271501.0,"{""office"": ""UT Senate District 29"", ""source"": ""mock"", ""candidates"": [{""name"": ""John Anderson"", ""party"": ""D""}, {""name"": ""John Martinez"", ""party"": ""R""}]}",Synthetic state-leg row — replace via OpenStates / FTM pipeline,mock
VA-U-001,VA,upper,1,ocd-division/country:us/state:va/sldu:1,VA SD-1,D,Jennifer Thomas,D,2016,10.0,-6.5,Lean D,False,False,attack,40,21,673306.0,605975.0,887910.0,799119.0,605975.0,572310.0,799119.0,754723.0,572310.0,538645.0,754723.0,710328.0,791759.0,"{""office"": ""VA Senate District 1"", ""source"": ""mock"", ""candidates"": [{""name"": ""Jennifer Thomas"", ""party"": ""D""}, {""name"": ""Jennifer Rodriguez"", ""party"": ""R""}]}",Synthetic state-leg row — replace via OpenStates / FTM pipeline,mock
VA-U-002,VA,upper,2,ocd-division/country:us/state:va/sldu:2,VA SD-2,D,Michael Smith,D,2018,8.0,-5.4,Lean D,True,False,attack,40,21,639268.0,575341.0,887293.0,798564.0,575341.0,543378.0,798564.0,754199.0,543378.0,511415.0,754199.0,709835.0,798174.0,"{""office"": ""VA Senate District 2"", ""source"": ""mock"", ""candidates"": [{""name"": ""Michael Smith"", ""party"": ""D""}, {""name"": ""James Martinez"", ""party"": ""R""}]}",Synthetic state-leg row — replace via OpenStates / FTM pipeline,mock
VA-U-003,VA,upper,3,ocd-division/country:us/state:va/sldu:3,VA SD-3,R,Linda Johnson,R,2012,14.0,-2.0,Lean D,True,False,defend,40,21,738674.0,664806.0,474015.0,426614.0,664806.0,627873.0,426614.0,402913.0,627873.0,590939.0,402913.0,379212.0,692965.0,"{""office"": ""VA Senate District 3"", ""source"": ""mock"", ""candidates"": [{""name"": ""Linda Johnson"", ""party"": ""R""}, {""name"": ""Elizabeth Jones"", ""party"": ""D""}]}",Synthetic state-leg row — replace via OpenStates / FTM pipeline,mock
VA-U-004,VA,upper,4,ocd-division/country:us/state:va/sldu:4,VA SD-4,D,David Williams,D,2015,11.0,-6.7,Lean D,True,False,attack,40,21,315244.0,283720.0,239250.0,215325.0,283720.0,267957.0,215325.0,203363.0,267957.0,252195.0,203363.0,191400.0,279624.0,"{""office"": ""VA Senate District 4"", ""source"": ""mock"", ""candidates"": [{""name"": ""David Williams"", ""party"": ""D""}, {""name"": ""David Thomas"", ""party"": ""R""}]}",Synthetic state-leg row — replace via OpenStates / FTM pipeline,mock
VA-U-005,VA,upper,5,ocd-division/country:us/state:va/sldu:5,VA SD-5,R,OPEN SEAT,,,0.0,-2.2,Lean D,False,True,defend,40,21,317310.0,285579.0,334580.0,301122.0,285579.0,269713.0,301122.0,284393.0,269713.0,253848.0,284393.0,267664.0,370646.0,"{""office"": ""VA Senate District 5"", ""source"": ""mock"", ""candidates"": [{""name"": ""John Anderson"", ""party"": ""D""}]}",Synthetic state-leg row — replace via OpenStates / FTM pipeline,mock
VA-U-006,VA,upper,6,ocd-division/country:us/state:va/sldu:6,VA SD-6,R,Elizabeth Brown,R,2013,13.0,7.5,Likely R,True,False,defend,40,21,715202.0,643682.0,567937.0,511143.0,643682.0,607922.0,511143.0,482747.0,607922.0,572161.0,482747.0,454350.0,632404.0,"{""office"": ""VA Senate District 6"", ""source"": ""mock"", ""candidates"": [{""name"": ""Elizabeth Brown"", ""party"": ""R""}, {""name"": ""Linda Jones"", ""party"": ""D""}]}",Synthetic state-leg row — replace via OpenStates / FTM pipeline,mock
VA-U-007,VA,upper,7,ocd-division/country:us/state:va/sldu:7,VA SD-7,R,William Jones,R,2020,6.0,10.8,Likely R,True,False,defend,40,21,444051.0,399646.0,555586.0,500027.0,399646.0,377444.0,500027.0,472248.0,377444.0,355241.0,472248.0,444469.0,445553.0,"{""office"": ""VA Senate District 7"", ""source"": ""mock"", ""candidates"": [{""name"": ""William Jones"", ""party"": ""R""}, {""name"": ""Patricia Williams"", ""party"": ""D""}]}",Synthetic state-leg row — replace via OpenStates / FTM pipeline,mock
VA-U-008,VA,upper,8,ocd-division/country:us/state:va/sldu:8,VA SD-8,R,Barbara Garcia,R,2013,13.0,6.3,Lean R,True,False,defend,40,21,312452.0,281207.0,278100.0,250290.0,281207.0,265584.0,250290.0,236385.0,265584.0,249961.0,236385.0,222480.0,301182.0,"{""office"": ""VA Senate District 8"", ""source"": ""mock"", ""candidates"": [{""name"": ""Barbara Garcia"", ""party"": ""R""}, {""name"": ""Mary Martinez"", ""party"": ""D""}]}",Synthetic state-leg row — replace via OpenStates / FTM pipeline,mock
VA-U-009,VA,upper,9,ocd-division/country:us/state:va/sldu:9,VA SD-9,D,Richard Miller,D,2018,8.0,-6.2,Lean D,True,False,attack,40,21,585036.0,526532.0,955249.0,859724.0,526532.0,497280.0,859724.0,811962.0,497280.0,468029.0,811962.0,764200.0,787746.0,"{""office"": ""VA Senate District 9"", ""source"": ""mock"", ""candidates"": [{""name"": ""Richard Miller"", ""party"": ""D""}, {""name"": ""Robert Rodriguez"", ""party"": ""R""}]}",Synthetic state-leg row — replace via OpenStates / FTM pipeline,mock
VA-U-010,VA,upper,10,ocd-division/country:us/state:va/sldu:10,VA SD-10,D,Susan Davis,D,2023,3.0,-14.4,Likely D,True,False,safe,40,21,237909.0,214118.0,219453.0,197508.0,214118.0,202223.0,197508.0,186535.0,202223.0,190327.0,186535.0,175562.0,180331.0,"{""office"": ""VA Senate District 10"", ""source"": ""mock"", ""candidates"": [{""name"": ""Susan Davis"", ""party"": ""D""}]}",Synthetic state-leg row — replace via OpenStates / FTM pipeline,mock
VA-U-011,VA,upper,11,ocd-division/country:us/state:va/sldu:11,VA SD-11,R,Joseph Rodriguez,R,2010,16.0,12.4,Likely R,True,False,defend,40,21,417488.0,375739.0,277450.0,249705.0,375739.0,354865.0,249705.0,235832.0,354865.0,333990.0,235832.0,221960.0,293859.0,"{""office"": ""VA Senate District 11"", ""source"": ""mock"", ""candidates"": [{""name"": ""Joseph Rodriguez"", ""party"": ""R""}, {""name"": ""Susan Rodriguez"", ""party"": ""D""}]}",Synthetic state-leg row — replace via OpenStates / FTM pipeline,mock
VA-U-012,VA,upper,12,ocd-division/country:us/state:va/sldu:12,VA SD-12,R,Jessica Martinez,R,2015,11.0,8.1,Likely R,True,False,defend,40,21,850862.0,765776.0,611475.0,550327.0,765776.0,723233.0,550327.0,519754.0,723233.0,680689.0,519754.0,489180.0,708189.0,"{""office"": ""VA Senate District 12"", ""source"": ""mock"", ""candidates"": [{""name"": ""Jessica Martinez"", ""party"": ""R""}, {""name"": ""Jennifer Miller"", ""party"": ""D""}]}",Synthetic state-leg row — replace via OpenStates / FTM pipeline,mock
VA-U-013,VA,upper,13,ocd-division/country:us/state:va/sldu:13,VA SD-13,D,James Hernandez,D,2024,2.0,-10.9,Likely D,True,False,attack,40,21,581289.0,523160.0,779534.0,701581.0,523160.0,494096.0,701581.0,662604.0,494096.0,465031.0,662604.0,623627.0,604594.0,"{""office"": ""VA Senate District 13"", ""source"": ""mock"", ""candidates"": [{""name"": ""James Hernandez"", ""party"": ""D""}, {""name"": ""Patricia Davis"", ""party"": ""R""}]}",Synthetic state-leg row — replace via OpenStates / FTM pipeline,mock
VA-U-014,VA,upper,14,ocd-division/country:us/state:va/sldu:14,VA SD-14,R,Mary Lopez,R,2019,7.0,11.4,Likely R,True,False,defend,40,21,246026.0,221423.0,122626.0,110363.0,221423.0,209122.0,110363.0,104232.0,209122.0,196821.0,104232.0,98101.0,161153.0,"{""office"": ""VA Senate District 14"", ""source"": ""mock"", ""candidates"": [{""name"": ""Mary Lopez"", ""party"": ""R""}, {""name"": ""Barbara Davis"", ""party"": ""D""}]}",Synthetic state-leg row — replace via OpenStates / FTM pipeline,mock
VA-U-015,VA,upper,15,ocd-division/country:us/state:va/sldu:15,VA SD-15,D,Robert Wilson,D,2008,18.0,-12.7,Likely D,True,False,attack,40,21,263121.0,236809.0,241081.0,216973.0,236809.0,223653.0,216973.0,204919.0,223653.0,210497.0,204919.0,192865.0,211045.0,"{""office"": ""VA Senate District 15"", ""source"": ""mock"", ""candidates"": [{""name"": ""Robert Wilson"", ""party"": ""D""}, {""name"": ""Jennifer Garcia"", ""party"": ""R""}]}",Synthetic state-leg row — replace via OpenStates / FTM pipeline,mock
VA-U-016,VA,upper,16,ocd-division/country:us/state:va/sldu:16,VA SD-16,D,Patricia Anderson,D,2016,10.0,-9.0,Likely D,True,False,attack,40,21,642662.0,578395.0,878352.0,790517.0,578395.0,546262.0,790517.0,746599.0,546262.0,514129.0,746599.0,702682.0,717049.0,"{""office"": ""VA Senate District 16"", ""source"": ""mock"", ""candidates"": [{""name"": ""Patricia Anderson"", ""party"": ""D""}, {""name"": ""Mary Anderson"", ""party"": ""R""}]}",Synthetic state-leg row — replace via OpenStates / FTM pipeline,mock
VA-U-017,VA,upper,17,ocd-division/country:us/state:va/sldu:17,VA SD-17,D,John Thomas,D,2012,14.0,-13.1,Likely D,True,False,attack,40,21,568473.0,511625.0,593054.0,533749.0,511625.0,483202.0,533749.0,504096.0,483202.0,454778.0,504096.0,474444.0,479545.0,"{""office"": ""VA Senate District 17"", ""source"": ""mock"", ""candidates"": [{""name"": ""John Thomas"", ""party"": ""D""}, {""name"": ""Richard Smith"", ""party"": ""R""}]}",Synthetic state-leg row — replace via OpenStates / FTM pipeline,mock
VA-U-018,VA,upper,18,ocd-division/country:us/state:va/sldu:18,VA SD-18,D,Jennifer Smith,D,2012,14.0,0.7,Toss-up,True,False,attack,40,21,1155710.0,1040139.0,888734.0,799861.0,1040139.0,982353.0,799861.0,755424.0,982353.0,924568.0,755424.0,710987.0,1206222.0,"{""office"": ""VA Senate District 18"", ""source"": ""mock"", ""candidates"": [{""name"": ""Jennifer Smith"", ""party"": ""D""}, {""name"": ""Linda Thomas"", ""party"": ""R""}]}",Synthetic state-leg row — replace via OpenStates / FTM pipeline,mock
VA-U-019,VA,upper,19,ocd-division/country:us/state:va/sldu:19,VA SD-19,D,Michael Johnson,D,2023,3.0,-5.5,Lean D,True,False,attack,40,21,282647.0,254382.0,462785.0,416506.0,254382.0,240250.0,416506.0,393367.0,240250.0,226118.0,393367.0,370228.0,388690.0,"{""office"": ""VA Senate District 19"", ""source"": ""mock"", ""candidates"": [{""name"": ""Michael Johnson"", ""party"": ""D""}, {""name"": ""Barbara Smith"", ""party"": ""R""}]}",Synthetic state-leg row — replace via OpenStates / FTM pipeline,mock
VA-U-020,VA,upper,20,ocd-division/country:us/state:va/sldu:20,VA SD-20,R,Linda Williams,R,2020,6.0,8.5,Likely R,True,False,defend,40,21,504608.0,454147.0,343835.0,309451.0,454147.0,428917.0,309451.0,292259.0,428917.0,403687.0,292259.0,275068.0,406041.0,"{""office"": ""VA Senate District 20"", ""source"": ""mock"", ""candidates"": [{""name"": ""Linda Williams"", ""party"": ""R""}, {""name"": ""Elizabeth Smith"", ""party"": ""D""}]}",Synthetic state-leg row — replace via OpenStates / FTM pipeline,mock
VA-U-021,VA,upper,21,ocd-division/country:us/state:va/sldu:21,VA SD-21,D,David Brown,D,2021,5.0,-4.9,Lean D,True,False,attack,40,21,245512.0,220961.0,299810.0,269829.0,220961.0,208685.0,269829.0,254839.0,208685.0,196409.0,254839.0,239848.0,289021.0,"{""office"": ""VA Senate District 21"", ""source"": ""mock"", ""candidates"": [{""name"": ""David Brown"", ""party"": ""D""}, {""name"": ""Barbara Anderson"", ""party"": ""R""}]}",Synthetic state-leg row — replace via OpenStates / FTM pipeline,mock
VA-U-022,VA,upper,22,ocd-division/country:us/state:va/sldu:22,VA SD-22,D,Elizabeth Jones,D,2011,15.0,-4.3,Lean D,True,False,attack,40,21,648980.0,584082.0,945319.0,850787.0,584082.0,551633.0,850787.0,803521.0,551633.0,519184.0,803521.0,756255.0,858644.0,"{""office"": ""VA Senate District 22"", ""source"": ""mock"", ""candidates"": [{""name"": ""Elizabeth Jones"", ""party"": ""D""}, {""name"": ""John Davis"", ""party"": ""R""}]}",Synthetic state-leg row — replace via OpenStates / FTM pipeline,mock
VA-U-023,VA,upper,23,ocd-division/country:us/state:va/sldu:23,VA SD-23,D,OPEN SEAT,,,0.0,2.0,Lean R,False,True,attack,40,21,1037710.0,933939.0,1395437.0,1255894.0,933939.0,882053.0,1255894.0,1186122.0,882053.0,830168.0,1186122.0,1116350.0,1390370.0,"{""office"": ""VA Senate District 23"", ""source"": ""mock"", ""candidates"": [{""name"": ""Richard Garcia"", ""party"": ""R""}]}",Synthetic state-leg row — replace via OpenStates / FTM pipeline,mock
VA-U-024,VA,upper,24,ocd-division/country:us/state:va/sldu:24,VA SD-24,D,William Garcia,D,2009,17.0,-9.3,Likely D,False,False,attack,40,21,362898.0,326608.0,581787.0,523608.0,326608.0,308463.0,523608.0,494519.0,308463.0,290318.0,494519.0,465430.0,441303.0,"{""office"": ""VA Senate District 24"", ""source"": ""mock"", ""candidates"": [{""name"": ""William Garcia"", ""party"": ""D""}, {""name"": ""Barbara Smith"", ""party"": ""R""}]}",Synthetic state-leg row — replace via OpenStates / FTM pipeline,mock
VA-U-025,VA,upper,25,ocd-division/country:us/state:va/sldu:25,VA SD-25,D,Barbara Miller,D,2012,14.0,-15.0,Likely D,True,False,safe,40,21,261766.0,235590.0,215497.0,193947.0,235590.0,222501.0,193947.0,183172.0,222501.0,209413.0,183172.0,172398.0,184087.0,"{""office"": ""VA Senate District 25"", ""source"": ""mock"", ""candidates"": [{""name"": ""Barbara Miller"", ""party"": ""D""}]}",Synthetic state-leg row — replace via OpenStates / FTM pipeline,mock
VA-U-026,VA,upper,26,ocd-division/country:us/state:va/sldu:26,VA SD-26,D,Richard Davis,D,2021,5.0,-11.6,Likely D,True,False,attack,40,21,184894.0,166405.0,229987.0,206988.0,166405.0,157160.0,206988.0,195489.0,157160.0,147916.0,195489.0,183989.0,180177.0,"{""office"": ""VA Senate District 26"", ""source"": ""mock"", ""candidates"": [{""name"": ""Richard Davis"", ""party"": ""D""}, {""name"": ""David Smith"", ""party"": ""R""}]}",Synthetic state-leg row — replace via OpenStates / FTM pipeline,mock
VA-U-027,VA,upper,27,ocd-division/country:us/state:va/sldu:27,VA SD-27,D,Susan Rodriguez,D,2016,10.0,-9.8,Likely D,True,False,attack,40,21,481612.0,433451.0,604072.0,543665.0,433451.0,409370.0,543665.0,513461.0,409370.0,385289.0,513461.0,483257.0,499414.0,"{""office"": ""VA Senate District 27"", ""source"": ""mock"", ""candidates"": [{""name"": ""Susan Rodriguez"", ""party"": ""D""}, {""name"": ""Michael Martinez"", ""party"": ""R""}]}",Synthetic state-leg row — replace via OpenStates / FTM pipeline,mock
VA-U-028,VA,upper,28,ocd-division/country:us/state:va/sldu:28,VA SD-28,D,Joseph Martinez,D,2024,2.0,-3.3,Lean D,True,False,attack,40,21,531709.0,478538.0,537981.0,484183.0,478538.0,451952.0,484183.0,457284.0,451952.0,425367.0,457284.0,430385.0,591385.0,"{""office"": ""VA Senate District 28"", ""source"": ""mock"", ""candidates"": [{""name"": ""Joseph Martinez"", ""party"": ""D""}, {""name"": ""William Rodriguez"", ""party"": ""R""}]}",Synthetic state-leg row — replace via OpenStates / FTM pipeline,mock
VA-U-029,VA,upper,29,ocd-division/country:us/state:va/sldu:29,VA SD-29,R,Jessica Hernandez,R,2014,12.0,0.7,Toss-up,True,False,defend,40,21,488043.0,439239.0,398479.0,358632.0,439239.0,414837.0,358632.0,338708.0,414837.0,390434.0,338708.0,318784.0,523048.0,"{""office"": ""VA Senate District 29"", ""source"": ""mock"", ""candidates"": [{""name"": ""Jessica Hernandez"", ""party"": ""R""}, {""name"": ""Robert Johnson"", ""party"": ""D""}]}",Synthetic state-leg row — replace via OpenStates / FTM pipeline,mock
VA-U-030,VA,upper,30,ocd-division/country:us/state:va/sldu:30,VA SD-30,D,James Lopez,D,2017,9.0,-17.0,Likely D,True,False,safe,40,21,328859.0,295973.0,379376.0,341439.0,295973.0,279530.0,341439.0,322470.0,279530.0,263087.0,322470.0,303501.0,252941.0,"{""office"": ""VA Senate District 30"", ""source"": ""mock"", ""candidates"": [{""name"": ""James Lopez"", ""party"": ""D""}]}",Synthetic state-leg row — replace via OpenStates / FTM pipeline,mock
VA-U-031,VA,upper,31,ocd-division/country:us/state:va/sldu:31,VA SD-31,R,OPEN SEAT,,,0.0,10.0,Likely R,False,True,defend,40,21,243558.0,219202.0,147338.0,132604.0,219202.0,207024.0,132604.0,125237.0,207024.0,194847.0,125237.0,117870.0,178695.0,"{""office"": ""VA Senate District 31"", ""source"": ""mock"", ""candidates"": [{""name"": ""Jennifer Miller"", ""party"": ""D""}]}",Synthetic state-leg row — replace via OpenStates / FTM pipeline,mock
VA-U-032,VA,upper,32,ocd-division/country:us/state:va/sldu:32,VA SD-32,D,Mary Wilson,D,2019,7.0,-10.0,Likely D,True,False,attack,40,21,489056.0,440150.0,490249.0,441224.0,440150.0,415698.0,441224.0,416712.0,415698.0,391245.0,416712.0,392200.0,447682.0,"{""office"": ""VA Senate District 32"", ""source"": ""mock"", ""candidates"": [{""name"": ""Mary Wilson"", ""party"": ""D""}, {""name"": ""Elizabeth Williams"", ""party"": ""R""}]}",Synthetic state-leg row — replace via OpenStates / FTM pipeline,mock
VA-U-033,VA,upper,33,ocd-division/country:us/state:va/sldu:33,VA SD-33,R,Robert Anderson,R,2015,11.0,9.1,Likely R,True,False,defend,40,21,1081811.0,973630.0,552151.0,496936.0,973630.0,919539.0,496936.0,469328.0,919539.0,865449.0,469328.0,441721.0,767962.0,"{""office"": ""VA Senate District 33"", ""source"": ""mock"", ""candidates"": [{""name"": ""Robert Anderson"", ""party"": ""R""}, {""name"": ""David Davis"", ""party"": ""D""}]}",Synthetic state-leg row — replace via OpenStates / FTM pipeline,mock
VA-U-034,VA,upper,34,ocd-division/country:us/state:va/sldu:34,VA SD-34,D,Patricia Thomas,D,2016,10.0,-7.7,Likely D,True,False,attack,40,21,652952.0,587656.0,639293.0,575363.0,587656.0,555009.0,575363.0,543399.0,555009.0,522361.0,543399.0,511434.0,633200.0,"{""office"": ""VA Senate District 34"", ""source"": ""mock"", ""candidates"": [{""name"": ""Patricia Thomas"", ""party"": ""D""}, {""name"": ""Linda Brown"", ""party"": ""R""}]}",Synthetic state-leg row — replace via OpenStates / FTM pipeline,mock
VA-U-035,VA,upper,35,ocd-division/country:us/state:va/sldu:35,VA SD-35,D,John Smith,D,2023,3.0,0.1,Toss-up,True,False,attack,40,21,759462.0,683516.0,1175248.0,1057723.0,683516.0,645543.0,1057723.0,998961.0,645543.0,607570.0,998961.0,940198.0,1158062.0,"{""office"": ""VA Senate District 35"", ""source"": ""mock"", ""candidates"": [{""name"": ""John Smith"", ""party"": ""D""}, {""name"": ""Patricia Johnson"", ""party"": ""R""}]}",Synthetic state-leg row — replace via OpenStates / FTM pipeline,mock
VA-U-036,VA,upper,36,ocd-division/country:us/state:va/sldu:36,VA SD-36,D,Jennifer Johnson,D,2023,3.0,-17.3,Likely D,True,False,safe,40,21,291725.0,262553.0,448406.0,403565.0,262553.0,247966.0,403565.0,381145.0,247966.0,233380.0,381145.0,358724.0,261160.0,"{""office"": ""VA Senate District 36"", ""source"": ""mock"", ""candidates"": [{""name"": ""Jennifer Johnson"", ""party"": ""D""}, {""name"": ""Linda Jones"", ""party"": ""R""}]}",Synthetic state-leg row — replace via OpenStates / FTM pipeline,mock
VA-U-037,VA,upper,37,ocd-division/country:us/state:va/sldu:37,VA SD-37,D,Michael Williams,D,2008,18.0,-6.9,Lean D,True,False,attack,40,21,579764.0,521788.0,747158.0,672442.0,521788.0,492799.0,672442.0,635084.0,492799.0,463811.0,635084.0,597726.0,665356.0,"{""office"": ""VA Senate District 37"", ""source"": ""mock"", ""candidates"": [{""name"": ""Michael Williams"", ""party"": ""D""}, {""name"": ""Jessica Anderson"", ""party"": ""R""}]}",Synthetic state-leg row — replace via OpenStates / FTM pipeline,mock
VA-U-038,VA,upper,38,ocd-division/country:us/state:va/sldu:38,VA SD-38,D,Linda Brown,D,2015,11.0,-0.7,Toss-up,True,False,attack,40,21,853846.0,768462.0,1040902.0,936812.0,768462.0,725769.0,936812.0,884767.0,725769.0,683077.0,884767.0,832722.0,1117901.0,"{""office"": ""VA Senate District 38"", ""source"": ""mock"", ""candidates"": [{""name"": ""Linda Brown"", ""party"": ""D""}, {""name"": ""Susan Johnson"", ""party"": ""R""}]}",Synthetic state-leg row — replace via OpenStates / FTM pipeline,mock
VA-U-039,VA,upper,39,ocd-division/country:us/state:va/sldu:39,VA SD-39,D,David Jones,D,2022,4.0,-24.8,Likely D,True,False,safe,40,21,165713.0,149142.0,238497.0,214648.0,149142.0,140856.0,214648.0,202723.0,140856.0,132571.0,202723.0,190798.0,100244.0,"{""office"": ""VA Senate District 39"", ""source"": ""mock"", ""candidates"": [{""name"": ""David Jones"", ""party"": ""D""}]}",Synthetic state-leg row — replace via OpenStates / FTM pipeline,mock
VA-U-040,VA,upper,40,ocd-division/country:us/state:va/sldu:40,VA SD-40,D,Elizabeth Garcia,D,2022,4.0,-6.8,Lean D,True,False,attack,40,21,233574.0,210217.0,203198.0,182878.0,210217.0,198538.0,182878.0,172719.0,198538.0,186859.0,172719.0,162559.0,219634.0,"{""office"": ""VA Senate District 40"", ""source"": ""mock"", ""candidates"": [{""name"": ""Elizabeth Garcia"", ""party"": ""D""}, {""name"": ""Patricia Jones"", ""party"": ""R""}]}",Synthetic state-leg row — replace via OpenStates / FTM pipeline,mock
VT-U-001,VT,upper,1,ocd-division/country:us/state:vt/sldu:1,VT SD-1,R,William Miller,R,2014,12.0,-4.8,Lean D,True,False,defend,30,16,418779.0,376901.0,543887.0,489498.0,376901.0,355962.0,489498.0,462304.0,355962.0,335023.0,462304.0,435109.0,511588.0,"{""office"": ""VT Senate District 1"", ""source"": ""mock"", ""candidates"": [{""name"": ""William Miller"", ""party"": ""R""}, {""name"": ""Robert Rodriguez"", ""party"": ""D""}]}",Synthetic state-leg row — replace via OpenStates / FTM pipeline,mock
VT-U-002,VT,upper,2,ocd-division/country:us/state:vt/sldu:2,VT SD-2,D,Barbara Davis,D,2013,13.0,-8.3,Likely D,True,False,attack,30,16,234897.0,211408.0,434050.0,390645.0,211408.0,199663.0,390645.0,368943.0,199663.0,187918.0,368943.0,347240.0,322050.0,"{""office"": ""VT Senate District 2"", ""source"": ""mock"", ""candidates"": [{""name"": ""Barbara Davis"", ""party"": ""D""}, {""name"": ""Robert Garcia"", ""party"": ""R""}]}",Synthetic state-leg row — replace via OpenStates / FTM pipeline,mock
VT-U-003,VT,upper,3,ocd-division/country:us/state:vt/sldu:3,VT SD-3,D,Richard Rodriguez,D,2015,11.0,-9.5,Likely D,True,False,attack,30,16,864934.0,778441.0,673797.0,606417.0,778441.0,735194.0,606417.0,572728.0,735194.0,691947.0,572728.0,539038.0,714411.0,"{""office"": ""VT Senate District 3"", ""source"": ""mock"", ""candidates"": [{""name"": ""Richard Rodriguez"", ""party"": ""D""}, {""name"": ""Joseph Thomas"", ""party"": ""R""}]}",Synthetic state-leg row — replace via OpenStates / FTM pipeline,mock
VT-U-004,VT,upper,4,ocd-division/country:us/state:vt/sldu:4,VT SD-4,D,Susan Martinez,D,2019,7.0,-23.9,Likely D,True,False,safe,30,16,177983.0,160185.0,292585.0,263327.0,160185.0,151285.0,263327.0,248697.0,151285.0,142386.0,248697.0,234068.0,121675.0,"{""office"": ""VT Senate District 4"", ""source"": ""mock"", ""candidates"": [{""name"": ""Susan Martinez"", ""party"": ""D""}]}",Synthetic state-leg row — replace via OpenStates / FTM pipeline,mock
VT-U-005,VT,upper,5,ocd-division/country:us/state:vt/sldu:5,VT SD-5,R,Joseph Hernandez,R,2013,13.0,-1.3,Toss-up,True,False,defend,30,16,372182.0,334964.0,316784.0,285106.0,334964.0,316355.0,285106.0,269267.0,316355.0,297745.0,269267.0,253427.0,400584.0,"{""office"": ""VT Senate District 5"", ""source"": ""mock"", ""candidates"": [{""name"": ""Joseph Hernandez"", ""party"": ""R""}, {""name"": ""William Wilson"", ""party"": ""D""}]}",Synthetic state-leg row — replace via OpenStates / FTM pipeline,mock
VT-U-006,VT,upper,6,ocd-division/country:us/state:vt/sldu:6,VT SD-6,D,Jessica Lopez,D,2013,13.0,-31.6,Likely D,True,False,safe,30,16,125308.0,112777.0,108609.0,97749.0,112777.0,106512.0,97749.0,92318.0,106512.0,100246.0,92318.0,86888.0,58012.0,"{""office"": ""VT Senate District 6"", ""source"": ""mock"", ""candidates"": [{""name"": ""Jessica Lopez"", ""party"": ""D""}, {""name"": ""Michael Wilson"", ""party"": ""R""}]}",Synthetic state-leg row — replace via OpenStates / FTM pipeline,mock
VT-U-007,VT,upper,7,ocd-division/country:us/state:vt/sldu:7,VT SD-7,D,James Wilson,D,2018,8.0,-27.1,Likely D,True,False,safe,30,16,181828.0,163646.0,202999.0,182699.0,163646.0,154554.0,182699.0,172549.0,154554.0,145463.0,172549.0,162399.0,95437.0,"{""office"": ""VT Senate District 7"", ""source"": ""mock"", ""candidates"": [{""name"": ""James Wilson"", ""party"": ""D""}, {""name"": ""Barbara Anderson"", ""party"": ""R""}]}",Synthetic state-leg row — replace via OpenStates / FTM pipeline,mock
VT-U-008,VT,upper,8,ocd-division/country:us/state:vt/sldu:8,VT SD-8,D,Mary Anderson,D,2008,18.0,-19.8,Likely D,True,False,safe,30,16,350868.0,315781.0,466213.0,419591.0,315781.0,298238.0,419591.0,396281.0,298238.0,280695.0,396281.0,372970.0,259131.0,"{""office"": ""VT Senate District 8"", ""source"": ""mock"", ""candidates"": [{""name"": ""Mary Anderson"", ""party"": ""D""}]}",Synthetic state-leg row — replace via OpenStates / FTM pipeline,mock
VT-U-009,VT,upper,9,ocd-division/country:us/state:vt/sldu:9,VT SD-9,D,OPEN SEAT,,,0.0,-27.2,Likely D,False,True,safe,30,16,135460.0,121914.0,204204.0,183784.0,121914.0,115141.0,183784.0,173574.0,115141.0,108368.0,173574.0,163364.0,84237.0,"{""office"": ""VT Senate District 9"", ""source"": ""mock"", ""candidates"": []}",Synthetic state-leg row — replace via OpenStates / FTM pipeline,mock
VT-U-010,VT,upper,10,ocd-division/country:us/state:vt/sldu:10,VT SD-10,D,Robert Thomas,D,2012,14.0,-24.8,Likely D,True,False,safe,30,16,104572.0,94115.0,174480.0,157032.0,94115.0,88886.0,157032.0,148308.0,88886.0,83658.0,148308.0,139584.0,69205.0,"{""office"": ""VT Senate District 10"", ""source"": ""mock"", ""candidates"": [{""name"": ""Robert Thomas"", ""party"": ""D""}, {""name"": ""David Jones"", ""party"": ""R""}]}",Synthetic state-leg row — replace via OpenStates / FTM pipeline,mock
VT-U-011,VT,upper,11,ocd-division/country:us/state:vt/sldu:11,VT SD-11,D,Patricia Smith,D,2018,8.0,-3.6,Lean D,True,False,attack,30,16,1014872.0,913385.0,1031661.0,928495.0,913385.0,862641.0,928495.0,876912.0,862641.0,811898.0,876912.0,825329.0,1122670.0,"{""office"": ""VT Senate District 11"", ""source"": ""mock"", ""candidates"": [{""name"": ""Patricia Smith"", ""party"": ""D""}, {""name"": ""Jessica Martinez"", ""party"": ""R""}]}",Synthetic state-leg row — replace via OpenStates / FTM pipeline,mock
VT-U-012,VT,upper,12,ocd-division/country:us/state:vt/sldu:12,VT SD-12,D,John Johnson,D,2014,12.0,-4.9,Lean D,True,False,attack,30,16,556456.0,500810.0,618679.0,556811.0,500810.0,472988.0,556811.0,525877.0,472988.0,445165.0,525877.0,494943.0,622821.0,"{""office"": ""VT Senate District 12"", ""source"": ""mock"", ""candidates"": [{""name"": ""John Johnson"", ""party"": ""D""}, {""name"": ""Michael Hernandez"", ""party"": ""R""}]}",Synthetic state-leg row — replace via OpenStates / FTM pipeline,mock
VT-U-013,VT,upper,13,ocd-division/country:us/state:vt/sldu:13,VT SD-13,D,Jennifer Williams,D,2009,17.0,-24.0,Likely D,True,False,safe,30,16,132666.0,119399.0,200401.0,180361.0,119399.0,112766.0,180361.0,170341.0,112766.0,106132.0,170341.0,160321.0,85646.0,"{""office"": ""VT Senate District 13"", ""source"": ""mock"", ""candidates"": [{""name"": ""Jennifer Williams"", ""party"": ""D""}]}",Synthetic state-leg row — replace via OpenStates / FTM pipeline,mock
VT-U-014,VT,upper,14,ocd-division/country:us/state:vt/sldu:14,VT SD-14,D,Michael Brown,D,2023,3.0,-15.3,Likely D,True,False,safe,30,16,422592.0,380333.0,540475.0,486427.0,380333.0,359204.0,486427.0,459404.0,359204.0,338074.0,459404.0,432380.0,367341.0,"{""office"": ""VT Senate District 14"", ""source"": ""mock"", ""candidates"": [{""name"": ""Michael Brown"", ""party"": ""D""}]}",Synthetic state-leg row — replace via OpenStates / FTM pipeline,mock
VT-U-015,VT,upper,15,ocd-division/country:us/state:vt/sldu:15,VT SD-15,D,Linda Jones,D,2013,13.0,-20.5,Likely D,False,False,safe,30,16,311848.0,280663.0,356031.0,320428.0,280663.0,265070.0,320428.0,302627.0,265070.0,249478.0,302627.0,284825.0,205134.0,"{""office"": ""VT Senate District 15"", ""source"": ""mock"", ""candidates"": [{""name"": ""Linda Jones"", ""party"": ""D""}]}",Synthetic state-leg row — replace via OpenStates / FTM pipeline,mock
VT-U-016,VT,upper,16,ocd-division/country:us/state:vt/sldu:16,VT SD-16,D,David Garcia,D,2010,16.0,-21.8,Likely D,True,False,safe,30,16,139700.0,125730.0,204810.0,184329.0,125730.0,118745.0,184329.0,174088.0,118745.0,111760.0,174088.0,163848.0,99416.0,"{""office"": ""VT Senate District 16"", ""source"": ""mock"", ""candidates"": [{""name"": ""David Garcia"", ""party"": ""D""}]}",Synthetic state-leg row — replace via OpenStates / FTM pipeline,mock
VT-U-017,VT,upper,17,ocd-division/country:us/state:vt/sldu:17,VT SD-17,D,Elizabeth Miller,D,2015,11.0,-6.7,Lean D,True,False,attack,30,16,556338.0,500704.0,648757.0,583881.0,500704.0,472887.0,583881.0,551443.0,472887.0,445070.0,551443.0,519005.0,607712.0,"{""office"": ""VT Senate District 17"", ""source"": ""mock"", ""candidates"": [{""name"": ""Elizabeth Miller"", ""party"": ""D""}, {""name"": ""James Lopez"", ""party"": ""R""}]}",Synthetic state-leg row — replace via OpenStates / FTM pipeline,mock
VT-U-018,VT,upper,18,ocd-division/country:us/state:vt/sldu:18,VT SD-18,D,William Davis,D,2023,3.0,-23.9,Likely D,True,False,safe,30,16,232238.0,209015.0,235678.0,212110.0,209015.0,197403.0,212110.0,200326.0,197403.0,185791.0,200326.0,188542.0,120990.0,"{""office"": ""VT Senate District 18"", ""source"": ""mock"", ""candidates"": [{""name"": ""William Davis"", ""party"": ""D""}]}",Synthetic state-leg row — replace via OpenStates / FTM pipeline,mock
VT-U-019,VT,upper,19,ocd-division/country:us/state:vt/sldu:19,VT SD-19,D,Barbara Rodriguez,D,2008,18.0,-26.1,Likely D,True,False,safe,30,16,83834.0,75450.0,170317.0,153285.0,75450.0,71259.0,153285.0,144769.0,71259.0,67067.0,144769.0,136254.0,63029.0,"{""office"": ""VT Senate District 19"", ""source"": ""mock"", ""candidates"": [{""name"": ""Barbara Rodriguez"", ""party"": ""D""}]}",Synthetic state-leg row — replace via OpenStates / FTM pipeline,mock
VT-U-020,VT,upper,20,ocd-division/country:us/state:vt/sldu:20,VT SD-20,D,Richard Martinez,D,2015,11.0,-12.8,Likely D,True,False,attack,30,16,498505.0,448654.0,547283.0,492555.0,448654.0,423729.0,492555.0,465191.0,423729.0,398804.0,465191.0,437827.0,436243.0,"{""office"": ""VT Senate District 20"", ""source"": ""mock"", ""candidates"": [{""name"": ""Richard Martinez"", ""party"": ""D""}, {""name"": ""Robert Davis"", ""party"": ""R""}]}",Synthetic state-leg row — replace via OpenStates / FTM pipeline,mock
VT-U-021,VT,upper,21,ocd-division/country:us/state:vt/sldu:21,VT SD-21,D,Susan Hernandez,D,2009,17.0,-23.4,Likely D,True,False,safe,30,16,182633.0,164370.0,194458.0,175013.0,164370.0,155238.0,175013.0,165290.0,155238.0,146106.0,165290.0,155567.0,100199.0,"{""office"": ""VT Senate District 21"", ""source"": ""mock"", ""candidates"": [{""name"": ""Susan Hernandez"", ""party"": ""D""}]}",Synthetic state-leg row — replace via OpenStates / FTM pipeline,mock
VT-U-022,VT,upper,22,ocd-division/country:us/state:vt/sldu:22,VT SD-22,D,Joseph Lopez,D,2013,13.0,-40.0,Likely D,True,False,safe,30,16,130760.0,117684.0,219487.0,197538.0,117684.0,111146.0,197538.0,186564.0,111146.0,104608.0,186564.0,175589.0,86861.0,"{""office"": ""VT Senate District 22"", ""source"": ""mock"", ""candidates"": [{""name"": ""Joseph Lopez"", ""party"": ""D""}]}",Synthetic state-leg row — replace via OpenStates / FTM pipeline,mock
VT-U-023,VT,upper,23,ocd-division/country:us/state:vt/sldu:23,VT SD-23,D,Jessica Wilson,D,2019,7.0,-27.7,Likely D,True,False,safe,30,16,103556.0,93200.0,174148.0,156733.0,93200.0,88022.0,156733.0,148026.0,88022.0,82844.0,148026.0,139319.0,68871.0,"{""office"": ""VT Senate District 23"", ""source"": ""mock"", ""candidates"": [{""name"": ""Jessica Wilson"", ""party"": ""D""}]}",Synthetic state-leg row — replace via OpenStates / FTM pipeline,mock
VT-U-024,VT,upper,24,ocd-division/country:us/state:vt/sldu:24,VT SD-24,D,James Anderson,D,2022,4.0,-14.1,Likely D,True,False,safe,30,16,545551.0,490996.0,420733.0,378659.0,490996.0,463718.0,378659.0,357623.0,463718.0,436441.0,357623.0,336586.0,385133.0,"{""office"": ""VT Senate District 24"", ""source"": ""mock"", ""candidates"": [{""name"": ""James Anderson"", ""party"": ""D""}]}",Synthetic state-leg row — replace via OpenStates / FTM pipeline,mock
VT-U-025,VT,upper,25,ocd-division/country:us/state:vt/sldu:25,VT SD-25,D,Mary Thomas,D,2024,2.0,-10.3,Likely D,False,False,attack,30,16,333533.0,300180.0,454289.0,408860.0,300180.0,283503.0,408860.0,386145.0,283503.0,266826.0,386145.0,363431.0,356771.0,"{""office"": ""VT Senate District 25"", ""source"": ""mock"", ""candidates"": [{""name"": ""Mary Thomas"", ""party"": ""D""}, {""name"": ""Mary Anderson"", ""party"": ""R""}]}",Synthetic state-leg row — replace via OpenStates / FTM pipeline,mock
VT-U-026,VT,upper,26,ocd-division/country:us/state:vt/sldu:26,VT SD-26,D,Robert Smith,D,2009,17.0,-20.1,Likely D,False,False,safe,30,16,219153.0,197237.0,396521.0,356869.0,197237.0,186280.0,356869.0,337043.0,186280.0,175322.0,337043.0,317217.0,192618.0,"{""office"": ""VT Senate District 26"", ""source"": ""mock"", ""candidates"": [{""name"": ""Robert Smith"", ""party"": ""D""}]}",Synthetic state-leg row — replace via OpenStates / FTM pipeline,mock
VT-U-027,VT,upper,27,ocd-division/country:us/state:vt/sldu:27,VT SD-27,D,Patricia Johnson,D,2014,12.0,-11.7,Likely D,True,False,attack,30,16,523853.0,471468.0,673320.0,605988.0,471468.0,445275.0,605988.0,572322.0,445275.0,419082.0,572322.0,538656.0,518205.0,"{""office"": ""VT Senate District 27"", ""source"": ""mock"", ""candidates"": [{""name"": ""Patricia Johnson"", ""party"": ""D""}, {""name"": ""William Thomas"", ""party"": ""R""}]}",Synthetic state-leg row — replace via OpenStates / FTM pipeline,mock
VT-U-028,VT,upper,28,ocd-division/country:us/state:vt/sldu:28,VT SD-28,D,John Williams,D,2013,13.0,-9.6,Likely D,True,False,attack,30,16,559679.0,503711.0,948883.0,853994.0,503711.0,475727.0,853994.0,806550.0,475727.0,447743.0,806550.0,759106.0,698249.0,"{""office"": ""VT Senate District 28"", ""source"": ""mock"", ""candidates"": [{""name"": ""John Williams"", ""party"": ""D""}, {""name"": ""Jessica Miller"", ""party"": ""R""}]}",Synthetic state-leg row — replace via OpenStates / FTM pipeline,mock
VT-U-029,VT,upper,29,ocd-division/country:us/state:vt/sldu:29,VT SD-29,D,Jennifer Brown,D,2012,14.0,-3.9,Lean D,True,False,attack,30,16,362179.0,325961.0,408633.0,367770.0,325961.0,307852.0,367770.0,347338.0,307852.0,289743.0,347338.0,326906.0,419542.0,"{""office"": ""VT Senate District 29"", ""source"": ""mock"", ""candidates"": [{""name"": ""Jennifer Brown"", ""party"": ""D""}, {""name"": ""Richard Williams"", ""party"": ""R""}]}",Synthetic state-leg row — replace via OpenStates / FTM pipeline,mock
VT-U-030,VT,upper,30,ocd-division/country:us/state:vt/sldu:30,VT SD-30,D,Michael Jones,D,2018,8.0,-15.7,Likely D,False,False,safe,30,16,378103.0,340293.0,427975.0,385178.0,340293.0,321388.0,385178.0,363779.0,321388.0,302483.0,363779.0,342380.0,302855.0,"{""office"": ""VT Senate District 30"", ""source"": ""mock"", ""candidates"": [{""name"": ""Michael Jones"", ""party"": ""D""}]}",Synthetic state-leg row — replace via OpenStates / FTM pipeline,mock
WA-U-001,WA,upper,1,ocd-division/country:us/state:wa/sldu:1,WA SD-1,R,Linda Garcia,R,2017,9.0,0.3,Toss-up,True,False,defend,49,25,1399571.0,1259613.0,1037150.0,933435.0,1259613.0,1189635.0,933435.0,881578.0,1189635.0,1119656.0,881578.0,829720.0,1451589.0,"{""office"": ""WA Senate District 1"", ""source"": ""mock"", ""candidates"": [{""name"": ""Linda Garcia"", ""party"": ""R""}, {""name"": ""Jessica Lopez"", ""party"": ""D""}]}",Synthetic state-leg row — replace via OpenStates / FTM pipeline,mock
WA-U-002,WA,upper,2,ocd-division/country:us/state:wa/sldu:2,WA SD-2,D,David Miller,D,2017,9.0,-1.3,Toss-up,True,False,attack,49,25,578333.0,520500.0,793079.0,713771.0,520500.0,491583.0,713771.0,674117.0,491583.0,462666.0,674117.0,634464.0,797378.0,"{""office"": ""WA Senate District 2"", ""source"": ""mock"", ""candidates"": [{""name"": ""David Miller"", ""party"": ""D""}, {""name"": ""Mary Wilson"", ""party"": ""R""}]}",Synthetic state-leg row — replace via OpenStates / FTM pipeline,mock
WA-U-003,WA,upper,3,ocd-division/country:us/state:wa/sldu:3,WA SD-3,R,Elizabeth Davis,R,2018,8.0,-3.0,Lean D,True,False,defend,49,25,553713.0,498341.0,451866.0,406679.0,498341.0,470656.0,406679.0,384086.0,470656.0,442970.0,384086.0,361493.0,560251.0,"{""office"": ""WA Senate District 3"", ""source"": ""mock"", ""candidates"": [{""name"": ""Elizabeth Davis"", ""party"": ""R""}, {""name"": ""Patricia Smith"", ""party"": ""D""}]}",Synthetic state-leg row — replace via OpenStates / FTM pipeline,mock
WA-U-004,WA,upper,4,ocd-division/country:us/state:wa/sldu:4,WA SD-4,D,William Rodriguez,D,2017,9.0,-8.7,Likely D,True,False,attack,49,25,624381.0,561943.0,656035.0,590431.0,561943.0,530724.0,590431.0,557630.0,530724.0,499505.0,557630.0,524828.0,609112.0,"{""office"": ""WA Senate District 4"", ""source"": ""mock"", ""candidates"": [{""name"": ""William Rodriguez"", ""party"": ""D""}, {""name"": ""Jessica Rodriguez"", ""party"": ""R""}]}",Synthetic state-leg row — replace via OpenStates / FTM pipeline,mock
WA-U-005,WA,upper,5,ocd-division/country:us/state:wa/sldu:5,WA SD-5,D,Barbara Martinez,D,2021,5.0,-3.8,Lean D,False,False,attack,49,25,315823.0,284241.0,232733.0,209460.0,284241.0,268450.0,209460.0,197823.0,268450.0,252658.0,197823.0,186187.0,299355.0,"{""office"": ""WA Senate District 5"", ""source"": ""mock"", ""candidates"": [{""name"": ""Barbara Martinez"", ""party"": ""D""}, {""name"": ""Patricia Hernandez"", ""party"": ""R""}]}",Synthetic state-leg row — replace via OpenStates / FTM pipeline,mock
WA-U-006,WA,upper,6,ocd-division/country:us/state:wa/sldu:6,WA SD-6,D,Richard Hernandez,D,2008,18.0,-6.5,Lean D,True,False,attack,49,25,676215.0,608593.0,676745.0,609070.0,608593.0,574783.0,609070.0,575233.0,574783.0,540972.0,575233.0,541396.0,686144.0,"{""office"": ""WA Senate District 6"", ""source"": ""mock"", ""candidates"": [{""name"": ""Richard Hernandez"", ""party"": ""D""}, {""name"": ""James Garcia"", ""party"": ""R""}]}",Synthetic state-leg row — replace via OpenStates / FTM pipeline,mock
WA-U-007,WA,upper,7,ocd-division/country:us/state:wa/sldu:7,WA SD-7,D,Susan Lopez,D,2022,4.0,-17.5,Likely D,True,False,safe,49,25,523418.0,471076.0,565162.0,508646.0,471076.0,444905.0,508646.0,480388.0,444905.0,418734.0,480388.0,452130.0,381003.0,"{""office"": ""WA Senate District 7"", ""source"": ""mock"", ""candidates"": [{""name"": ""Susan Lopez"", ""party"": ""D""}]}",Synthetic state-leg row — replace via OpenStates / FTM pipeline,mock
WA-U-008,WA,upper,8,ocd-division/country:us/state:wa/sldu:8,WA SD-8,D,Joseph Wilson,D,2021,5.0,-9.6,Likely D,True,False,attack,49,25,538645.0,484780.0,493952.0,444557.0,484780.0,457848.0,444557.0,419859.0,457848.0,430916.0,419859.0,395161.0,477945.0,"{""office"": ""WA Senate District 8"", ""source"": ""mock"", ""candidates"": [{""name"": ""Joseph Wilson"", ""party"": ""D""}, {""name"": ""Robert Hernandez"", ""party"": ""R""}]}",Synthetic state-leg row — replace via OpenStates / FTM pipeline,mock
WA-U-009,WA,upper,9,ocd-division/country:us/state:wa/sldu:9,WA SD-9,D,Jessica Anderson,D,2012,14.0,-2.2,Lean D,True,False,attack,49,25,562395.0,506155.0,616428.0,554785.0,506155.0,478036.0,554785.0,523964.0,478036.0,449916.0,523964.0,493143.0,670245.0,"{""office"": ""WA Senate District 9"", ""source"": ""mock"", ""candidates"": [{""name"": ""Jessica Anderson"", ""party"": ""D""}, {""name"": ""Elizabeth Brown"", ""party"": ""R""}]}",Synthetic state-leg row — replace via OpenStates / FTM pipeline,mock
WA-U-010,WA,upper,10,ocd-division/country:us/state:wa/sldu:10,WA SD-10,D,James Thomas,D,2024,2.0,3.8,Lean R,True,False,attack,49,25,888222.0,799399.0,1088263.0,979436.0,799399.0,754988.0,979436.0,925023.0,754988.0,710577.0,925023.0,870610.0,1078596.0,"{""office"": ""WA Senate District 10"", ""source"": ""mock"", ""candidates"": [{""name"": ""James Thomas"", ""party"": ""D""}, {""name"": ""Joseph Anderson"", ""party"": ""R""}]}",Synthetic state-leg row — replace via OpenStates / FTM pipeline,mock
WA-U-011,WA,upper,11,ocd-division/country:us/state:wa/sldu:11,WA SD-11,D,Mary Smith,D,2014,12.0,-30.1,Likely D,False,False,safe,49,25,149045.0,134141.0,183384.0,165046.0,134141.0,126688.0,165046.0,155877.0,126688.0,119236.0,155877.0,146708.0,82443.0,"{""office"": ""WA Senate District 11"", ""source"": ""mock"", ""candidates"": [{""name"": ""Mary Smith"", ""party"": ""D""}]}",Synthetic state-leg row — replace via OpenStates / FTM pipeline,mock
WA-U-012,WA,upper,12,ocd-division/country:us/state:wa/sldu:12,WA SD-12,D,OPEN SEAT,,,0.0,-10.8,Likely D,False,True,attack,49,25,135524.0,121971.0,182063.0,163857.0,121971.0,115195.0,163857.0,154753.0,115195.0,108419.0,154753.0,145650.0,141553.0,"{""office"": ""WA Senate District 12"", ""source"": ""mock"", ""candidates"": [{""name"": ""Jennifer Anderson"", ""party"": ""R""}]}",Synthetic state-leg row — replace via OpenStates / FTM pipeline,mock
WA-U-013,WA,upper,13,ocd-division/country:us/state:wa/sldu:13,WA SD-13,D,Robert Johnson,D,2018,8.0,-12.8,Likely D,False,False,attack,49,25,262460.0,236214.0,318618.0,286756.0,236214.0,223091.0,286756.0,270825.0,223091.0,209968.0,270825.0,254894.0,242393.0,"{""office"": ""WA Senate District 13"", ""source"": ""mock"", ""candidates"": [{""name"": ""Robert Johnson"", ""party"": ""D""}, {""name"": ""James Miller"", ""party"": ""R""}]}",Synthetic state-leg row — replace via OpenStates / FTM pipeline,mock
WA-U-014,WA,upper,14,ocd-division/country:us/state:wa/sldu:14,WA SD-14,D,Patricia Williams,D,2022,4.0,-10.1,Likely D,True,False,attack,49,25,591695.0,532526.0,690695.0,621626.0,532526.0,502941.0,621626.0,587091.0,502941.0,473356.0,587091.0,552556.0,584404.0,"{""office"": ""WA Senate District 14"", ""source"": ""mock"", ""candidates"": [{""name"": ""Patricia Williams"", ""party"": ""D""}, {""name"": ""Linda Smith"", ""party"": ""R""}]}",Synthetic state-leg row — replace via OpenStates / FTM pipeline,mock
WA-U-015,WA,upper,15,ocd-division/country:us/state:wa/sldu:15,WA SD-15,D,John Brown,D,2015,11.0,-3.9,Lean D,True,False,attack,49,25,732437.0,659193.0,781980.0,703782.0,659193.0,622571.0,703782.0,664683.0,622571.0,585950.0,664683.0,625584.0,824275.0,"{""office"": ""WA Senate District 15"", ""source"": ""mock"", ""candidates"": [{""name"": ""John Brown"", ""party"": ""D""}, {""name"": ""Mary Smith"", ""party"": ""R""}]}",Synthetic state-leg row — replace via OpenStates / FTM pipeline,mock
WA-U-016,WA,upper,16,ocd-division/country:us/state:wa/sldu:16,WA SD-16,R,Jennifer Jones,R,2022,4.0,15.3,Likely R,False,False,safe,49,25,519692.0,467722.0,483035.0,434732.0,467722.0,441738.0,434732.0,410580.0,441738.0,415753.0,410580.0,386428.0,382469.0,"{""office"": ""WA Senate District 16"", ""source"": ""mock"", ""candidates"": [{""name"": ""Jennifer Jones"", ""party"": ""R""}]}",Synthetic state-leg row — replace via OpenStates / FTM pipeline,mock
WA-U-017,WA,upper,17,ocd-division/country:us/state:wa/sldu:17,WA SD-17,D,Michael Garcia,D,2016,10.0,-2.7,Lean D,False,False,attack,49,25,895947.0,806352.0,961923.0,865731.0,806352.0,761555.0,865731.0,817635.0,761555.0,716757.0,817635.0,769539.0,1043061.0,"{""office"": ""WA Senate District 17"", ""source"": ""mock"", ""candidates"": [{""name"": ""Michael Garcia"", ""party"": ""D""}, {""name"": ""Robert Wilson"", ""party"": ""R""}]}",Synthetic state-leg row — replace via OpenStates / FTM pipeline,mock
WA-U-018,WA,upper,18,ocd-division/country:us/state:wa/sldu:18,WA SD-18,R,Linda Miller,R,2008,18.0,6.9,Lean R,True,False,defend,49,25,530313.0,477282.0,651618.0,586456.0,477282.0,450766.0,586456.0,553875.0,450766.0,424250.0,553875.0,521295.0,592654.0,"{""office"": ""WA Senate District 18"", ""source"": ""mock"", ""candidates"": [{""name"": ""Linda Miller"", ""party"": ""R""}, {""name"": ""Elizabeth Thomas"", ""party"": ""D""}]}",Synthetic state-leg row — replace via OpenStates / FTM pipeline,mock
WA-U-019,WA,upper,19,ocd-division/country:us/state:wa/sldu:19,WA SD-19,D,David Davis,D,2013,13.0,-6.0,Lean D,True,False,attack,49,25,567312.0,510580.0,1023392.0,921053.0,510580.0,482215.0,921053.0,869883.0,482215.0,453849.0,869883.0,818713.0,818076.0,"{""office"": ""WA Senate District 19"", ""source"": ""mock"", ""candidates"": [{""name"": ""David Davis"", ""party"": ""D""}, {""name"": ""Jennifer Wilson"", ""party"": ""R""}]}",Synthetic state-leg row — replace via OpenStates / FTM pipeline,mock
WA-U-020,WA,upper,20,ocd-division/country:us/state:wa/sldu:20,WA SD-20,D,Elizabeth Rodriguez,D,2009,17.0,-6.8,Lean D,False,False,attack,49,25,900005.0,810004.0,1166886.0,1050197.0,810004.0,765004.0,1050197.0,991853.0,765004.0,720004.0,991853.0,933508.0,1039350.0,"{""office"": ""WA Senate District 20"", ""source"": ""mock"", ""candidates"": [{""name"": ""Elizabeth Rodriguez"", ""party"": ""D""}, {""name"": ""Jessica Johnson"", ""party"": ""R""}]}",Synthetic state-leg row — replace via OpenStates / FTM pipeline,mock
WA-U-021,WA,upper,21,ocd-division/country:us/state:wa/sldu:21,WA SD-21,D,William Martinez,D,2013,13.0,-21.4,Likely D,True,False,safe,49,25,85812.0,77231.0,152676.0,137408.0,77231.0,72940.0,137408.0,129775.0,72940.0,68649.0,129775.0,122141.0,70183.0,"{""office"": ""WA Senate District 21"", ""source"": ""mock"", ""candidates"": [{""name"": ""William Martinez"", ""party"": ""D""}, {""name"": ""Michael Wilson"", ""party"": ""R""}]}",Synthetic state-leg row — replace via OpenStates / FTM pipeline,mock
WA-U-022,WA,upper,22,ocd-division/country:us/state:wa/sldu:22,WA SD-22,D,Barbara Hernandez,D,2021,5.0,-20.0,Likely D,True,False,safe,49,25,317823.0,286041.0,312504.0,281253.0,286041.0,270149.0,281253.0,265628.0,270149.0,254258.0,265628.0,250003.0,198103.0,"{""office"": ""WA Senate District 22"", ""source"": ""mock"", ""candidates"": [{""name"": ""Barbara Hernandez"", ""party"": ""D""}]}",Synthetic state-leg row — replace via OpenStates / FTM pipeline,mock
WA-U-023,WA,upper,23,ocd-division/country:us/state:wa/sldu:23,WA SD-23,D,Richard Lopez,D,2015,11.0,-15.2,Likely D,True,False,safe,49,25,307382.0,276644.0,553244.0,497919.0,276644.0,261275.0,497919.0,470257.0,261275.0,245905.0,470257.0,442595.0,329497.0,"{""office"": ""WA Senate District 23"", ""source"": ""mock"", ""candidates"": [{""name"": ""Richard Lopez"", ""party"": ""D""}]}",Synthetic state-leg row — replace via OpenStates / FTM pipeline,mock
WA-U-024,WA,upper,24,ocd-division/country:us/state:wa/sldu:24,WA SD-24,D,Susan Wilson,D,2020,6.0,2.0,Lean R,True,False,attack,49,25,499053.0,449148.0,527428.0,474685.0,449148.0,424195.0,474685.0,448314.0,424195.0,399243.0,448314.0,421943.0,586561.0,"{""office"": ""WA Senate District 24"", ""source"": ""mock"", ""candidates"": [{""name"": ""Susan Wilson"", ""party"": ""D""}, {""name"": ""Susan Martinez"", ""party"": ""R""}]}",Synthetic state-leg row — replace via OpenStates / FTM pipeline,mock
WA-U-025,WA,upper,25,ocd-division/country:us/state:wa/sldu:25,WA SD-25,D,Joseph Anderson,D,2012,14.0,-25.5,Likely D,True,False,safe,49,25,192119.0,172907.0,202343.0,182109.0,172907.0,163301.0,182109.0,171991.0,163301.0,153695.0,171991.0,161874.0,97826.0,"{""office"": ""WA Senate District 25"", ""source"": ""mock"", ""candidates"": [{""name"": ""Joseph Anderson"", ""party"": ""D""}]}",Synthetic state-leg row — replace via OpenStates / FTM pipeline,mock
WA-U-026,WA,upper,26,ocd-division/country:us/state:wa/sldu:26,WA SD-26,D,Jessica Thomas,D,2023,3.0,-12.3,Likely D,True,False,attack,49,25,198855.0,178970.0,277044.0,249340.0,178970.0,169027.0,249340.0,235487.0,169027.0,159084.0,235487.0,221635.0,201917.0,"{""office"": ""WA Senate District 26"", ""source"": ""mock"", ""candidates"": [{""name"": ""Jessica Thomas"", ""party"": ""D""}, {""name"": ""James Williams"", ""party"": ""R""}]}",Synthetic state-leg row — replace via OpenStates / FTM pipeline,mock
WA-U-027,WA,upper,27,ocd-division/country:us/state:wa/sldu:27,WA SD-27,D,James Smith,D,2016,10.0,0.1,Toss-up,True,False,attack,49,25,763040.0,686736.0,840872.0,756785.0,686736.0,648584.0,756785.0,714741.0,648584.0,610432.0,714741.0,672698.0,960056.0,"{""office"": ""WA Senate District 27"", ""source"": ""mock"", ""candidates"": [{""name"": ""James Smith"", ""party"": ""D""}, {""name"": ""John Davis"", ""party"": ""R""}]}",Synthetic state-leg row — replace via OpenStates / FTM pipeline,mock
WA-U-028,WA,upper,28,ocd-division/country:us/state:wa/sldu:28,WA SD-28,R,Mary Johnson,R,2021,5.0,7.6,Likely R,True,False,defend,49,25,773001.0,695701.0,501348.0,451214.0,695701.0,657051.0,451214.0,426146.0,657051.0,618401.0,426146.0,401079.0,626252.0,"{""office"": ""WA Senate District 28"", ""source"": ""mock"", ""candidates"": [{""name"": ""Mary Johnson"", ""party"": ""R""}, {""name"": ""James Hernandez"", ""party"": ""D""}]}",Synthetic state-leg row — replace via OpenStates / FTM pipeline,mock
WA-U-029,WA,upper,29,ocd-division/country:us/state:wa/sldu:29,WA SD-29,R,OPEN SEAT,,,0.0,3.9,Lean R,False,True,defend,49,25,260112.0,234101.0,301273.0,271146.0,234101.0,221095.0,271146.0,256082.0,221095.0,208090.0,256082.0,241018.0,305554.0,"{""office"": ""WA Senate District 29"", ""source"": ""mock"", ""candidates"": [{""name"": ""Elizabeth Jones"", ""party"": ""D""}]}",Synthetic state-leg row — replace via OpenStates / FTM pipeline,mock
WA-U-030,WA,upper,30,ocd-division/country:us/state:wa/sldu:30,WA SD-30,D,Robert Williams,D,2013,13.0,-20.8,Likely D,True,False,safe,49,25,109616.0,98654.0,171571.0,154413.0,98654.0,93174.0,154413.0,145835.0,93174.0,87693.0,145835.0,137256.0,85159.0,"{""office"": ""WA Senate District 30"", ""source"": ""mock"", ""candidates"": [{""name"": ""Robert Williams"", ""party"": ""D""}]}",Synthetic state-leg row — replace via OpenStates / FTM pipeline,mock
WA-U-031,WA,upper,31,ocd-division/country:us/state:wa/sldu:31,WA SD-31,D,Patricia Brown,D,2018,8.0,1.0,Toss-up,True,False,attack,49,25,830704.0,747633.0,958417.0,862575.0,747633.0,706098.0,862575.0,814655.0,706098.0,664563.0,814655.0,766734.0,1047914.0,"{""office"": ""WA Senate District 31"", ""source"": ""mock"", ""candidates"": [{""name"": ""Patricia Brown"", ""party"": ""D""}, {""name"": ""Joseph Rodriguez"", ""party"": ""R""}]}",Synthetic state-leg row — replace via OpenStates / FTM pipeline,mock
WA-U-032,WA,upper,32,ocd-division/country:us/state:wa/sldu:32,WA SD-32,D,John Jones,D,2010,16.0,0.5,Toss-up,True,False,attack,49,25,840136.0,756122.0,1107758.0,996983.0,756122.0,714115.0,996983.0,941595.0,714115.0,672109.0,941595.0,886207.0,1154823.0,"{""office"": ""WA Senate District 32"", ""source"": ""mock"", ""candidates"": [{""name"": ""John Jones"", ""party"": ""D""}, {""name"": ""Linda Wilson"", ""party"": ""R""}]}",Synthetic state-leg row — replace via OpenStates / FTM pipeline,mock
WA-U-033,WA,upper,33,ocd-division/country:us/state:wa/sldu:33,WA SD-33,D,Jennifer Garcia,D,2017,9.0,-8.4,Likely D,False,False,attack,49,25,399421.0,359479.0,370784.0,333706.0,359479.0,339508.0,333706.0,315166.0,339508.0,319537.0,315166.0,296627.0,369699.0,"{""office"": ""WA Senate District 33"", ""source"": ""mock"", ""candidates"": [{""name"": ""Jennifer Garcia"", ""party"": ""D""}, {""name"": ""Mary Martinez"", ""party"": ""R""}]}",Synthetic state-leg row — replace via OpenStates / FTM pipeline,mock
WA-U-034,WA,upper,34,ocd-division/country:us/state:wa/sldu:34,WA SD-34,R,Michael Miller,R,2013,13.0,-4.2,Lean D,True,False,defend,49,25,661395.0,595255.0,540147.0,486132.0,595255.0,562186.0,486132.0,459125.0,562186.0,529116.0,459125.0,432117.0,648832.0,"{""office"": ""WA Senate District 34"", ""source"": ""mock"", ""candidates"": [{""name"": ""Michael Miller"", ""party"": ""R""}, {""name"": ""William Garcia"", ""party"": ""D""}]}",Synthetic state-leg row — replace via OpenStates / FTM pipeline,mock
WA-U-035,WA,upper,35,ocd-division/country:us/state:wa/sldu:35,WA SD-35,D,Linda Davis,D,2010,16.0,-7.3,Likely D,True,False,attack,49,25,361406.0,325265.0,451210.0,406089.0,325265.0,307195.0,406089.0,383529.0,307195.0,289124.0,383529.0,360968.0,402825.0,"{""office"": ""WA Senate District 35"", ""source"": ""mock"", ""candidates"": [{""name"": ""Linda Davis"", ""party"": ""D""}, {""name"": ""Elizabeth Davis"", ""party"": ""R""}]}",Synthetic state-leg row — replace via OpenStates / FTM pipeline,mock
WA-U-036,WA,upper,36,ocd-division/country:us/state:wa/sldu:36,WA SD-36,D,David Rodriguez,D,2014,12.0,-10.9,Likely D,True,False,attack,49,25,207649.0,186884.0,193319.0,173987.0,186884.0,176501.0,173987.0,164321.0,176501.0,166119.0,164321.0,154656.0,178144.0,"{""office"": ""WA Senate District 36"", ""source"": ""mock"", ""candidates"": [{""name"": ""David Rodriguez"", ""party"": ""D""}, {""name"": ""Mary Brown"", ""party"": ""R""}]}",Synthetic state-leg row — replace via OpenStates / FTM pipeline,mock
WA-U-037,WA,upper,37,ocd-division/country:us/state:wa/sldu:37,WA SD-37,D,Elizabeth Martinez,D,2012,14.0,-21.6,Likely D,False,False,safe,49,25,128980.0,116082.0,116385.0,104747.0,116082.0,109633.0,104747.0,98927.0,109633.0,103184.0,98927.0,93108.0,71507.0,"{""office"": ""WA Senate District 37"", ""source"": ""mock"", ""candidates"": [{""name"": ""Elizabeth Martinez"", ""party"": ""D""}]}",Synthetic state-leg row — replace via OpenStates / FTM pipeline,mock
WA-U-038,WA,upper,38,ocd-division/country:us/state:wa/sldu:38,WA SD-38,R,William Hernandez,R,2015,11.0,9.4,Likely R,True,False,defend,49,25,430920.0,387828.0,253346.0,228011.0,387828.0,366282.0,228011.0,215344.0,366282.0,344736.0,215344.0,202676.0,318672.0,"{""office"": ""WA Senate District 38"", ""source"": ""mock"", ""candidates"": [{""name"": ""William Hernandez"", ""party"": ""R""}, {""name"": ""David Lopez"", ""party"": ""D""}]}",Synthetic state-leg row — replace via OpenStates / FTM pipeline,mock
WA-U-039,WA,upper,39,ocd-division/country:us/state:wa/sldu:39,WA SD-39,D,Barbara Lopez,D,2018,8.0,-8.7,Likely D,True,False,attack,49,25,623134.0,560821.0,589599.0,530639.0,560821.0,529664.0,530639.0,501159.0,529664.0,498507.0,501159.0,471679.0,576915.0,"{""office"": ""WA Senate District 39"", ""source"": ""mock"", ""candidates"": [{""name"": ""Barbara Lopez"", ""party"": ""D""}, {""name"": ""James Lopez"", ""party"": ""R""}]}",Synthetic state-leg row — replace via OpenStates / FTM pipeline,mock
WA-U-040,WA,upper,40,ocd-division/country:us/state:wa/sldu:40,WA SD-40,D,Richard Wilson,D,2011,15.0,-4.9,Lean D,True,False,attack,49,25,376082.0,338474.0,470779.0,423701.0,338474.0,319670.0,423701.0,400163.0,319670.0,300866.0,400163.0,376624.0,448837.0,"{""office"": ""WA Senate District 40"", ""source"": ""mock"", ""candidates"": [{""name"": ""Richard Wilson"", ""party"": ""D""}, {""name"": ""John Davis"", ""party"": ""R""}]}",Synthetic state-leg row — replace via OpenStates / FTM pipeline,mock
WA-U-041,WA,upper,41,ocd-division/country:us/state:wa/sldu:41,WA SD-41,D,Susan Anderson,D,2019,7.0,-10.7,Likely D,True,False,attack,49,25,410324.0,369292.0,521461.0,469315.0,369292.0,348775.0,469315.0,443242.0,348775.0,328259.0,443242.0,417169.0,416641.0,"{""office"": ""WA Senate District 41"", ""source"": ""mock"", ""candidates"": [{""name"": ""Susan Anderson"", ""party"": ""D""}, {""name"": ""Jessica Williams"", ""party"": ""R""}]}",Synthetic state-leg row — replace via OpenStates / FTM pipeline,mock
WA-U-042,WA,upper,42,ocd-division/country:us/state:wa/sldu:42,WA SD-42,D,Joseph Thomas,D,2019,7.0,-14.3,Likely D,True,False,safe,49,25,156293.0,140663.0,207996.0,187197.0,140663.0,132849.0,187197.0,176797.0,132849.0,125034.0,176797.0,166397.0,144154.0,"{""office"": ""WA Senate District 42"", ""source"": ""mock"", ""candidates"": [{""name"": ""Joseph Thomas"", ""party"": ""D""}]}",Synthetic state-leg row — replace via OpenStates / FTM pipeline,mock
WA-U-043,WA,upper,43,ocd-division/country:us/state:wa/sldu:43,WA SD-43,D,Jessica Smith,D,2010,16.0,-9.1,Likely D,True,False,attack,49,25,416589.0,374930.0,626112.0,563501.0,374930.0,354100.0,563501.0,532195.0,354100.0,333271.0,532195.0,500890.0,490069.0,"{""office"": ""WA Senate District 43"", ""source"": ""mock"", ""candidates"": [{""name"": ""Jessica Smith"", ""party"": ""D""}, {""name"": ""Linda Lopez"", ""party"": ""R""}]}",Synthetic state-leg row — replace via OpenStates / FTM pipeline,mock
WA-U-044,WA,upper,44,ocd-division/country:us/state:wa/sldu:44,WA SD-44,D,James Johnson,D,2011,15.0,-7.4,Likely D,True,False,attack,49,25,419562.0,377606.0,494291.0,444862.0,377606.0,356628.0,444862.0,420147.0,356628.0,335650.0,420147.0,395433.0,451704.0,"{""office"": ""WA Senate District 44"", ""source"": ""mock"", ""candidates"": [{""name"": ""James Johnson"", ""party"": ""D""}, {""name"": ""Mary Williams"", ""party"": ""R""}]}",Synthetic state-leg row — replace via OpenStates / FTM pipeline,mock
WA-U-045,WA,upper,45,ocd-division/country:us/state:wa/sldu:45,WA SD-45,D,Mary Williams,D,2022,4.0,-12.4,Likely D,True,False,attack,49,25,305156.0,274640.0,490524.0,441472.0,274640.0,259383.0,441472.0,416946.0,259383.0,244125.0,416946.0,392419.0,336459.0,"{""office"": ""WA Senate District 45"", ""source"": ""mock"", ""candidates"": [{""name"": ""Mary Williams"", ""party"": ""D""}, {""name"": ""Patricia Lopez"", ""party"": ""R""}]}",Synthetic state-leg row — replace via OpenStates / FTM pipeline,mock
WA-U-046,WA,upper,46,ocd-division/country:us/state:wa/sldu:46,WA SD-46,D,Robert Brown,D,2024,2.0,-19.4,Likely D,True,False,safe,49,25,89231.0,80308.0,149434.0,134491.0,80308.0,75846.0,134491.0,127019.0,75846.0,71385.0,127019.0,119548.0,77055.0,"{""office"": ""WA Senate District 46"", ""source"": ""mock"", ""candidates"": [{""name"": ""Robert Brown"", ""party"": ""D""}]}",Synthetic state-leg row — replace via OpenStates / FTM pipeline,mock
WA-U-047,WA,upper,47,ocd-division/country:us/state:wa/sldu:47,WA SD-47,D,Patricia Jones,D,2011,15.0,-21.6,Likely D,True,False,safe,49,25,131294.0,118165.0,203216.0,182894.0,118165.0,111600.0,182894.0,172733.0,111600.0,105035.0,172733.0,162572.0,97486.0,"{""office"": ""WA Senate District 47"", ""source"": ""mock"", ""candidates"": [{""name"": ""Patricia Jones"", ""party"": ""D""}]}",Synthetic state-leg row — replace via OpenStates / FTM pipeline,mock
WA-U-048,WA,upper,48,ocd-division/country:us/state:wa/sldu:48,WA SD-48,D,John Garcia,D,2009,17.0,-0.3,Toss-up,True,False,attack,49,25,445520.0,400968.0,511750.0,460575.0,400968.0,378692.0,460575.0,434987.0,378692.0,356416.0,434987.0,409400.0,570259.0,"{""office"": ""WA Senate District 48"", ""source"": ""mock"", ""candidates"": [{""name"": ""John Garcia"", ""party"": ""D""}, {""name"": ""Jennifer Hernandez"", ""party"": ""R""}]}",Synthetic state-leg row — replace via OpenStates / FTM pipeline,mock
WA-U-049,WA,upper,49,ocd-division/country:us/state:wa/sldu:49,WA SD-49,D,Jennifer Miller,D,2021,5.0,-21.1,Likely D,True,False,safe,49,25,266546.0,239892.0,201398.0,181258.0,239892.0,226564.0,181258.0,171188.0,226564.0,213237.0,171188.0,161118.0,139715.0,"{""office"": ""WA Senate District 49"", ""source"": ""mock"", ""candidates"": [{""name"": ""Jennifer Miller"", ""party"": ""D""}]}",Synthetic state-leg row — replace via OpenStates / FTM pipeline,mock
WI-U-001,WI,upper,1,ocd-division/country:us/state:wi/sldu:1,WI SD-1,D,Michael Davis,D,2012,14.0,4.4,Lean R,True,False,attack,33,17,234796.0,211317.0,355429.0,319886.0,211317.0,199577.0,319886.0,302115.0,199577.0,187837.0,302115.0,284343.0,317035.0,"{""office"": ""WI Senate District 1"", ""source"": ""mock"", ""candidates"": [{""name"": ""Michael Davis"", ""party"": ""D""}, {""name"": ""John Garcia"", ""party"": ""R""}]}",Synthetic state-leg row — replace via OpenStates / FTM pipeline,mock
WI-U-002,WI,upper,2,ocd-division/country:us/state:wi/sldu:2,WI SD-2,D,Linda Rodriguez,D,2019,7.0,-2.8,Lean D,True,False,attack,33,17,274892.0,247403.0,259725.0,233752.0,247403.0,233658.0,233752.0,220766.0,233658.0,219914.0,220766.0,207780.0,299386.0,"{""office"": ""WI Senate District 2"", ""source"": ""mock"", ""candidates"": [{""name"": ""Linda Rodriguez"", ""party"": ""D""}, {""name"": ""David Jones"", ""party"": ""R""}]}",Synthetic state-leg row — replace via OpenStates / FTM pipeline,mock
WI-U-003,WI,upper,3,ocd-division/country:us/state:wi/sldu:3,WI SD-3,R,David Martinez,R,2016,10.0,6.0,Lean R,True,False,defend,33,17,822553.0,740297.0,660252.0,594227.0,740297.0,699170.0,594227.0,561214.0,699170.0,658042.0,561214.0,528201.0,762585.0,"{""office"": ""WI Senate District 3"", ""source"": ""mock"", ""candidates"": [{""name"": ""David Martinez"", ""party"": ""R""}, {""name"": ""Patricia Wilson"", ""party"": ""D""}]}",Synthetic state-leg row — replace via OpenStates / FTM pipeline,mock
WI-U-004,WI,upper,4,ocd-division/country:us/state:wi/sldu:4,WI SD-4,R,Elizabeth Hernandez,R,2017,9.0,-4.5,Lean D,True,False,defend,33,17,637860.0,574074.0,541965.0,487768.0,574074.0,542181.0,487768.0,460670.0,542181.0,510288.0,460670.0,433572.0,632049.0,"{""office"": ""WI Senate District 4"", ""source"": ""mock"", ""candidates"": [{""name"": ""Elizabeth Hernandez"", ""party"": ""R""}, {""name"": ""Susan Brown"", ""party"": ""D""}]}",Synthetic state-leg row — replace via OpenStates / FTM pipeline,mock
WI-U-005,WI,upper,5,ocd-division/country:us/state:wi/sldu:5,WI SD-5,D,William Lopez,D,2009,17.0,-20.3,Likely D,True,False,safe,33,17,212976.0,191679.0,255556.0,230000.0,191679.0,181030.0,230000.0,217222.0,181030.0,170381.0,217222.0,204445.0,145245.0,"{""office"": ""WI Senate District 5"", ""source"": ""mock"", ""candidates"": [{""name"": ""William Lopez"", ""party"": ""D""}]}",Synthetic state-leg row — replace via OpenStates / FTM pipeline,mock
WI-U-006,WI,upper,6,ocd-division/country:us/state:wi/sldu:6,WI SD-6,R,Barbara Wilson,R,2017,9.0,10.6,Likely R,True,False,defend,33,17,482011.0,433810.0,431458.0,388312.0,433810.0,409710.0,388312.0,366740.0,409710.0,385609.0,366740.0,345167.0,409756.0,"{""office"": ""WI Senate District 6"", ""source"": ""mock"", ""candidates"": [{""name"": ""Barbara Wilson"", ""party"": ""R""}, {""name"": ""Patricia Thomas"", ""party"": ""D""}]}",Synthetic state-leg row — replace via OpenStates / FTM pipeline,mock
WI-U-007,WI,upper,7,ocd-division/country:us/state:wi/sldu:7,WI SD-7,D,Richard Anderson,D,2022,4.0,3.1,Lean R,True,False,attack,33,17,384211.0,345790.0,418180.0,376362.0,345790.0,326579.0,376362.0,355453.0,326579.0,307369.0,355453.0,334544.0,445900.0,"{""office"": ""WI Senate District 7"", ""source"": ""mock"", ""candidates"": [{""name"": ""Richard Anderson"", ""party"": ""D""}, {""name"": ""Barbara Rodriguez"", ""party"": ""R""}]}",Synthetic state-leg row — replace via OpenStates / FTM pipeline,mock
WI-U-008,WI,upper,8,ocd-division/country:us/state:wi/sldu:8,WI SD-8,R,Susan Thomas,R,2008,18.0,13.7,Likely R,True,False,defend,33,17,337311.0,303580.0,256980.0,231282.0,303580.0,286714.0,231282.0,218433.0,286714.0,269849.0,218433.0,205584.0,240263.0,"{""office"": ""WI Senate District 8"", ""source"": ""mock"", ""candidates"": [{""name"": ""Susan Thomas"", ""party"": ""R""}, {""name"": ""John Smith"", ""party"": ""D""}]}",Synthetic state-leg row — replace via OpenStates / FTM pipeline,mock
WI-U-009,WI,upper,9,ocd-division/country:us/state:wi/sldu:9,WI SD-9,R,Joseph Smith,R,2008,18.0,-1.5,Toss-up,False,False,defend,33,17,1182545.0,1064291.0,642951.0,578656.0,1064291.0,1005164.0,578656.0,546509.0,1005164.0,946036.0,546509.0,514361.0,1056180.0,"{""office"": ""WI Senate District 9"", ""source"": ""mock"", ""candidates"": [{""name"": ""Joseph Smith"", ""party"": ""R""}, {""name"": ""John Martinez"", ""party"": ""D""}]}",Synthetic state-leg row — replace via OpenStates / FTM pipeline,mock
WI-U-010,WI,upper,10,ocd-division/country:us/state:wi/sldu:10,WI SD-10,R,Jessica Johnson,R,2009,17.0,8.3,Likely R,True,False,defend,33,17,576155.0,518539.0,507107.0,456396.0,518539.0,489731.0,456396.0,431041.0,489731.0,460924.0,431041.0,405686.0,521513.0,"{""office"": ""WI Senate District 10"", ""source"": ""mock"", ""candidates"": [{""name"": ""Jessica Johnson"", ""party"": ""R""}, {""name"": ""Jennifer Williams"", ""party"": ""D""}]}",Synthetic state-leg row — replace via OpenStates / FTM pipeline,mock
WI-U-011,WI,upper,11,ocd-division/country:us/state:wi/sldu:11,WI SD-11,R,OPEN SEAT,,,0.0,3.8,Lean R,False,True,defend,33,17,630377.0,567340.0,325450.0,292905.0,567340.0,535821.0,292905.0,276633.0,535821.0,504302.0,276633.0,260360.0,521609.0,"{""office"": ""WI Senate District 11"", ""source"": ""mock"", ""candidates"": [{""name"": ""William Wilson"", ""party"": ""D""}]}",Synthetic state-leg row — replace via OpenStates / FTM pipeline,mock
WI-U-012,WI,upper,12,ocd-division/country:us/state:wi/sldu:12,WI SD-12,R,James Williams,R,2018,8.0,1.0,Toss-up,False,False,defend,33,17,861245.0,775120.0,653285.0,587957.0,775120.0,732058.0,587957.0,555292.0,732058.0,688996.0,555292.0,522628.0,887082.0,"{""office"": ""WI Senate District 12"", ""source"": ""mock"", ""candidates"": [{""name"": ""James Williams"", ""party"": ""R""}, {""name"": ""Richard Johnson"", ""party"": ""D""}]}",Synthetic state-leg row — replace via OpenStates / FTM pipeline,mock
WI-U-013,WI,upper,13,ocd-division/country:us/state:wi/sldu:13,WI SD-13,R,Mary Brown,R,2020,6.0,3.5,Lean R,True,False,defend,33,17,955105.0,859595.0,495575.0,446018.0,859595.0,811839.0,446018.0,421239.0,811839.0,764084.0,421239.0,396460.0,797874.0,"{""office"": ""WI Senate District 13"", ""source"": ""mock"", ""candidates"": [{""name"": ""Mary Brown"", ""party"": ""R""}, {""name"": ""Jennifer Jones"", ""party"": ""D""}]}",Synthetic state-leg row — replace via OpenStates / FTM pipeline,mock
WI-U-014,WI,upper,14,ocd-division/country:us/state:wi/sldu:14,WI SD-14,R,Robert Jones,R,2009,17.0,5.4,Lean R,True,False,defend,33,17,589033.0,530130.0,491329.0,442196.0,530130.0,500678.0,442196.0,417629.0,500678.0,471227.0,417629.0,393063.0,564875.0,"{""office"": ""WI Senate District 14"", ""source"": ""mock"", ""candidates"": [{""name"": ""Robert Jones"", ""party"": ""R""}, {""name"": ""John Johnson"", ""party"": ""D""}]}",Synthetic state-leg row — replace via OpenStates / FTM pipeline,mock
WI-U-015,WI,upper,15,ocd-division/country:us/state:wi/sldu:15,WI SD-15,D,OPEN SEAT,,,0.0,-6.4,Lean D,False,True,attack,33,17,701985.0,631787.0,892553.0,803297.0,631787.0,596688.0,803297.0,758670.0,596688.0,561588.0,758670.0,714042.0,810937.0,"{""office"": ""WI Senate District 15"", ""source"": ""mock"", ""candidates"": [{""name"": ""Robert Wilson"", ""party"": ""R""}]}",Synthetic state-leg row — replace via OpenStates / FTM pipeline,mock
WI-U-016,WI,upper,16,ocd-division/country:us/state:wi/sldu:16,WI SD-16,R,OPEN SEAT,,,0.0,-1.3,Toss-up,False,True,defend,33,17,781308.0,703178.0,645917.0,581325.0,703178.0,664112.0,581325.0,549029.0,664112.0,625047.0,549029.0,516733.0,829829.0,"{""office"": ""WI Senate District 16"", ""source"": ""mock"", ""candidates"": [{""name"": ""Mary Hernandez"", ""party"": ""D""}]}",Synthetic state-leg row — replace via OpenStates / FTM pipeline,mock
WI-U-017,WI,upper,17,ocd-division/country:us/state:wi/sldu:17,WI SD-17,D,Patricia Garcia,D,2018,8.0,-7.2,Likely D,True,False,attack,33,17,880603.0,792543.0,751967.0,676770.0,792543.0,748513.0,676770.0,639172.0,748513.0,704482.0,639172.0,601574.0,811621.0,"{""office"": ""WI Senate District 17"", ""source"": ""mock"", ""candidates"": [{""name"": ""Patricia Garcia"", ""party"": ""D""}, {""name"": ""Barbara Martinez"", ""party"": ""R""}]}",Synthetic state-leg row — replace via OpenStates / FTM pipeline,mock
WI-U-018,WI,upper,18,ocd-division/country:us/state:wi/sldu:18,WI SD-18,D,John Miller,D,2012,14.0,-5.8,Lean D,True,False,attack,33,17,667112.0,600401.0,1003355.0,903020.0,600401.0,567045.0,903020.0,852852.0,567045.0,533690.0,852852.0,802684.0,863870.0,"{""office"": ""WI Senate District 18"", ""source"": ""mock"", ""candidates"": [{""name"": ""John Miller"", ""party"": ""D""}, {""name"": ""Michael Smith"", ""party"": ""R""}]}",Synthetic state-leg row — replace via OpenStates / FTM pipeline,mock
WI-U-019,WI,upper,19,ocd-division/country:us/state:wi/sldu:19,WI SD-19,D,Jennifer Davis,D,2009,17.0,-8.6,Likely D,True,False,attack,33,17,510186.0,459167.0,654470.0,589023.0,459167.0,433658.0,589023.0,556299.0,433658.0,408149.0,556299.0,523576.0,555707.0,"{""office"": ""WI Senate District 19"", ""source"": ""mock"", ""candidates"": [{""name"": ""Jennifer Davis"", ""party"": ""D""}, {""name"": ""John Rodriguez"", ""party"": ""R""}]}",Synthetic state-leg row — replace via OpenStates / FTM pipeline,mock
WI-U-020,WI,upper,20,ocd-division/country:us/state:wi/sldu:20,WI SD-20,D,Michael Rodriguez,D,2011,15.0,-4.5,Lean D,True,False,attack,33,17,669654.0,602689.0,705729.0,635156.0,602689.0,569206.0,635156.0,599870.0,569206.0,535723.0,599870.0,564583.0,736813.0,"{""office"": ""WI Senate District 20"", ""source"": ""mock"", ""candidates"": [{""name"": ""Michael Rodriguez"", ""party"": ""D""}, {""name"": ""Jessica Wilson"", ""party"": ""R""}]}",Synthetic state-leg row — replace via OpenStates / FTM pipeline,mock
WI-U-021,WI,upper,21,ocd-division/country:us/state:wi/sldu:21,WI SD-21,D,Linda Martinez,D,2021,5.0,-3.6,Lean D,True,False,attack,33,17,476620.0,428958.0,653898.0,588508.0,428958.0,405127.0,588508.0,555814.0,405127.0,381296.0,555814.0,523119.0,620170.0,"{""office"": ""WI Senate District 21"", ""source"": ""mock"", ""candidates"": [{""name"": ""Linda Martinez"", ""party"": ""D""}, {""name"": ""Patricia Rodriguez"", ""party"": ""R""}]}",Synthetic state-leg row — replace via OpenStates / FTM pipeline,mock
WI-U-022,WI,upper,22,ocd-division/country:us/state:wi/sldu:22,WI SD-22,D,David Hernandez,D,2008,18.0,-20.0,Likely D,True,False,safe,33,17,146973.0,132276.0,195479.0,175931.0,132276.0,124927.0,175931.0,166157.0,124927.0,117579.0,166157.0,156383.0,107628.0,"{""office"": ""WI Senate District 22"", ""source"": ""mock"", ""candidates"": [{""name"": ""David Hernandez"", ""party"": ""D""}, {""name"": ""David Anderson"", ""party"": ""R""}]}",Synthetic state-leg row — replace via OpenStates / FTM pipeline,mock
WI-U-023,WI,upper,23,ocd-division/country:us/state:wi/sldu:23,WI SD-23,R,Elizabeth Lopez,R,2018,8.0,15.9,Likely R,True,False,safe,33,17,259040.0,233136.0,235198.0,211678.0,233136.0,220184.0,211678.0,199918.0,220184.0,207232.0,199918.0,188158.0,184280.0,"{""office"": ""WI Senate District 23"", ""source"": ""mock"", ""candidates"": [{""name"": ""Elizabeth Lopez"", ""party"": ""R""}]}",Synthetic state-leg row — replace via OpenStates / FTM pipeline,mock
WI-U-024,WI,upper,24,ocd-division/country:us/state:wi/sldu:24,WI SD-24,D,William Wilson,D,2015,11.0,-6.9,Lean D,True,False,attack,33,17,998195.0,898376.0,1118082.0,1006274.0,898376.0,848466.0,1006274.0,950370.0,848466.0,798556.0,950370.0,894465.0,1061162.0,"{""office"": ""WI Senate District 24"", ""source"": ""mock"", ""candidates"": [{""name"": ""William Wilson"", ""party"": ""D""}, {""name"": ""Michael Brown"", ""party"": ""R""}]}",Synthetic state-leg row — replace via OpenStates / FTM pipeline,mock
WI-U-025,WI,upper,25,ocd-division/country:us/state:wi/sldu:25,WI SD-25,D,Barbara Anderson,D,2022,4.0,0.0,Toss-up,True,False,attack,33,17,193641.0,174277.0,184936.0,166442.0,174277.0,164595.0,166442.0,157195.0,164595.0,154913.0,157195.0,147949.0,227146.0,"{""office"": ""WI Senate District 25"", ""source"": ""mock"", ""candidates"": [{""name"": ""Barbara Anderson"", ""party"": ""D""}, {""name"": ""Susan Johnson"", ""party"": ""R""}]}",Synthetic state-leg row — replace via OpenStates / FTM pipeline,mock
WI-U-026,WI,upper,26,ocd-division/country:us/state:wi/sldu:26,WI SD-26,R,Richard Thomas,R,2015,11.0,-3.6,Lean D,True,False,defend,33,17,943654.0,849288.0,615714.0,554143.0,849288.0,802106.0,554143.0,523357.0,802106.0,754923.0,523357.0,492571.0,855425.0,"{""office"": ""WI Senate District 26"", ""source"": ""mock"", ""candidates"": [{""name"": ""Richard Thomas"", ""party"": ""R""}, {""name"": ""Barbara Garcia"", ""party"": ""D""}]}",Synthetic state-leg row — replace via OpenStates / FTM pipeline,mock
WI-U-027,WI,upper,27,ocd-division/country:us/state:wi/sldu:27,WI SD-27,R,Susan Smith,R,2013,13.0,12.4,Likely R,True,False,defend,33,17,794857.0,715371.0,522756.0,470480.0,715371.0,675628.0,470480.0,444342.0,675628.0,635886.0,444342.0,418205.0,557162.0,"{""office"": ""WI Senate District 27"", ""source"": ""mock"", ""candidates"": [{""name"": ""Susan Smith"", ""party"": ""R""}, {""name"": ""William Hernandez"", ""party"": ""D""}]}",Synthetic state-leg row — replace via OpenStates / FTM pipeline,mock
WI-U-028,WI,upper,28,ocd-division/country:us/state:wi/sldu:28,WI SD-28,D,Joseph Johnson,D,2014,12.0,-14.4,Likely D,True,False,safe,33,17,396269.0,356643.0,494424.0,444981.0,356643.0,336829.0,444981.0,420260.0,336829.0,317016.0,420260.0,395539.0,351188.0,"{""office"": ""WI Senate District 28"", ""source"": ""mock"", ""candidates"": [{""name"": ""Joseph Johnson"", ""party"": ""D""}, {""name"": ""Mary Wilson"", ""party"": ""R""}]}",Synthetic state-leg row — replace via OpenStates / FTM pipeline,mock
WI-U-029,WI,upper,29,ocd-division/country:us/state:wi/sldu:29,WI SD-29,R,Jessica Williams,R,2013,13.0,15.2,Likely R,True,False,safe,33,17,744326.0,669893.0,590593.0,531534.0,669893.0,632677.0,531534.0,502004.0,632677.0,595461.0,502004.0,472474.0,511083.0,"{""office"": ""WI Senate District 29"", ""source"": ""mock"", ""candidates"": [{""name"": ""Jessica Williams"", ""party"": ""R""}]}",Synthetic state-leg row — replace via OpenStates / FTM pipeline,mock
WI-U-030,WI,upper,30,ocd-division/country:us/state:wi/sldu:30,WI SD-30,R,James Brown,R,2008,18.0,2.3,Lean R,True,False,defend,33,17,802300.0,722070.0,428088.0,385279.0,722070.0,681955.0,385279.0,363874.0,681955.0,641840.0,363874.0,342470.0,697806.0,"{""office"": ""WI Senate District 30"", ""source"": ""mock"", ""candidates"": [{""name"": ""James Brown"", ""party"": ""R""}, {""name"": ""Barbara Smith"", ""party"": ""D""}]}",Synthetic state-leg row — replace via OpenStates / FTM pipeline,mock
WI-U-031,WI,upper,31,ocd-division/country:us/state:wi/sldu:31,WI SD-31,D,Mary Jones,D,2021,5.0,0.5,Toss-up,True,False,attack,33,17,956048.0,860443.0,1330544.0,1197489.0,860443.0,812641.0,1197489.0,1130962.0,812641.0,764838.0,1130962.0,1064435.0,1355622.0,"{""office"": ""WI Senate District 31"", ""source"": ""mock"", ""candidates"": [{""name"": ""Mary Jones"", ""party"": ""D""}, {""name"": ""David Hernandez"", ""party"": ""R""}]}",Synthetic state-leg row — replace via OpenStates / FTM pipeline,mock
WI-U-032,WI,upper,32,ocd-division/country:us/state:wi/sldu:32,WI SD-32,R,Robert Garcia,R,2009,17.0,14.9,Likely R,True,False,safe,33,17,298269.0,268442.0,270365.0,243329.0,268442.0,253529.0,243329.0,229811.0,253529.0,238615.0,229811.0,216292.0,220143.0,"{""office"": ""WI Senate District 32"", ""source"": ""mock"", ""candidates"": [{""name"": ""Robert Garcia"", ""party"": ""R""}, {""name"": ""Michael Miller"", ""party"": ""D""}]}",Synthetic state-leg row — replace via OpenStates / FTM pipeline,mock
WI-U-033,WI,upper,33,ocd-division/country:us/state:wi/sldu:33,WI SD-33,D,Patricia Miller,D,2011,15.0,-12.9,Likely D,True,False,attack,33,17,126717.0,114045.0,161520.0,145368.0,114045.0,107709.0,145368.0,137292.0,107709.0,101373.0,137292.0,129216.0,119824.0,"{""office"": ""WI Senate District 33"", ""source"": ""mock"", ""candidates"": [{""name"": ""Patricia Miller"", ""party"": ""D""}, {""name"": ""John Williams"", ""party"": ""R""}]}",Synthetic state-leg row — replace via OpenStates / FTM pipeline,mock
WV-U-001,WV,upper,1,ocd-division/country:us/state:wv/sldu:1,WV SD-1,R,John Davis,R,2010,16.0,9.2,Likely R,False,False,defend,34,18,209222.0,188300.0,187044.0,168339.0,188300.0,177839.0,168339.0,158987.0,177839.0,167378.0,158987.0,149635.0,185679.0,"{""office"": ""WV Senate District 1"", ""source"": ""mock"", ""candidates"": [{""name"": ""John Davis"", ""party"": ""R""}, {""name"": ""Susan Thomas"", ""party"": ""D""}]}",Synthetic state-leg row — replace via OpenStates / FTM pipeline,mock
WV-U-002,WV,upper,2,ocd-division/country:us/state:wv/sldu:2,WV SD-2,R,Jennifer Rodriguez,R,2008,18.0,17.1,Likely R,True,False,safe,34,18,302719.0,272447.0,314462.0,283016.0,272447.0,257311.0,283016.0,267293.0,257311.0,242175.0,267293.0,251570.0,219540.0,"{""office"": ""WV Senate District 2"", ""source"": ""mock"", ""candidates"": [{""name"": ""Jennifer Rodriguez"", ""party"": ""R""}]}",Synthetic state-leg row — replace via OpenStates / FTM pipeline,mock
WV-U-003,WV,upper,3,ocd-division/country:us/state:wv/sldu:3,WV SD-3,R,Michael Martinez,R,2023,3.0,6.3,Lean R,True,False,defend,34,18,1100917.0,990826.0,643275.0,578947.0,990826.0,935780.0,578947.0,546784.0,935780.0,880734.0,546784.0,514620.0,889538.0,"{""office"": ""WV Senate District 3"", ""source"": ""mock"", ""candidates"": [{""name"": ""Michael Martinez"", ""party"": ""R""}, {""name"": ""Linda Johnson"", ""party"": ""D""}]}",Synthetic state-leg row — replace via OpenStates / FTM pipeline,mock
WV-U-004,WV,upper,4,ocd-division/country:us/state:wv/sldu:4,WV SD-4,R,Linda Hernandez,R,2018,8.0,11.4,Likely R,True,False,defend,34,18,237753.0,213978.0,200194.0,180174.0,213978.0,202090.0,180174.0,170165.0,202090.0,190202.0,170165.0,160155.0,191445.0,"{""office"": ""WV Senate District 4"", ""source"": ""mock"", ""candidates"": [{""name"": ""Linda Hernandez"", ""party"": ""R""}, {""name"": ""David Williams"", ""party"": ""D""}]}",Synthetic state-leg row — replace via OpenStates / FTM pipeline,mock
WV-U-005,WV,upper,5,ocd-division/country:us/state:wv/sldu:5,WV SD-5,R,David Lopez,R,2018,8.0,33.0,Likely R,False,False,safe,34,18,138505.0,124654.0,104060.0,93654.0,124654.0,117729.0,93654.0,88451.0,117729.0,110804.0,88451.0,83248.0,60156.0,"{""office"": ""WV Senate District 5"", ""source"": ""mock"", ""candidates"": [{""name"": ""David Lopez"", ""party"": ""R""}]}",Synthetic state-leg row — replace via OpenStates / FTM pipeline,mock
WV-U-006,WV,upper,6,ocd-division/country:us/state:wv/sldu:6,WV SD-6,R,Elizabeth Wilson,R,2021,5.0,18.7,Likely R,True,False,safe,34,18,175668.0,158101.0,126462.0,113815.0,158101.0,149318.0,113815.0,107492.0,149318.0,140534.0,107492.0,101169.0,100566.0,"{""office"": ""WV Senate District 6"", ""source"": ""mock"", ""candidates"": [{""name"": ""Elizabeth Wilson"", ""party"": ""R""}]}",Synthetic state-leg row — replace via OpenStates / FTM pipeline,mock
WV-U-007,WV,upper,7,ocd-division/country:us/state:wv/sldu:7,WV SD-7,R,William Anderson,R,2023,3.0,29.3,Likely R,True,False,safe,34,18,272379.0,245141.0,166505.0,149854.0,245141.0,231522.0,149854.0,141529.0,231522.0,217903.0,141529.0,133204.0,108843.0,"{""office"": ""WV Senate District 7"", ""source"": ""mock"", ""candidates"": [{""name"": ""William Anderson"", ""party"": ""R""}]}",Synthetic state-leg row — replace via OpenStates / FTM pipeline,mock
WV-U-008,WV,upper,8,ocd-division/country:us/state:wv/sldu:8,WV SD-8,R,Barbara Thomas,R,2012,14.0,22.6,Likely R,False,False,safe,34,18,288392.0,259553.0,243637.0,219273.0,259553.0,245133.0,219273.0,207092.0,245133.0,230713.0,207092.0,194910.0,147448.0,"{""office"": ""WV Senate District 8"", ""source"": ""mock"", ""candidates"": [{""name"": ""Barbara Thomas"", ""party"": ""R""}, {""name"": ""Joseph Jones"", ""party"": ""D""}]}",Synthetic state-leg row — replace via OpenStates / FTM pipeline,mock
WV-U-009,WV,upper,9,ocd-division/country:us/state:wv/sldu:9,WV SD-9,R,Richard Smith,R,2008,18.0,13.5,Likely R,True,False,defend,34,18,169502.0,152552.0,170337.0,153303.0,152552.0,144077.0,153303.0,144787.0,144077.0,135601.0,144787.0,136270.0,138363.0,"{""office"": ""WV Senate District 9"", ""source"": ""mock"", ""candidates"": [{""name"": ""Richard Smith"", ""party"": ""R""}, {""name"": ""Linda Johnson"", ""party"": ""D""}]}",Synthetic state-leg row — replace via OpenStates / FTM pipeline,mock
WV-U-010,WV,upper,10,ocd-division/country:us/state:wv/sldu:10,WV SD-10,R,OPEN SEAT,,,0.0,20.8,Likely R,False,True,safe,34,18,353322.0,317990.0,234152.0,210737.0,317990.0,300324.0,210737.0,199029.0,300324.0,282658.0,199029.0,187322.0,177921.0,"{""office"": ""WV Senate District 10"", ""source"": ""mock"", ""candidates"": []}",Synthetic state-leg row — replace via OpenStates / FTM pipeline,mock
WV-U-011,WV,upper,11,ocd-division/country:us/state:wv/sldu:11,WV SD-11,R,OPEN SEAT,,,0.0,2.5,Lean R,False,True,defend,34,18,282401.0,254161.0,205382.0,184843.0,254161.0,240041.0,184843.0,174574.0,240041.0,225921.0,174574.0,164305.0,275249.0,"{""office"": ""WV Senate District 11"", ""source"": ""mock"", ""candidates"": [{""name"": ""Jessica Wilson"", ""party"": ""D""}]}",Synthetic state-leg row — replace via OpenStates / FTM pipeline,mock
WV-U-012,WV,upper,12,ocd-division/country:us/state:wv/sldu:12,WV SD-12,R,Susan Johnson,R,2022,4.0,15.6,Likely R,True,False,safe,34,18,305448.0,274903.0,195308.0,175778.0,274903.0,259631.0,175778.0,166012.0,259631.0,244358.0,166012.0,156247.0,188857.0,"{""office"": ""WV Senate District 12"", ""source"": ""mock"", ""candidates"": [{""name"": ""Susan Johnson"", ""party"": ""R""}]}",Synthetic state-leg row — replace via OpenStates / FTM pipeline,mock
WV-U-013,WV,upper,13,ocd-division/country:us/state:wv/sldu:13,WV SD-13,R,Joseph Williams,R,2023,3.0,40.0,Likely R,True,False,safe,34,18,246653.0,221987.0,154127.0,138714.0,221987.0,209655.0,138714.0,131008.0,209655.0,197322.0,131008.0,123302.0,99393.0,"{""office"": ""WV Senate District 13"", ""source"": ""mock"", ""candidates"": [{""name"": ""Joseph Williams"", ""party"": ""R""}]}",Synthetic state-leg row — replace via OpenStates / FTM pipeline,mock
WV-U-014,WV,upper,14,ocd-division/country:us/state:wv/sldu:14,WV SD-14,R,Jessica Brown,R,2013,13.0,20.0,Likely R,True,False,safe,34,18,386610.0,347949.0,256468.0,230821.0,347949.0,328619.0,230821.0,217997.0,328619.0,309288.0,217997.0,205174.0,202110.0,"{""office"": ""WV Senate District 14"", ""source"": ""mock"", ""candidates"": [{""name"": ""Jessica Brown"", ""party"": ""R""}]}",Synthetic state-leg row — replace via OpenStates / FTM pipeline,mock
WV-U-015,WV,upper,15,ocd-division/country:us/state:wv/sldu:15,WV SD-15,R,James Jones,R,2009,17.0,25.0,Likely R,False,False,safe,34,18,210872.0,189785.0,194110.0,174699.0,189785.0,179241.0,174699.0,164993.0,179241.0,168698.0,164993.0,155288.0,100436.0,"{""office"": ""WV Senate District 15"", ""source"": ""mock"", ""candidates"": [{""name"": ""James Jones"", ""party"": ""R""}]}",Synthetic state-leg row — replace via OpenStates / FTM pipeline,mock
WV-U-016,WV,upper,16,ocd-division/country:us/state:wv/sldu:16,WV SD-16,R,Mary Garcia,R,2021,5.0,16.1,Likely R,True,False,safe,34,18,326603.0,293942.0,239191.0,215272.0,293942.0,277612.0,215272.0,203313.0,277612.0,261282.0,203313.0,191353.0,209344.0,"{""office"": ""WV Senate District 16"", ""source"": ""mock"", ""candidates"": [{""name"": ""Mary Garcia"", ""party"": ""R""}]}",Synthetic state-leg row — replace via OpenStates / FTM pipeline,mock
WV-U-017,WV,upper,17,ocd-division/country:us/state:wv/sldu:17,WV SD-17,R,Robert Miller,R,2020,6.0,23.6,Likely R,True,False,safe,34,18,203302.0,182972.0,144283.0,129855.0,182972.0,172807.0,129855.0,122641.0,172807.0,162642.0,122641.0,115426.0,91365.0,"{""office"": ""WV Senate District 17"", ""source"": ""mock"", ""candidates"": [{""name"": ""Robert Miller"", ""party"": ""R""}]}",Synthetic state-leg row — replace via OpenStates / FTM pipeline,mock
WV-U-018,WV,upper,18,ocd-division/country:us/state:wv/sldu:18,WV SD-18,R,Patricia Davis,R,2017,9.0,25.6,Likely R,True,False,safe,34,18,144726.0,130253.0,114336.0,102902.0,130253.0,123017.0,102902.0,97185.0,123017.0,115781.0,97185.0,91469.0,64247.0,"{""office"": ""WV Senate District 18"", ""source"": ""mock"", ""candidates"": [{""name"": ""Patricia Davis"", ""party"": ""R""}]}",Synthetic state-leg row — replace via OpenStates / FTM pipeline,mock
WV-U-019,WV,upper,19,ocd-division/country:us/state:wv/sldu:19,WV SD-19,R,John Rodriguez,R,2020,6.0,15.5,Likely R,True,False,safe,34,18,267411.0,240670.0,160763.0,144686.0,240670.0,227299.0,144686.0,136648.0,227299.0,213928.0,136648.0,128610.0,162094.0,"{""office"": ""WV Senate District 19"", ""source"": ""mock"", ""candidates"": [{""name"": ""John Rodriguez"", ""party"": ""R""}]}",Synthetic state-leg row — replace via OpenStates / FTM pipeline,mock
WV-U-020,WV,upper,20,ocd-division/country:us/state:wv/sldu:20,WV SD-20,R,Jennifer Martinez,R,2021,5.0,14.1,Likely R,True,False,safe,34,18,178880.0,160992.0,206263.0,185636.0,160992.0,152048.0,185636.0,175323.0,152048.0,143104.0,175323.0,165010.0,153507.0,"{""office"": ""WV Senate District 20"", ""source"": ""mock"", ""candidates"": [{""name"": ""Jennifer Martinez"", ""party"": ""R""}]}",Synthetic state-leg row — replace via OpenStates / FTM pipeline,mock
WV-U-021,WV,upper,21,ocd-division/country:us/state:wv/sldu:21,WV SD-21,R,Michael Hernandez,R,2010,16.0,40.0,Likely R,True,False,safe,34,18,194605.0,175144.0,124125.0,111713.0,175144.0,165414.0,111713.0,105506.0,165414.0,155684.0,105506.0,99300.0,79045.0,"{""office"": ""WV Senate District 21"", ""source"": ""mock"", ""candidates"": [{""name"": ""Michael Hernandez"", ""party"": ""R""}]}",Synthetic state-leg row — replace via OpenStates / FTM pipeline,mock
WV-U-022,WV,upper,22,ocd-division/country:us/state:wv/sldu:22,WV SD-22,R,Linda Lopez,R,2012,14.0,17.6,Likely R,False,False,safe,34,18,425663.0,383097.0,404374.0,363936.0,383097.0,361814.0,363936.0,343718.0,361814.0,340531.0,343718.0,323499.0,289327.0,"{""office"": ""WV Senate District 22"", ""source"": ""mock"", ""candidates"": [{""name"": ""Linda Lopez"", ""party"": ""R""}]}",Synthetic state-leg row — replace via OpenStates / FTM pipeline,mock
WV-U-023,WV,upper,23,ocd-division/country:us/state:wv/sldu:23,WV SD-23,R,David Wilson,R,2024,2.0,8.4,Likely R,True,False,defend,34,18,285147.0,256632.0,155918.0,140326.0,256632.0,242375.0,140326.0,132531.0,242375.0,228118.0,132531.0,124735.0,211711.0,"{""office"": ""WV Senate District 23"", ""source"": ""mock"", ""candidates"": [{""name"": ""David Wilson"", ""party"": ""R""}, {""name"": ""David Jones"", ""party"": ""D""}]}",Synthetic state-leg row — replace via OpenStates / FTM pipeline,mock
WV-U-024,WV,upper,24,ocd-division/country:us/state:wv/sldu:24,WV SD-24,R,Elizabeth Anderson,R,2016,10.0,10.2,Likely R,True,False,defend,34,18,248617.0,223755.0,215312.0,193780.0,223755.0,211325.0,193780.0,183015.0,211325.0,198894.0,183015.0,172249.0,210756.0,"{""office"": ""WV Senate District 24"", ""source"": ""mock"", ""candidates"": [{""name"": ""Elizabeth Anderson"", ""party"": ""R""}, {""name"": ""Elizabeth Johnson"", ""party"": ""D""}]}",Synthetic state-leg row — replace via OpenStates / FTM pipeline,mock
WV-U-025,WV,upper,25,ocd-division/country:us/state:wv/sldu:25,WV SD-25,R,William Thomas,R,2009,17.0,24.2,Likely R,True,False,safe,34,18,162260.0,146034.0,134932.0,121439.0,146034.0,137921.0,121439.0,114692.0,137921.0,129808.0,114692.0,107945.0,75572.0,"{""office"": ""WV Senate District 25"", ""source"": ""mock"", ""candidates"": [{""name"": ""William Thomas"", ""party"": ""R""}]}",Synthetic state-leg row — replace via OpenStates / FTM pipeline,mock
WV-U-026,WV,upper,26,ocd-division/country:us/state:wv/sldu:26,WV SD-26,R,OPEN SEAT,,,0.0,33.2,Likely R,False,True,safe,34,18,115181.0,103663.0,115722.0,104150.0,103663.0,97904.0,104150.0,98364.0,97904.0,92145.0,98364.0,92577.0,57264.0,"{""office"": ""WV Senate District 26"", ""source"": ""mock"", ""candidates"": [{""name"": ""David Miller"", ""party"": ""D""}]}",Synthetic state-leg row — replace via OpenStates / FTM pipeline,mock
WV-U-027,WV,upper,27,ocd-division/country:us/state:wv/sldu:27,WV SD-27,R,Barbara Smith,R,2019,7.0,14.8,Likely R,True,False,safe,34,18,463013.0,416712.0,391963.0,352766.0,416712.0,393561.0,352766.0,333168.0,393561.0,370410.0,333168.0,313570.0,332219.0,"{""office"": ""WV Senate District 27"", ""source"": ""mock"", ""candidates"": [{""name"": ""Barbara Smith"", ""party"": ""R""}]}",Synthetic state-leg row — replace via OpenStates / FTM pipeline,mock
WV-U-028,WV,upper,28,ocd-division/country:us/state:wv/sldu:28,WV SD-28,R,Richard Johnson,R,2024,2.0,20.2,Likely R,True,False,safe,34,18,266249.0,239624.0,272060.0,244854.0,239624.0,226312.0,244854.0,231251.0,226312.0,212999.0,231251.0,217648.0,167645.0,"{""office"": ""WV Senate District 28"", ""source"": ""mock"", ""candidates"": [{""name"": ""Richard Johnson"", ""party"": ""R""}, {""name"": ""Jessica Garcia"", ""party"": ""D""}]}",Synthetic state-leg row — replace via OpenStates / FTM pipeline,mock
WV-U-029,WV,upper,29,ocd-division/country:us/state:wv/sldu:29,WV SD-29,R,Susan Williams,R,2024,2.0,10.5,Likely R,True,False,defend,34,18,312223.0,281000.0,355680.0,320112.0,281000.0,265389.0,320112.0,302328.0,265389.0,249778.0,302328.0,284544.0,300556.0,"{""office"": ""WV Senate District 29"", ""source"": ""mock"", ""candidates"": [{""name"": ""Susan Williams"", ""party"": ""R""}, {""name"": ""Susan Davis"", ""party"": ""D""}]}",Synthetic state-leg row — replace via OpenStates / FTM pipeline,mock
WV-U-030,WV,upper,30,ocd-division/country:us/state:wv/sldu:30,WV SD-30,R,Joseph Brown,R,2008,18.0,23.8,Likely R,True,False,safe,34,18,135259.0,121733.0,121114.0,109003.0,121733.0,114970.0,109003.0,102947.0,114970.0,108207.0,102947.0,96891.0,66657.0,"{""office"": ""WV Senate District 30"", ""source"": ""mock"", ""candidates"": [{""name"": ""Joseph Brown"", ""party"": ""R""}]}",Synthetic state-leg row — replace via OpenStates / FTM pipeline,mock
WV-U-031,WV,upper,31,ocd-division/country:us/state:wv/sldu:31,WV SD-31,R,Jessica Jones,R,2019,7.0,30.5,Likely R,True,False,safe,34,18,175858.0,158272.0,139672.0,125705.0,158272.0,149479.0,125705.0,118721.0,149479.0,140686.0,118721.0,111738.0,78251.0,"{""office"": ""WV Senate District 31"", ""source"": ""mock"", ""candidates"": [{""name"": ""Jessica Jones"", ""party"": ""R""}]}",Synthetic state-leg row — replace via OpenStates / FTM pipeline,mock
WV-U-032,WV,upper,32,ocd-division/country:us/state:wv/sldu:32,WV SD-32,R,James Garcia,R,2022,4.0,22.7,Likely R,True,False,safe,34,18,220551.0,198496.0,144541.0,130087.0,198496.0,187469.0,130087.0,122860.0,187469.0,176441.0,122860.0,115633.0,100661.0,"{""office"": ""WV Senate District 32"", ""source"": ""mock"", ""candidates"": [{""name"": ""James Garcia"", ""party"": ""R""}]}",Synthetic state-leg row — replace via OpenStates / FTM pipeline,mock
WV-U-033,WV,upper,33,ocd-division/country:us/state:wv/sldu:33,WV SD-33,R,OPEN SEAT,,,0.0,14.6,Likely R,False,True,safe,34,18,494378.0,444940.0,503864.0,453477.0,444940.0,420221.0,453477.0,428284.0,420221.0,395502.0,428284.0,403091.0,390740.0,"{""office"": ""WV Senate District 33"", ""source"": ""mock"", ""candidates"": []}",Synthetic state-leg row — replace via OpenStates / FTM pipeline,mock
WV-U-034,WV,upper,34,ocd-division/country:us/state:wv/sldu:34,WV SD-34,R,Mary Miller,R,2018,8.0,22.1,Likely R,True,False,safe,34,18,223343.0,201009.0,173441.0,156096.0,201009.0,189842.0,156096.0,147424.0,189842.0,178675.0,147424.0,138752.0,112800.0,"{""office"": ""WV Senate District 34"", ""source"": ""mock"", ""candidates"": [{""name"": ""Mary Miller"", ""party"": ""R""}]}",Synthetic state-leg row — replace via OpenStates / FTM pipeline,mock
WY-U-001,WY,upper,1,ocd-division/country:us/state:wy/sldu:1,WY SD-1,R,Robert Davis,R,2022,4.0,15.0,Likely R,False,False,safe,31,16,151190.0,136071.0,166871.0,150184.0,136071.0,128511.0,150184.0,141840.0,128511.0,120952.0,141840.0,133497.0,122680.0,"{""office"": ""WY Senate District 1"", ""source"": ""mock"", ""candidates"": [{""name"": ""Robert Davis"", ""party"": ""R""}]}",Synthetic state-leg row — replace via OpenStates / FTM pipeline,mock
WY-U-002,WY,upper,2,ocd-division/country:us/state:wy/sldu:2,WY SD-2,R,Patricia Rodriguez,R,2009,17.0,14.2,Likely R,True,False,safe,31,16,211581.0,190423.0,242000.0,217800.0,190423.0,179843.0,217800.0,205700.0,179843.0,169264.0,205700.0,193600.0,180136.0,"{""office"": ""WY Senate District 2"", ""source"": ""mock"", ""candidates"": [{""name"": ""Patricia Rodriguez"", ""party"": ""R""}, {""name"": ""Barbara Brown"", ""party"": ""D""}]}",Synthetic state-leg row — replace via OpenStates / FTM pipeline,mock
WY-U-003,WY,upper,3,ocd-division/country:us/state:wy/sldu:3,WY SD-3,R,John Martinez,R,2021,5.0,13.7,Likely R,True,False,defend,31,16,405432.0,364889.0,280405.0,252364.0,364889.0,344617.0,252364.0,238344.0,344617.0,324346.0,238344.0,224324.0,277274.0,"{""office"": ""WY Senate District 3"", ""source"": ""mock"", ""candidates"": [{""name"": ""John Martinez"", ""party"": ""R""}, {""name"": ""John Hernandez"", ""party"": ""D""}]}",Synthetic state-leg row — replace via OpenStates / FTM pipeline,mock
WY-U-004,WY,upper,4,ocd-division/country:us/state:wy/sldu:4,WY SD-4,R,Jennifer Hernandez,R,2011,15.0,24.3,Likely R,True,False,safe,31,16,83884.0,75496.0,86532.0,77879.0,75496.0,71302.0,77879.0,73552.0,71302.0,67107.0,73552.0,69226.0,43091.0,"{""office"": ""WY Senate District 4"", ""source"": ""mock"", ""candidates"": [{""name"": ""Jennifer Hernandez"", ""party"": ""R""}]}",Synthetic state-leg row — replace via OpenStates / FTM pipeline,mock
WY-U-005,WY,upper,5,ocd-division/country:us/state:wy/sldu:5,WY SD-5,R,Michael Lopez,R,2017,9.0,20.8,Likely R,True,False,safe,31,16,118719.0,106847.0,123885.0,111497.0,106847.0,100911.0,111497.0,105302.0,100911.0,94975.0,105302.0,99108.0,73474.0,"{""office"": ""WY Senate District 5"", ""source"": ""mock"", ""candidates"": [{""name"": ""Michael Lopez"", ""party"": ""R""}]}",Synthetic state-leg row — replace via OpenStates / FTM pipeline,mock
WY-U-006,WY,upper,6,ocd-division/country:us/state:wy/sldu:6,WY SD-6,R,Linda Wilson,R,2021,5.0,27.9,Likely R,True,False,safe,31,16,134657.0,121192.0,134308.0,120877.0,121192.0,114459.0,120877.0,114162.0,114459.0,107726.0,114162.0,107447.0,66703.0,"{""office"": ""WY Senate District 6"", ""source"": ""mock"", ""candidates"": [{""name"": ""Linda Wilson"", ""party"": ""R""}, {""name"": ""James Martinez"", ""party"": ""D""}]}",Synthetic state-leg row — replace via OpenStates / FTM pipeline,mock
WY-U-007,WY,upper,7,ocd-division/country:us/state:wy/sldu:7,WY SD-7,R,David Anderson,R,2019,7.0,18.9,Likely R,True,False,safe,31,16,303982.0,273584.0,246148.0,221533.0,273584.0,258385.0,221533.0,209226.0,258385.0,243186.0,209226.0,196919.0,181543.0,"{""office"": ""WY Senate District 7"", ""source"": ""mock"", ""candidates"": [{""name"": ""David Anderson"", ""party"": ""R""}]}",Synthetic state-leg row — replace via OpenStates / FTM pipeline,mock
WY-U-008,WY,upper,8,ocd-division/country:us/state:wy/sldu:8,WY SD-8,R,Elizabeth Thomas,R,2018,8.0,20.1,Likely R,True,False,safe,31,16,427744.0,384970.0,282791.0,254512.0,384970.0,363582.0,254512.0,240372.0,363582.0,342195.0,240372.0,226233.0,222296.0,"{""office"": ""WY Senate District 8"", ""source"": ""mock"", ""candidates"": [{""name"": ""Elizabeth Thomas"", ""party"": ""R""}]}",Synthetic state-leg row — replace via OpenStates / FTM pipeline,mock
WY-U-009,WY,upper,9,ocd-division/country:us/state:wy/sldu:9,WY SD-9,R,William Smith,R,2011,15.0,25.5,Likely R,True,False,safe,31,16,135834.0,122250.0,141121.0,127009.0,122250.0,115459.0,127009.0,119953.0,115459.0,108667.0,119953.0,112897.0,68685.0,"{""office"": ""WY Senate District 9"", ""source"": ""mock"", ""candidates"": [{""name"": ""William Smith"", ""party"": ""R""}]}",Synthetic state-leg row — replace via OpenStates / FTM pipeline,mock
WY-U-010,WY,upper,10,ocd-division/country:us/state:wy/sldu:10,WY SD-10,R,Barbara Johnson,R,2023,3.0,31.4,Likely R,True,False,safe,31,16,164752.0,148277.0,106896.0,96207.0,148277.0,140040.0,96207.0,90862.0,140040.0,131802.0,90862.0,85517.0,67369.0,"{""office"": ""WY Senate District 10"", ""source"": ""mock"", ""candidates"": [{""name"": ""Barbara Johnson"", ""party"": ""R""}]}",Synthetic state-leg row — replace via OpenStates / FTM pipeline,mock
WY-U-011,WY,upper,11,ocd-division/country:us/state:wy/sldu:11,WY SD-11,R,Richard Williams,R,2023,3.0,3.8,Lean R,False,False,defend,31,16,925000.0,832500.0,830377.0,747340.0,832500.0,786250.0,747340.0,705821.0,786250.0,740000.0,705821.0,664302.0,957934.0,"{""office"": ""WY Senate District 11"", ""source"": ""mock"", ""candidates"": [{""name"": ""Richard Williams"", ""party"": ""R""}, {""name"": ""Jessica Garcia"", ""party"": ""D""}]}",Synthetic state-leg row — replace via OpenStates / FTM pipeline,mock
WY-U-012,WY,upper,12,ocd-division/country:us/state:wy/sldu:12,WY SD-12,R,Susan Brown,R,2017,9.0,16.2,Likely R,True,False,safe,31,16,290573.0,261516.0,206989.0,186290.0,261516.0,246987.0,186290.0,175941.0,246987.0,232458.0,175941.0,165591.0,183387.0,"{""office"": ""WY Senate District 12"", ""source"": ""mock"", ""candidates"": [{""name"": ""Susan Brown"", ""party"": ""R""}, {""name"": ""Joseph Wilson"", ""party"": ""D""}]}",Synthetic state-leg row — replace via OpenStates / FTM pipeline,mock
WY-U-013,WY,upper,13,ocd-division/country:us/state:wy/sldu:13,WY SD-13,R,OPEN SEAT,,,0.0,36.5,Likely R,False,True,safe,31,16,126765.0,114088.0,94767.0,85291.0,114088.0,107750.0,85291.0,80552.0,107750.0,101412.0,80552.0,75814.0,54940.0,"{""office"": ""WY Senate District 13"", ""source"": ""mock"", ""candidates"": [{""name"": ""Mary Rodriguez"", ""party"": ""D""}]}",Synthetic state-leg row — replace via OpenStates / FTM pipeline,mock
WY-U-014,WY,upper,14,ocd-division/country:us/state:wy/sldu:14,WY SD-14,R,Joseph Jones,R,2014,12.0,40.0,Likely R,True,False,safe,31,16,189020.0,170118.0,142666.0,128400.0,170118.0,160667.0,128400.0,121266.0,160667.0,151216.0,121266.0,114133.0,82258.0,"{""office"": ""WY Senate District 14"", ""source"": ""mock"", ""candidates"": [{""name"": ""Joseph Jones"", ""party"": ""R""}]}",Synthetic state-leg row — replace via OpenStates / FTM pipeline,mock
WY-U-015,WY,upper,15,ocd-division/country:us/state:wy/sldu:15,WY SD-15,R,Jessica Garcia,R,2015,11.0,5.6,Lean R,True,False,defend,31,16,795432.0,715889.0,761042.0,684938.0,715889.0,676117.0,684938.0,646886.0,676117.0,636346.0,646886.0,608834.0,809367.0,"{""office"": ""WY Senate District 15"", ""source"": ""mock"", ""candidates"": [{""name"": ""Jessica Garcia"", ""party"": ""R""}, {""name"": ""Michael Davis"", ""party"": ""D""}]}",Synthetic state-leg row — replace via OpenStates / FTM pipeline,mock
WY-U-016,WY,upper,16,ocd-division/country:us/state:wy/sldu:16,WY SD-16,R,James Miller,R,2017,9.0,6.1,Lean R,True,False,defend,31,16,784652.0,706187.0,799851.0,719866.0,706187.0,666954.0,719866.0,679874.0,666954.0,627722.0,679874.0,639881.0,812624.0,"{""office"": ""WY Senate District 16"", ""source"": ""mock"", ""candidates"": [{""name"": ""James Miller"", ""party"": ""R""}, {""name"": ""Elizabeth Lopez"", ""party"": ""D""}]}",Synthetic state-leg row — replace via OpenStates / FTM pipeline,mock
WY-U-017,WY,upper,17,ocd-division/country:us/state:wy/sldu:17,WY SD-17,R,Mary Davis,R,2014,12.0,40.0,Likely R,True,False,safe,31,16,151927.0,136734.0,166598.0,149938.0,136734.0,129138.0,149938.0,141608.0,129138.0,121542.0,141608.0,133278.0,78994.0,"{""office"": ""WY Senate District 17"", ""source"": ""mock"", ""candidates"": [{""name"": ""Mary Davis"", ""party"": ""R""}]}",Synthetic state-leg row — replace via OpenStates / FTM pipeline,mock
WY-U-018,WY,upper,18,ocd-division/country:us/state:wy/sldu:18,WY SD-18,R,Robert Rodriguez,R,2013,13.0,20.9,Likely R,True,False,safe,31,16,435021.0,391519.0,333291.0,299962.0,391519.0,369768.0,299962.0,283298.0,369768.0,348017.0,283298.0,266633.0,231591.0,"{""office"": ""WY Senate District 18"", ""source"": ""mock"", ""candidates"": [{""name"": ""Robert Rodriguez"", ""party"": ""R""}]}",Synthetic state-leg row — replace via OpenStates / FTM pipeline,mock
WY-U-019,WY,upper,19,ocd-division/country:us/state:wy/sldu:19,WY SD-19,R,Patricia Martinez,R,2013,13.0,21.4,Likely R,False,False,safe,31,16,268426.0,241584.0,280743.0,252669.0,241584.0,228162.0,252669.0,238632.0,228162.0,214741.0,238632.0,224595.0,161613.0,"{""office"": ""WY Senate District 19"", ""source"": ""mock"", ""candidates"": [{""name"": ""Patricia Martinez"", ""party"": ""R""}]}",Synthetic state-leg row — replace via OpenStates / FTM pipeline,mock
WY-U-020,WY,upper,20,ocd-division/country:us/state:wy/sldu:20,WY SD-20,R,John Hernandez,R,2021,5.0,20.8,Likely R,True,False,safe,31,16,251221.0,226099.0,263170.0,236853.0,226099.0,213538.0,236853.0,223695.0,213538.0,200977.0,223695.0,210536.0,155787.0,"{""office"": ""WY Senate District 20"", ""source"": ""mock"", ""candidates"": [{""name"": ""John Hernandez"", ""party"": ""R""}]}",Synthetic state-leg row — replace via OpenStates / FTM pipeline,mock
WY-U-021,WY,upper,21,ocd-division/country:us/state:wy/sldu:21,WY SD-21,R,Jennifer Lopez,R,2017,9.0,24.8,Likely R,True,False,safe,31,16,100253.0,90228.0,105303.0,94773.0,90228.0,85215.0,94773.0,89508.0,85215.0,80202.0,89508.0,84242.0,50978.0,"{""office"": ""WY Senate District 21"", ""source"": ""mock"", ""candidates"": [{""name"": ""Jennifer Lopez"", ""party"": ""R""}]}",Synthetic state-leg row — replace via OpenStates / FTM pipeline,mock
WY-U-022,WY,upper,22,ocd-division/country:us/state:wy/sldu:22,WY SD-22,R,Michael Wilson,R,2010,16.0,8.3,Likely R,False,False,defend,31,16,927092.0,834383.0,991855.0,892669.0,834383.0,788028.0,892669.0,843077.0,788028.0,741674.0,843077.0,793484.0,923836.0,"{""office"": ""WY Senate District 22"", ""source"": ""mock"", ""candidates"": [{""name"": ""Michael Wilson"", ""party"": ""R""}, {""name"": ""Richard Jones"", ""party"": ""D""}]}",Synthetic state-leg row — replace via OpenStates / FTM pipeline,mock
WY-U-023,WY,upper,23,ocd-division/country:us/state:wy/sldu:23,WY SD-23,R,Linda Anderson,R,2024,2.0,33.6,Likely R,True,False,safe,31,16,143925.0,129532.0,97666.0,87899.0,129532.0,122336.0,87899.0,83016.0,122336.0,115140.0,83016.0,78133.0,59915.0,"{""office"": ""WY Senate District 23"", ""source"": ""mock"", ""candidates"": [{""name"": ""Linda Anderson"", ""party"": ""R""}]}",Synthetic state-leg row — replace via OpenStates / FTM pipeline,mock
WY-U-024,WY,upper,24,ocd-division/country:us/state:wy/sldu:24,WY SD-24,R,David Thomas,R,2017,9.0,13.5,Likely R,True,False,defend,31,16,540368.0,486331.0,392897.0,353607.0,486331.0,459313.0,353607.0,333962.0,459313.0,432294.0,333962.0,314318.0,379972.0,"{""office"": ""WY Senate District 24"", ""source"": ""mock"", ""candidates"": [{""name"": ""David Thomas"", ""party"": ""R""}, {""name"": ""Elizabeth Martinez"", ""party"": ""D""}]}",Synthetic state-leg row — replace via OpenStates / FTM pipeline,mock
WY-U-025,WY,upper,25,ocd-division/country:us/state:wy/sldu:25,WY SD-25,R,Elizabeth Smith,R,2014,12.0,30.5,Likely R,True,False,safe,31,16,234999.0,211499.0,212531.0,191278.0,211499.0,199749.0,191278.0,180652.0,199749.0,187999.0,180652.0,170025.0,110988.0,"{""office"": ""WY Senate District 25"", ""source"": ""mock"", ""candidates"": [{""name"": ""Elizabeth Smith"", ""party"": ""R""}, {""name"": ""Mary Johnson"", ""party"": ""D""}]}",Synthetic state-leg row — replace via OpenStates / FTM pipeline,mock
WY-U-026,WY,upper,26,ocd-division/country:us/state:wy/sldu:26,WY SD-26,R,William Johnson,R,2024,2.0,33.5,Likely R,True,False,safe,31,16,212264.0,191038.0,176700.0,159030.0,191038.0,180425.0,159030.0,150195.0,180425.0,169811.0,150195.0,141360.0,96463.0,"{""office"": ""WY Senate District 26"", ""source"": ""mock"", ""candidates"": [{""name"": ""William Johnson"", ""party"": ""R""}]}",Synthetic state-leg row — replace via OpenStates / FTM pipeline,mock
WY-U-027,WY,upper,27,ocd-division/country:us/state:wy/sldu:27,WY SD-27,R,Barbara Williams,R,2014,12.0,26.6,Likely R,True,False,safe,31,16,89836.0,80852.0,104144.0,93730.0,80852.0,76360.0,93730.0,88523.0,76360.0,71869.0,88523.0,83315.0,48107.0,"{""office"": ""WY Senate District 27"", ""source"": ""mock"", ""candidates"": [{""name"": ""Barbara Williams"", ""party"": ""R""}]}",Synthetic state-leg row — replace via OpenStates / FTM pipeline,mock
WY-U-028,WY,upper,28,ocd-division/country:us/state:wy/sldu:28,WY SD-28,R,OPEN SEAT,,,0.0,33.9,Likely R,False,True,safe,31,16,171549.0,154394.0,152903.0,137612.0,154394.0,145817.0,137612.0,129967.0,145817.0,137239.0,129967.0,122322.0,80464.0,"{""office"": ""WY Senate District 28"", ""source"": ""mock"", ""candidates"": [{""name"": ""Joseph Williams"", ""party"": ""D""}]}",Synthetic state-leg row — replace via OpenStates / FTM pipeline,mock
WY-U-029,WY,upper,29,ocd-division/country:us/state:wy/sldu:29,WY SD-29,R,Richard Brown,R,2012,14.0,12.6,Likely R,False,False,defend,31,16,588435.0,529591.0,475555.0,428000.0,529591.0,500169.0,428000.0,404222.0,500169.0,470748.0,404222.0,380444.0,446876.0,"{""office"": ""WY Senate District 29"", ""source"": ""mock"", ""candidates"": [{""name"": ""Richard Brown"", ""party"": ""R""}, {""name"": ""Robert Smith"", ""party"": ""D""}]}",Synthetic state-leg row — replace via OpenStates / FTM pipeline,mock
WY-U-030,WY,upper,30,ocd-division/country:us/state:wy/sldu:30,WY SD-30,R,Susan Jones,R,2008,18.0,38.9,Likely R,True,False,safe,31,16,145602.0,131041.0,173077.0,155769.0,131041.0,123761.0,155769.0,147115.0,123761.0,116481.0,147115.0,138461.0,79032.0,"{""office"": ""WY Senate District 30"", ""source"": ""mock"", ""candidates"": [{""name"": ""Susan Jones"", ""party"": ""R""}]}",Synthetic state-leg row — replace via OpenStates / FTM pipeline,mock
WY-U-031,WY,upper,31,ocd-division/country:us/state:wy/sldu:31,WY SD-31,R,Joseph Garcia,R,2017,9.0,17.9,Likely R,True,False,safe,31,16,462933.0,416639.0,462735.0,416461.0,416639.0,393493.0,416461.0,393324.0,393493.0,370346.0,393324.0,370188.0,318694.0,"{""office"": ""WY Senate District 31"", ""source"": ""mock"", ""candidates"": [{""name"": ""Joseph Garcia"", ""party"": ""R""}]}",Synthetic state-leg row — replace via OpenStates / FTM pipeline,mock
