district_id,state,district_num,geoid,party_control,rep_name,rep_party,first_elected,tenure_years,pvi,cook_rating,baseline_win_prob_r,incumbent_running,is_open_seat,mode,fec_raised_r_2024,fec_spent_r_2024,fec_raised_d_2024,fec_spent_d_2024,fec_outside_2024,fec_raised_r_2022,fec_spent_r_2022,fec_raised_d_2022,fec_spent_d_2022,fec_raised_r_2026,fec_spent_r_2026,fec_raised_d_2026,fec_spent_d_2026,hist_cost_to_compete,incremental_cost,pop_total,vap,median_income,pct_white,pct_black,pct_hispanic,pct_asian,pct_ba_plus,pct_urban,civic_election_id,civic_candidates_json,notes,data_source_flags
AK-00,AK,0,0200,R,James Smith,R,2005,21.0,8.4,Likely R,,True,False,defend,4128582.0,3433085.0,2960314.0,2881157.0,2849804.0,4099815.0,3808844.0,1965817.0,1562366.0,1390046.0,260683.0,626745.0,754627.0,2888016.0,,780657,597232,80415.0,0.6521,0.1808,0.1079,0.0592,0.2169,0.5266,,"{""office"": ""U.S. Representative, District 00"", ""candidates"": [{""name"": ""James Smith"", ""party"": ""R""}, {""name"": ""Michael Walker"", ""party"": ""D""}], ""source"": ""mock""}",Synthetic mock row — replace via scripts/build_master_dataset.py,mock
AL-01,AL,1,0101,R,Mary Johnson,R,2005,21.0,13.5,Solid R,,True,False,safe,2803594.0,2531409.0,2518122.0,2297000.0,1671916.0,2000238.0,1711305.0,2354210.0,2073612.0,577313.0,236508.0,1050966.0,481789.0,1788097.0,,751042,573582,76179.0,0.4181,0.3453,0.2024,0.0343,0.334,0.6428,,"{""office"": ""U.S. Representative, District 01"", ""candidates"": [{""name"": ""Mary Johnson"", ""party"": ""R""}, {""name"": ""Ashley Young"", ""party"": ""D""}], ""source"": ""mock""}",Synthetic mock row — replace via scripts/build_master_dataset.py,mock
AL-02,AL,2,0102,R,Robert Williams,R,2020,6.0,0.5,Toss-up,,True,False,defend,3711819.0,2860740.0,2606754.0,2388159.0,2715714.0,2985283.0,2349694.0,2676359.0,2315693.0,782915.0,960975.0,856221.0,428306.0,3273021.0,,729513,542315,64309.0,0.7739,0.1499,0.0437,0.0325,0.339,0.6567,,"{""office"": ""U.S. Representative, District 02"", ""candidates"": [{""name"": ""Robert Williams"", ""party"": ""R""}, {""name"": ""Susan Smith"", ""party"": ""D""}], ""source"": ""mock""}",Synthetic mock row — replace via scripts/build_master_dataset.py,mock
AL-03,AL,3,0103,R,Patricia Brown,R,2024,2.0,10.6,Solid R,,True,False,defend,3951036.0,3741715.0,2998115.0,2771636.0,1982540.0,3752905.0,3187648.0,2197423.0,1965114.0,1515772.0,967822.0,550987.0,523897.0,2617050.0,,701394,572981,54900.0,0.4317,0.3406,0.1847,0.043,0.2793,0.692,,"{""office"": ""U.S. Representative, District 03"", ""candidates"": [{""name"": ""Patricia Brown"", ""party"": ""R""}, {""name"": ""Lisa Davis"", ""party"": ""D""}], ""source"": ""mock""}",Synthetic mock row — replace via scripts/build_master_dataset.py,mock
AL-04,AL,4,0104,R,John Jones,R,2017,9.0,15.8,Solid R,,True,False,safe,2637509.0,2140086.0,1709598.0,1412574.0,747518.0,2802511.0,2384796.0,1522449.0,1149404.0,1267367.0,840965.0,352347.0,369634.0,1320651.0,,708788,534913,77643.0,0.738,0.0313,0.1496,0.0811,0.4206,0.8155,,"{""office"": ""U.S. Representative, District 04"", ""candidates"": [{""name"": ""John Jones"", ""party"": ""R""}], ""source"": ""mock""}",Synthetic mock row — replace via scripts/build_master_dataset.py,mock
AL-05,AL,5,0105,D,Jennifer Garcia,D,2023,3.0,0.6,Toss-up,,True,False,attack,4167586.0,4076926.0,4124921.0,3939653.0,4813209.0,2578512.0,2462175.0,3619314.0,3458228.0,1490093.0,603378.0,1892534.0,1025036.0,4283909.0,,789924,598045,78929.0,0.3635,0.3983,0.2034,0.0349,0.3012,0.5443,,"{""office"": ""U.S. Representative, District 05"", ""candidates"": [{""name"": ""Jennifer Garcia"", ""party"": ""D""}, {""name"": ""Barbara Moore"", ""party"": ""R""}], ""source"": ""mock""}",Synthetic mock row — replace via scripts/build_master_dataset.py,mock
AL-06,AL,6,0106,R,Michael Miller,R,2011,15.0,22.9,Solid R,,True,False,safe,2864625.0,2228740.0,2096807.0,1816790.0,480469.0,2909188.0,2570724.0,1418788.0,1129282.0,1351100.0,758043.0,934324.0,187281.0,1128726.0,,724119,534346,83580.0,0.4137,0.412,0.1497,0.0247,0.2726,0.5763,,"{""office"": ""U.S. Representative, District 06"", ""candidates"": [{""name"": ""Michael Miller"", ""party"": ""R""}, {""name"": ""James Ramirez"", ""party"": ""D""}], ""source"": ""mock""}",Synthetic mock row — replace via scripts/build_master_dataset.py,mock
AL-07,AL,7,0107,R,Linda Davis,R,2014,12.0,10.1,Solid R,,True,False,defend,8136334.0,7654407.0,8042507.0,7505813.0,2421807.0,4982933.0,4345501.0,7058096.0,6277355.0,4044535.0,1878941.0,2533620.0,1304939.0,6206203.0,,776172,608051,105783.0,0.8158,0.0871,0.0544,0.0427,0.2176,0.7569,,"{""office"": ""U.S. Representative, District 07"", ""candidates"": [{""name"": ""Linda Davis"", ""party"": ""R""}, {""name"": ""Mark Jones"", ""party"": ""D""}], ""source"": ""mock""}",Synthetic mock row — replace via scripts/build_master_dataset.py,mock
AR-01,AR,1,0501,R,David Rodriguez,R,2009,17.0,24.0,Solid R,,True,False,safe,1842057.0,1455534.0,1747558.0,1332125.0,271916.0,1857318.0,1683778.0,1140525.0,958651.0,510612.0,370913.0,873783.0,533599.0,816638.0,,749006,544269,67585.0,0.7357,0.0451,0.1487,0.0704,0.4133,0.7541,,"{""office"": ""U.S. Representative, District 01"", ""candidates"": [{""name"": ""David Rodriguez"", ""party"": ""R""}, {""name"": ""Donald Williams"", ""party"": ""D""}], ""source"": ""mock""}",Synthetic mock row — replace via scripts/build_master_dataset.py,mock
AR-02,AR,2,0502,R,Elizabeth Martinez,R,2008,18.0,17.5,Solid R,,True,False,safe,3735607.0,2917311.0,2448156.0,2137964.0,915483.0,2939202.0,2784135.0,2110008.0,1807104.0,1135758.0,903528.0,628161.0,225060.0,1731454.0,,722420,527487,88694.0,0.7008,0.0291,0.1934,0.0767,0.3745,0.3474,,"{""office"": ""U.S. Representative, District 02"", ""candidates"": [{""name"": ""Elizabeth Martinez"", ""party"": ""R""}], ""source"": ""mock""}",Synthetic mock row — replace via scripts/build_master_dataset.py,mock
AR-03,AR,3,0503,R,William Hernandez,R,2019,7.0,0.9,Toss-up,,True,False,defend,8019240.0,7601962.0,5299472.0,4135621.0,6533191.0,8616103.0,6650529.0,5607763.0,5141840.0,1473915.0,2652620.0,1086197.0,1789441.0,6824508.0,,732574,562683,86904.0,0.7157,0.1123,0.0982,0.0738,0.2844,0.449,,"{""office"": ""U.S. Representative, District 03"", ""candidates"": [{""name"": ""William Hernandez"", ""party"": ""R""}, {""name"": ""Nancy Ramirez"", ""party"": ""D""}], ""source"": ""mock""}",Synthetic mock row — replace via scripts/build_master_dataset.py,mock
AR-04,AR,4,0504,R,Barbara Lopez,R,2024,2.0,10.9,Solid R,,True,False,defend,7598365.0,5852056.0,6748757.0,6082713.0,3216591.0,4920128.0,4566341.0,6128431.0,5542450.0,2153795.0,2427753.0,3070771.0,885170.0,5342869.0,,793364,584811,73297.0,0.6927,0.1176,0.1448,0.0449,0.3697,0.9179,,"{""office"": ""U.S. Representative, District 04"", ""candidates"": [{""name"": ""Barbara Lopez"", ""party"": ""R""}, {""name"": ""Ashley Jones"", ""party"": ""D""}], ""source"": ""mock""}",Synthetic mock row — replace via scripts/build_master_dataset.py,mock
AZ-01,AZ,1,0401,R,Richard Gonzalez,R,2019,7.0,-0.1,Toss-up,,True,False,defend,11749524.0,11042695.0,10441758.0,8540654.0,8293766.0,11633800.0,9908883.0,8767786.0,7184703.0,6078931.0,3341426.0,2028159.0,3645326.0,11619356.0,,739831,560522,113898.0,0.2224,0.1386,0.5602,0.0787,0.2954,0.2701,,"{""office"": ""U.S. Representative, District 01"", ""candidates"": [{""name"": ""Richard Gonzalez"", ""party"": ""R""}, {""name"": ""Patricia Jackson"", ""party"": ""D""}], ""source"": ""mock""}",Synthetic mock row — replace via scripts/build_master_dataset.py,mock
AZ-02,AZ,2,0402,D,Susan Wilson,D,2017,9.0,2.4,Tilt R,,True,False,attack,8132620.0,7597670.0,8301867.0,7997960.0,9821700.0,8527188.0,7764583.0,5101495.0,4809360.0,1350507.0,898936.0,1660120.0,1671658.0,8075907.0,,819883,610060,81381.0,0.5666,0.1559,0.2517,0.0258,0.2881,0.9443,,"{""office"": ""U.S. Representative, District 02"", ""candidates"": [{""name"": ""Susan Wilson"", ""party"": ""D""}, {""name"": ""Elizabeth Williams"", ""party"": ""R""}], ""source"": ""mock""}",Synthetic mock row — replace via scripts/build_master_dataset.py,mock
AZ-03,AZ,3,0403,R,Joseph Anderson,R,2013,13.0,12.8,Solid R,,True,False,safe,5558962.0,4982908.0,4447788.0,3921415.0,1092683.0,5308544.0,5136471.0,4848544.0,3972455.0,2119115.0,1444956.0,1822229.0,1477459.0,3460334.0,,710177,554757,39044.0,0.6421,0.128,0.2159,0.014,0.4314,0.8311,,"{""office"": ""U.S. Representative, District 03"", ""candidates"": [{""name"": ""Joseph Anderson"", ""party"": ""R""}], ""source"": ""mock""}",Synthetic mock row — replace via scripts/build_master_dataset.py,mock
AZ-04,AZ,4,0404,R,Jessica Thomas,R,2023,3.0,5.1,Lean R,,True,False,defend,3512778.0,3091693.0,2897553.0,2641005.0,3103873.0,2642847.0,2378720.0,2358468.0,1940381.0,1633347.0,754346.0,934656.0,689049.0,2907726.0,,751641,587105,38000.0,0.4422,0.0888,0.429,0.0399,0.1859,0.2133,,"{""office"": ""U.S. Representative, District 04"", ""candidates"": [{""name"": ""Jessica Thomas"", ""party"": ""R""}, {""name"": ""Patricia Thompson"", ""party"": ""D""}], ""source"": ""mock""}",Synthetic mock row — replace via scripts/build_master_dataset.py,mock
AZ-05,AZ,5,0405,R,Thomas Taylor,R,2015,11.0,22.8,Solid R,,True,False,safe,3174351.0,3006129.0,2469212.0,2063324.0,172764.0,3174145.0,2819254.0,1869750.0,1453777.0,939505.0,1071435.0,1353587.0,695408.0,1283911.0,,805232,647195,78598.0,0.552,0.0415,0.3904,0.0162,0.2857,0.5299,,"{""office"": ""U.S. Representative, District 05"", ""candidates"": [{""name"": ""Thomas Taylor"", ""party"": ""R""}, {""name"": ""Sarah King"", ""party"": ""D""}], ""source"": ""mock""}",Synthetic mock row — replace via scripts/build_master_dataset.py,mock
AZ-06,AZ,6,0406,D,Sarah Moore,D,2023,3.0,-2.5,Tilt D,,True,False,attack,2325755.0,1824915.0,3440386.0,2723455.0,3843781.0,1585875.0,1205692.0,2349623.0,1888054.0,620567.0,458311.0,1323097.0,681152.0,2825409.0,,773315,621459,68556.0,0.2139,0.1184,0.5931,0.0747,0.4885,0.5379,,"{""office"": ""U.S. Representative, District 06"", ""candidates"": [{""name"": ""Sarah Moore"", ""party"": ""D""}, {""name"": ""Karen Jackson"", ""party"": ""R""}], ""source"": ""mock""}",Synthetic mock row — replace via scripts/build_master_dataset.py,mock
AZ-07,AZ,7,0407,D,Christopher Jackson,D,2021,5.0,-4.3,Lean D,,True,False,attack,7472629.0,6517810.0,10006184.0,7746241.0,4894141.0,4700689.0,4517304.0,7837886.0,7015625.0,1651471.0,1133274.0,2267814.0,574825.0,8124152.0,,772886,598177,108631.0,0.4602,0.1661,0.3268,0.0469,0.3095,0.857,,"{""office"": ""U.S. Representative, District 07"", ""candidates"": [{""name"": ""Christopher Jackson"", ""party"": ""D""}, {""name"": ""Nancy Martin"", ""party"": ""R""}], ""source"": ""mock""}",Synthetic mock row — replace via scripts/build_master_dataset.py,mock
AZ-08,AZ,8,0408,D,Karen Martin,D,2015,11.0,-3.2,Tilt D,,True,False,attack,4933685.0,4800759.0,6221162.0,6074672.0,2690272.0,5382171.0,4944941.0,5662370.0,5223515.0,1423847.0,430025.0,1035069.0,1761851.0,5356558.0,,690950,530477,66712.0,0.2554,0.1784,0.5007,0.0655,0.1913,0.9428,,"{""office"": ""U.S. Representative, District 08"", ""candidates"": [{""name"": ""Karen Martin"", ""party"": ""D""}, {""name"": ""Kenneth Clark"", ""party"": ""R""}], ""source"": ""mock""}",Synthetic mock row — replace via scripts/build_master_dataset.py,mock
AZ-09,AZ,9,0409,D,Daniel Lee,D,2009,17.0,-2.2,Tilt D,,False,False,attack,7274371.0,5848181.0,11539054.0,10304796.0,12312737.0,7281863.0,5468934.0,12258523.0,10644870.0,3061892.0,428331.0,3583363.0,3677386.0,9297595.0,,743504,596482,76235.0,0.7055,0.0818,0.199,0.0138,0.1492,0.944,,"{""office"": ""U.S. Representative, District 09"", ""candidates"": [{""name"": ""Daniel Lee"", ""party"": ""D""}, {""name"": ""Jessica Johnson"", ""party"": ""R""}], ""source"": ""mock""}",Synthetic mock row — replace via scripts/build_master_dataset.py,mock
CA-01,CA,1,0601,D,Lisa Perez,D,2020,6.0,-10.5,Solid D,,True,False,attack,3605510.0,3197723.0,4317618.0,3627857.0,3300216.0,2658749.0,2297932.0,4504479.0,3517568.0,1067777.0,252927.0,996470.0,238767.0,2994943.0,,800934,591697,108948.0,0.4973,0.0802,0.2269,0.1956,0.3406,0.446,,"{""office"": ""U.S. Representative, District 01"", ""candidates"": [{""name"": ""Lisa Perez"", ""party"": ""D""}, {""name"": ""Andrew Lewis"", ""party"": ""R""}], ""source"": ""mock""}",Synthetic mock row — replace via scripts/build_master_dataset.py,mock
CA-02,CA,2,0602,D,Matthew Thompson,D,2022,4.0,-7.3,Likely D,,True,False,attack,6859209.0,6030223.0,7981170.0,7439681.0,6852385.0,7191870.0,6119050.0,5726877.0,4922475.0,3758028.0,1731122.0,3797883.0,2560090.0,6274513.0,,814697,613087,76903.0,0.1433,0.1109,0.5467,0.1992,0.2343,0.2796,,"{""office"": ""U.S. Representative, District 02"", ""candidates"": [{""name"": ""Matthew Thompson"", ""party"": ""D""}, {""name"": ""James Lopez"", ""party"": ""R""}], ""source"": ""mock""}",Synthetic mock row — replace via scripts/build_master_dataset.py,mock
CA-03,CA,3,0603,D,Nancy White,D,2012,14.0,-10.9,Solid D,,True,False,attack,6592148.0,5257994.0,8260222.0,6769057.0,3100149.0,4073429.0,3445389.0,8920108.0,6693488.0,1284336.0,2035849.0,1243107.0,1672284.0,5531022.0,,774879,565894,68380.0,0.7058,0.0623,0.2049,0.027,0.4536,0.6271,,"{""office"": ""U.S. Representative, District 03"", ""candidates"": [{""name"": ""Nancy White"", ""party"": ""D""}, {""name"": ""Emily Ramirez"", ""party"": ""R""}], ""source"": ""mock""}",Synthetic mock row — replace via scripts/build_master_dataset.py,mock
CA-04,CA,4,0604,D,Anthony Harris,D,2013,13.0,-9.7,Likely D,,True,False,attack,3172274.0,2402031.0,3963872.0,3073764.0,2473837.0,2664494.0,2146455.0,3732498.0,3288027.0,1224746.0,967006.0,602099.0,1212988.0,2777388.0,,799356,593781,80061.0,0.4825,0.1773,0.3175,0.0227,0.327,0.6828,,"{""office"": ""U.S. Representative, District 04"", ""candidates"": [{""name"": ""Anthony Harris"", ""party"": ""D""}, {""name"": ""Donna Davis"", ""party"": ""R""}], ""source"": ""mock""}",Synthetic mock row — replace via scripts/build_master_dataset.py,mock
CA-05,CA,5,0605,D,Betty Sanchez,D,2010,16.0,-11.1,Solid D,,True,False,attack,6192517.0,5677251.0,8500225.0,7759524.0,4786559.0,6764239.0,5566598.0,6636704.0,6336091.0,2399800.0,543752.0,1763690.0,2192451.0,5430437.0,,723054,579394,83437.0,0.3797,0.1529,0.308,0.1594,0.4088,0.9847,,"{""office"": ""U.S. Representative, District 05"", ""candidates"": [{""name"": ""Betty Sanchez"", ""party"": ""D""}, {""name"": ""Donald Miller"", ""party"": ""R""}], ""source"": ""mock""}",Synthetic mock row — replace via scripts/build_master_dataset.py,mock
CA-06,CA,6,0606,D,Mark Clark,D,2023,3.0,-8.3,Likely D,,True,False,attack,8058216.0,6513801.0,8581474.0,7641606.0,5632964.0,8450257.0,7107665.0,8926365.0,8085972.0,3548096.0,1773463.0,3890573.0,2960824.0,6802305.0,,692155,535464,81202.0,0.4749,0.0675,0.4342,0.0234,0.367,0.15,,"{""office"": ""U.S. Representative, District 06"", ""candidates"": [{""name"": ""Mark Clark"", ""party"": ""D""}, {""name"": ""Kimberly Wright"", ""party"": ""R""}], ""source"": ""mock""}",Synthetic mock row — replace via scripts/build_master_dataset.py,mock
CA-07,CA,7,0607,D,OPEN SEAT,,,0.0,-8.3,Likely D,,False,True,attack,6729468.0,6178737.0,8320776.0,7738994.0,4936146.0,4354208.0,3370425.0,8693782.0,8327894.0,3339357.0,1947705.0,1580490.0,926262.0,6152540.0,,775463,611265,51083.0,0.5228,0.1796,0.243,0.0546,0.12,0.2067,,"{""office"": ""U.S. Representative, District 07"", ""candidates"": [{""name"": ""Jessica Brown"", ""party"": ""R""}], ""source"": ""mock""}",Synthetic mock row — replace via scripts/build_master_dataset.py,mock
CA-08,CA,8,0608,D,Margaret Ramirez,D,2019,7.0,-12.2,Solid D,,True,False,safe,5799222.0,4674331.0,6223708.0,4809387.0,3567358.0,4404894.0,4196270.0,5628539.0,4581440.0,1338665.0,613151.0,2233097.0,1185772.0,4258522.0,,764281,581552,72560.0,0.2826,0.1752,0.4159,0.1262,0.3534,0.5597,,"{""office"": ""U.S. Representative, District 08"", ""candidates"": [{""name"": ""Margaret Ramirez"", ""party"": ""D""}], ""source"": ""mock""}",Synthetic mock row — replace via scripts/build_master_dataset.py,mock
CA-09,CA,9,0609,D,OPEN SEAT,,,0.0,-12.4,Solid D,,False,True,safe,4663326.0,3601510.0,5409217.0,5109185.0,2340062.0,3953350.0,3458169.0,3544909.0,2793465.0,1171904.0,457443.0,2654699.0,1218525.0,3539492.0,,765528,570504,89058.0,0.296,0.1538,0.3122,0.238,0.1867,0.3268,,"{""office"": ""U.S. Representative, District 09"", ""candidates"": [], ""source"": ""mock""}",Synthetic mock row — replace via scripts/build_master_dataset.py,mock
CA-10,CA,10,0610,D,Donald Lewis,D,2021,5.0,-18.9,Solid D,,True,False,safe,3339101.0,2912015.0,3439699.0,2776296.0,447939.0,3575407.0,2814161.0,2271328.0,2194567.0,1686899.0,945659.0,1228195.0,678248.0,1765199.0,,742631,601243,79147.0,0.4917,0.0643,0.224,0.2199,0.3867,0.2867,,"{""office"": ""U.S. Representative, District 10"", ""candidates"": [{""name"": ""Donald Lewis"", ""party"": ""D""}], ""source"": ""mock""}",Synthetic mock row — replace via scripts/build_master_dataset.py,mock
CA-11,CA,11,0611,D,Sandra Robinson,D,2011,15.0,-13.4,Solid D,,True,False,safe,2721287.0,2553141.0,2960753.0,2725585.0,1018161.0,2929745.0,2300324.0,2018607.0,1941402.0,779798.0,176971.0,849622.0,853695.0,1917120.0,,707128,548336,75809.0,0.6561,0.0622,0.264,0.0177,0.4264,0.6717,,"{""office"": ""U.S. Representative, District 11"", ""candidates"": [{""name"": ""Sandra Robinson"", ""party"": ""D""}, {""name"": ""Kimberly Flores"", ""party"": ""R""}], ""source"": ""mock""}",Synthetic mock row — replace via scripts/build_master_dataset.py,mock
CA-12,CA,12,0612,R,Steven Walker,R,2021,5.0,5.9,Lean R,,True,False,defend,10497276.0,9320846.0,8780367.0,7540055.0,10729053.0,6310484.0,5230281.0,9629290.0,7614497.0,4421848.0,3189096.0,1458432.0,1623400.0,8528429.0,,717554,536794,70089.0,0.6526,0.0961,0.2091,0.0422,0.3468,0.924,,"{""office"": ""U.S. Representative, District 12"", ""candidates"": [{""name"": ""Steven Walker"", ""party"": ""R""}, {""name"": ""Richard Clark"", ""party"": ""D""}], ""source"": ""mock""}",Synthetic mock row — replace via scripts/build_master_dataset.py,mock
CA-13,CA,13,0613,D,Ashley Young,D,2013,13.0,-9.4,Likely D,,False,False,attack,5140441.0,4644505.0,8516032.0,7670979.0,4350566.0,4025828.0,3037673.0,8254210.0,6810596.0,1177798.0,1457035.0,4209067.0,1056023.0,5372457.0,,759083,577141,86828.0,0.2921,0.146,0.4191,0.1428,0.3129,0.3576,,"{""office"": ""U.S. Representative, District 13"", ""candidates"": [{""name"": ""Ashley Young"", ""party"": ""D""}, {""name"": ""Kimberly Brown"", ""party"": ""R""}], ""source"": ""mock""}",Synthetic mock row — replace via scripts/build_master_dataset.py,mock
CA-14,CA,14,0614,D,Paul Allen,D,2020,6.0,-20.2,Solid D,,True,False,safe,1935553.0,1723324.0,2725458.0,2322382.0,578935.0,1357328.0,1284597.0,2373982.0,1956421.0,711934.0,381202.0,1098035.0,409455.0,1128897.0,,708025,559438,90820.0,0.2345,0.1248,0.5651,0.0756,0.4625,0.5809,,"{""office"": ""U.S. Representative, District 14"", ""candidates"": [{""name"": ""Paul Allen"", ""party"": ""D""}], ""source"": ""mock""}",Synthetic mock row — replace via scripts/build_master_dataset.py,mock
CA-15,CA,15,0615,D,Kimberly King,D,2010,16.0,-18.9,Solid D,,False,False,safe,3803017.0,3549840.0,4956828.0,4674338.0,377646.0,3731881.0,3463549.0,4165241.0,3234776.0,1163818.0,1329469.0,1125380.0,476793.0,2281064.0,,799631,612233,80005.0,0.5112,0.1277,0.2788,0.0824,0.3016,0.6432,,"{""office"": ""U.S. Representative, District 15"", ""candidates"": [{""name"": ""Kimberly King"", ""party"": ""D""}, {""name"": ""Mary Wilson"", ""party"": ""R""}], ""source"": ""mock""}",Synthetic mock row — replace via scripts/build_master_dataset.py,mock
CA-16,CA,16,0616,R,Andrew Wright,R,2023,3.0,-1.4,Toss-up,,True,False,defend,10542839.0,9025493.0,10350471.0,8774081.0,2658208.0,9823043.0,8886130.0,6789106.0,5643564.0,4902268.0,3159014.0,4952621.0,1811330.0,10559479.0,,707939,568654,86309.0,0.4994,0.0924,0.2582,0.15,0.3416,0.5281,,"{""office"": ""U.S. Representative, District 16"", ""candidates"": [{""name"": ""Andrew Wright"", ""party"": ""R""}, {""name"": ""Richard Gonzalez"", ""party"": ""D""}], ""source"": ""mock""}",Synthetic mock row — replace via scripts/build_master_dataset.py,mock
CA-17,CA,17,0617,D,Emily Scott,D,2007,19.0,-5.3,Lean D,,True,False,attack,7153041.0,6718985.0,12431120.0,10864259.0,9781568.0,4635511.0,3575527.0,8412919.0,7073000.0,3183955.0,910121.0,5605584.0,2501807.0,8828540.0,,753863,583025,67755.0,0.7447,0.0298,0.2149,0.0106,0.2979,0.6329,,"{""office"": ""U.S. Representative, District 17"", ""candidates"": [{""name"": ""Emily Scott"", ""party"": ""D""}, {""name"": ""Robert Wright"", ""party"": ""R""}], ""source"": ""mock""}",Synthetic mock row — replace via scripts/build_master_dataset.py,mock
CA-18,CA,18,0618,D,Joshua Torres,D,2012,14.0,-12.0,Solid D,,True,False,safe,3109225.0,2801091.0,3098635.0,2530002.0,1996384.0,1999204.0,1759853.0,2132312.0,1869417.0,1496839.0,818223.0,497737.0,200908.0,2216206.0,,718494,529914,61893.0,0.1603,0.0862,0.4986,0.2549,0.4037,0.37,,"{""office"": ""U.S. Representative, District 18"", ""candidates"": [{""name"": ""Joshua Torres"", ""party"": ""D""}, {""name"": ""Anthony Rodriguez"", ""party"": ""R""}], ""source"": ""mock""}",Synthetic mock row — replace via scripts/build_master_dataset.py,mock
CA-19,CA,19,0619,D,Donna Nguyen,D,2010,16.0,-21.2,Solid D,,True,False,safe,2552566.0,2193933.0,2993174.0,2888936.0,111964.0,2023380.0,1617674.0,2201026.0,1947308.0,582482.0,647990.0,705302.0,238697.0,1265538.0,,744425,574838,71809.0,0.4067,0.113,0.3037,0.1766,0.1548,0.4509,,"{""office"": ""U.S. Representative, District 19"", ""candidates"": [{""name"": ""Donna Nguyen"", ""party"": ""D""}], ""source"": ""mock""}",Synthetic mock row — replace via scripts/build_master_dataset.py,mock
CA-20,CA,20,0620,D,Kenneth Hill,D,2005,21.0,-22.6,Solid D,,True,False,safe,2201462.0,2066196.0,2898507.0,2524582.0,626037.0,1381715.0,1050325.0,2257023.0,1901070.0,615473.0,736595.0,1103590.0,845950.0,1160243.0,,707509,528141,38000.0,0.2621,0.0572,0.4392,0.2415,0.1546,0.6081,,"{""office"": ""U.S. Representative, District 20"", ""candidates"": [{""name"": ""Kenneth Hill"", ""party"": ""D""}], ""source"": ""mock""}",Synthetic mock row — replace via scripts/build_master_dataset.py,mock
CA-21,CA,21,0621,D,Michelle Flores,D,2015,11.0,-16.4,Solid D,,True,False,safe,4231673.0,3494221.0,5514910.0,4708303.0,1687444.0,3776245.0,3233289.0,3662045.0,3301382.0,1573165.0,618733.0,1589906.0,902117.0,2879140.0,,754177,567222,102305.0,0.4645,0.0387,0.2662,0.2306,0.2563,0.8641,,"{""office"": ""U.S. Representative, District 21"", ""candidates"": [{""name"": ""Michelle Flores"", ""party"": ""D""}], ""source"": ""mock""}",Synthetic mock row — replace via scripts/build_master_dataset.py,mock
CA-22,CA,22,0622,D,James Smith,D,2022,4.0,1.9,Tilt R,,True,False,attack,7726565.0,7116134.0,8191556.0,7749158.0,6441777.0,7830062.0,6711336.0,8713787.0,6546310.0,3590225.0,1152918.0,4108110.0,1326362.0,7933591.0,,717890,559767,78715.0,0.2756,0.0297,0.447,0.2477,0.2452,0.3317,,"{""office"": ""U.S. Representative, District 22"", ""candidates"": [{""name"": ""James Smith"", ""party"": ""D""}, {""name"": ""Patricia Johnson"", ""party"": ""R""}], ""source"": ""mock""}",Synthetic mock row — replace via scripts/build_master_dataset.py,mock
CA-23,CA,23,0623,D,Mary Johnson,D,2013,13.0,-5.4,Lean D,,True,False,attack,5744718.0,4860333.0,8691511.0,6755319.0,6440180.0,6214578.0,5858327.0,8933318.0,7284329.0,1559798.0,1794077.0,1387062.0,1791644.0,6487641.0,,790738,584166,83057.0,0.3221,0.1648,0.4106,0.1025,0.4105,0.8553,,"{""office"": ""U.S. Representative, District 23"", ""candidates"": [{""name"": ""Mary Johnson"", ""party"": ""D""}, {""name"": ""Donna Anderson"", ""party"": ""R""}], ""source"": ""mock""}",Synthetic mock row — replace via scripts/build_master_dataset.py,mock
CA-24,CA,24,0624,D,Robert Williams,D,2017,9.0,-23.9,Solid D,,True,False,safe,1838690.0,1647234.0,1853721.0,1573209.0,235545.0,1527700.0,1158389.0,1596286.0,1393491.0,1006530.0,620764.0,308014.0,485191.0,840023.0,,776882,576005,87778.0,0.6157,0.0515,0.2378,0.095,0.3524,0.6206,,"{""office"": ""U.S. Representative, District 24"", ""candidates"": [{""name"": ""Robert Williams"", ""party"": ""D""}], ""source"": ""mock""}",Synthetic mock row — replace via scripts/build_master_dataset.py,mock
CA-25,CA,25,0625,D,Patricia Brown,D,2010,16.0,-4.7,Lean D,,True,False,attack,6929031.0,6578975.0,8722724.0,7962139.0,9995496.0,7049277.0,6869213.0,5912950.0,5580025.0,3654045.0,610313.0,4084986.0,1864070.0,7187286.0,,811663,627813,88494.0,0.229,0.1162,0.5442,0.1105,0.12,0.7062,,"{""office"": ""U.S. Representative, District 25"", ""candidates"": [{""name"": ""Patricia Brown"", ""party"": ""D""}, {""name"": ""Linda Brown"", ""party"": ""R""}], ""source"": ""mock""}",Synthetic mock row — replace via scripts/build_master_dataset.py,mock
CA-26,CA,26,0626,D,John Jones,D,2013,13.0,-10.6,Solid D,,False,False,attack,4287571.0,4138881.0,5390361.0,5254278.0,1500006.0,3347733.0,2548619.0,4289398.0,3368586.0,751746.0,465361.0,2034473.0,1745047.0,3644709.0,,781628,569787,98593.0,0.4909,0.1567,0.2258,0.1267,0.2549,0.368,,"{""office"": ""U.S. Representative, District 26"", ""candidates"": [{""name"": ""John Jones"", ""party"": ""D""}, {""name"": ""Jessica Lee"", ""party"": ""R""}], ""source"": ""mock""}",Synthetic mock row — replace via scripts/build_master_dataset.py,mock
CA-27,CA,27,0627,D,Jennifer Garcia,D,2014,12.0,-6.8,Likely D,,True,False,attack,6966128.0,6381242.0,9281606.0,7321709.0,7382875.0,5391438.0,4276584.0,5989323.0,4639820.0,2431590.0,1434081.0,3278979.0,1679973.0,6983276.0,,794075,589674,68231.0,0.3423,0.1835,0.3663,0.1079,0.3669,0.9408,,"{""office"": ""U.S. Representative, District 27"", ""candidates"": [{""name"": ""Jennifer Garcia"", ""party"": ""D""}, {""name"": ""Paul Martinez"", ""party"": ""R""}], ""source"": ""mock""}",Synthetic mock row — replace via scripts/build_master_dataset.py,mock
CA-28,CA,28,0628,D,Michael Miller,D,2023,3.0,-35.0,Solid D,,True,False,safe,1410779.0,1170897.0,1568723.0,1415587.0,257657.0,1296230.0,1258555.0,981106.0,819527.0,451495.0,414257.0,552669.0,425080.0,677837.0,,744829,609373,81178.0,0.3433,0.1674,0.3621,0.1271,0.3074,0.6121,,"{""office"": ""U.S. Representative, District 28"", ""candidates"": [{""name"": ""Michael Miller"", ""party"": ""D""}], ""source"": ""mock""}",Synthetic mock row — replace via scripts/build_master_dataset.py,mock
CA-29,CA,29,0629,D,Linda Davis,D,2011,15.0,-22.9,Solid D,,True,False,safe,1605719.0,1258736.0,2173270.0,1766627.0,162033.0,1681741.0,1310536.0,1600164.0,1402632.0,693689.0,113973.0,744235.0,618650.0,859720.0,,707050,516904,82140.0,0.3394,0.0464,0.5545,0.0597,0.3338,0.8728,,"{""office"": ""U.S. Representative, District 29"", ""candidates"": [{""name"": ""Linda Davis"", ""party"": ""D""}], ""source"": ""mock""}",Synthetic mock row — replace via scripts/build_master_dataset.py,mock
CA-30,CA,30,0630,D,David Rodriguez,D,2013,13.0,-21.2,Solid D,,True,False,safe,1500959.0,1347695.0,1790652.0,1700134.0,425915.0,1251413.0,1115145.0,1425413.0,1360770.0,770657.0,431429.0,598745.0,133128.0,751146.0,,796672,592797,81866.0,0.3789,0.0722,0.4713,0.0776,0.4275,0.15,,"{""office"": ""U.S. Representative, District 30"", ""candidates"": [{""name"": ""David Rodriguez"", ""party"": ""D""}], ""source"": ""mock""}",Synthetic mock row — replace via scripts/build_master_dataset.py,mock
CA-31,CA,31,0631,D,Elizabeth Martinez,D,2014,12.0,-13.4,Solid D,,True,False,safe,4134148.0,3382349.0,5946365.0,4692003.0,1003056.0,2705091.0,2064870.0,4237313.0,4103149.0,1286348.0,1241221.0,2512528.0,639688.0,3401165.0,,742957,593845,87119.0,0.0531,0.1901,0.5239,0.2329,0.3484,0.6979,,"{""office"": ""U.S. Representative, District 31"", ""candidates"": [{""name"": ""Elizabeth Martinez"", ""party"": ""D""}], ""source"": ""mock""}",Synthetic mock row — replace via scripts/build_master_dataset.py,mock
CA-32,CA,32,0632,D,William Hernandez,D,2023,3.0,-5.8,Lean D,,True,False,attack,3470184.0,3396053.0,4720197.0,3582102.0,1377008.0,2490302.0,2164945.0,3483995.0,3262017.0,644124.0,584970.0,2118568.0,762137.0,3634891.0,,808727,660286,68041.0,0.502,0.092,0.288,0.118,0.361,0.9204,,"{""office"": ""U.S. Representative, District 32"", ""candidates"": [{""name"": ""William Hernandez"", ""party"": ""D""}, {""name"": ""Matthew Thompson"", ""party"": ""R""}], ""source"": ""mock""}",Synthetic mock row — replace via scripts/build_master_dataset.py,mock
CA-33,CA,33,0633,D,Barbara Lopez,D,2013,13.0,-4.5,Lean D,,True,False,attack,8900001.0,8532868.0,11727533.0,10960854.0,4434209.0,9714294.0,7898215.0,9451474.0,7642344.0,1815736.0,2964942.0,3645142.0,1376893.0,9529921.0,,752324,572018,92388.0,0.1804,0.0635,0.5581,0.1981,0.4717,0.15,,"{""office"": ""U.S. Representative, District 33"", ""candidates"": [{""name"": ""Barbara Lopez"", ""party"": ""D""}, {""name"": ""Linda Young"", ""party"": ""R""}], ""source"": ""mock""}",Synthetic mock row — replace via scripts/build_master_dataset.py,mock
CA-34,CA,34,0634,D,Richard Gonzalez,D,2005,21.0,-26.2,Solid D,,True,False,safe,2326558.0,2214036.0,2392021.0,2084205.0,430870.0,2463122.0,2312173.0,2453015.0,2262541.0,616868.0,198579.0,586848.0,480467.0,1073477.0,,711052,572281,57046.0,0.4691,0.0292,0.2748,0.2269,0.3375,0.4149,,"{""office"": ""U.S. Representative, District 34"", ""candidates"": [{""name"": ""Richard Gonzalez"", ""party"": ""D""}], ""source"": ""mock""}",Synthetic mock row — replace via scripts/build_master_dataset.py,mock
CA-35,CA,35,0635,D,Susan Wilson,D,2021,5.0,-13.0,Solid D,,True,False,safe,4998215.0,4755172.0,7878398.0,6423508.0,3844635.0,4693253.0,3933135.0,6787596.0,6620588.0,2516161.0,701730.0,3608915.0,1190087.0,4416678.0,,792295,585389,114965.0,0.1014,0.1878,0.5127,0.1981,0.188,0.3793,,"{""office"": ""U.S. Representative, District 35"", ""candidates"": [{""name"": ""Susan Wilson"", ""party"": ""D""}], ""source"": ""mock""}",Synthetic mock row — replace via scripts/build_master_dataset.py,mock
CA-36,CA,36,0636,D,Joseph Anderson,D,2023,3.0,-4.1,Lean D,,True,False,attack,4345189.0,4037689.0,5315488.0,4286999.0,1969716.0,3683862.0,2785928.0,3336027.0,3237476.0,1885841.0,1045748.0,2379201.0,1113509.0,4517332.0,,693178,523229,62373.0,0.3175,0.027,0.5416,0.1139,0.1313,0.2982,,"{""office"": ""U.S. Representative, District 36"", ""candidates"": [{""name"": ""Joseph Anderson"", ""party"": ""D""}, {""name"": ""Lisa Perez"", ""party"": ""R""}], ""source"": ""mock""}",Synthetic mock row — replace via scripts/build_master_dataset.py,mock
CA-37,CA,37,0637,R,Jessica Thomas,R,2004,22.0,3.2,Tilt R,,True,False,defend,10361321.0,9153763.0,8786981.0,8155337.0,8916017.0,6947407.0,6620186.0,9544183.0,8559677.0,3718160.0,2733574.0,2890540.0,1351606.0,9195014.0,,805447,652645,90852.0,0.3334,0.0756,0.5387,0.0523,0.1523,0.2837,,"{""office"": ""U.S. Representative, District 37"", ""candidates"": [{""name"": ""Jessica Thomas"", ""party"": ""R""}, {""name"": ""Lisa King"", ""party"": ""D""}], ""source"": ""mock""}",Synthetic mock row — replace via scripts/build_master_dataset.py,mock
CA-38,CA,38,0638,D,Thomas Taylor,D,2020,6.0,-22.9,Solid D,,True,False,safe,1321531.0,1176661.0,2163756.0,1933133.0,97486.0,1011105.0,919614.0,2040475.0,1847023.0,559054.0,95443.0,711303.0,373703.0,792903.0,,723891,583196,58059.0,0.5501,0.1473,0.2159,0.0867,0.2457,0.2893,,"{""office"": ""U.S. Representative, District 38"", ""candidates"": [{""name"": ""Thomas Taylor"", ""party"": ""D""}], ""source"": ""mock""}",Synthetic mock row — replace via scripts/build_master_dataset.py,mock
CA-39,CA,39,0639,D,Sarah Moore,D,2021,5.0,-21.7,Solid D,,True,False,safe,1785294.0,1523985.0,2078545.0,1645383.0,134157.0,1749964.0,1350786.0,1738241.0,1303908.0,576254.0,501262.0,921599.0,123974.0,879023.0,,786577,605600,51814.0,0.2557,0.1777,0.4316,0.135,0.4955,0.6371,,"{""office"": ""U.S. Representative, District 39"", ""candidates"": [{""name"": ""Sarah Moore"", ""party"": ""D""}], ""source"": ""mock""}",Synthetic mock row — replace via scripts/build_master_dataset.py,mock
CA-40,CA,40,0640,D,Christopher Jackson,D,2024,2.0,-14.6,Solid D,,False,False,safe,3668940.0,3587357.0,5391639.0,4696969.0,1989060.0,2957640.0,2803231.0,5282844.0,5095698.0,849522.0,765203.0,2604889.0,760009.0,2904822.0,,711757,528883,38000.0,0.1317,0.1077,0.5545,0.2061,0.12,0.6641,,"{""office"": ""U.S. Representative, District 40"", ""candidates"": [{""name"": ""Christopher Jackson"", ""party"": ""D""}], ""source"": ""mock""}",Synthetic mock row — replace via scripts/build_master_dataset.py,mock
CA-41,CA,41,0641,D,Karen Martin,D,2023,3.0,-5.1,Lean D,,False,False,attack,7057451.0,6192318.0,9341341.0,7051460.0,4450979.0,6165682.0,4875268.0,8224011.0,7408607.0,1835025.0,490380.0,1606468.0,2097301.0,7438492.0,,807793,622445,61428.0,0.2805,0.0889,0.4329,0.1977,0.3213,0.9596,,"{""office"": ""U.S. Representative, District 41"", ""candidates"": [{""name"": ""Karen Martin"", ""party"": ""D""}, {""name"": ""John Walker"", ""party"": ""R""}], ""source"": ""mock""}",Synthetic mock row — replace via scripts/build_master_dataset.py,mock
CA-42,CA,42,0642,D,Daniel Lee,D,2014,12.0,-13.3,Solid D,,True,False,safe,3502628.0,3011432.0,3844306.0,3201243.0,970510.0,3507448.0,2667665.0,4023167.0,3343287.0,1522115.0,194506.0,1251980.0,934946.0,2489141.0,,768853,554421,87695.0,0.4309,0.1695,0.2534,0.1461,0.2526,0.8283,,"{""office"": ""U.S. Representative, District 42"", ""candidates"": [{""name"": ""Daniel Lee"", ""party"": ""D""}], ""source"": ""mock""}",Synthetic mock row — replace via scripts/build_master_dataset.py,mock
CA-43,CA,43,0643,D,Lisa Perez,D,2008,18.0,-20.5,Solid D,,True,False,safe,1468461.0,1429027.0,1998936.0,1915695.0,459200.0,1061379.0,930377.0,1241891.0,953742.0,719422.0,343838.0,791368.0,350166.0,825241.0,,782521,580911,62018.0,0.4767,0.0927,0.3743,0.0563,0.4486,0.6195,,"{""office"": ""U.S. Representative, District 43"", ""candidates"": [{""name"": ""Lisa Perez"", ""party"": ""D""}, {""name"": ""Andrew Walker"", ""party"": ""R""}], ""source"": ""mock""}",Synthetic mock row — replace via scripts/build_master_dataset.py,mock
CA-44,CA,44,0644,R,Matthew Thompson,R,2018,8.0,-3.8,Lean D,,True,False,defend,10982578.0,9799666.0,8614778.0,8297188.0,4582297.0,8304006.0,7551439.0,9344702.0,9130540.0,2308970.0,840394.0,3615434.0,1308764.0,9246033.0,,784871,622647,56463.0,0.5513,0.0504,0.3324,0.0658,0.4752,0.3553,,"{""office"": ""U.S. Representative, District 44"", ""candidates"": [{""name"": ""Matthew Thompson"", ""party"": ""R""}, {""name"": ""Ashley Martinez"", ""party"": ""D""}], ""source"": ""mock""}",Synthetic mock row — replace via scripts/build_master_dataset.py,mock
CA-45,CA,45,0645,D,Nancy White,D,2006,20.0,-19.0,Solid D,,True,False,safe,2403473.0,2031659.0,2754463.0,2396469.0,335968.0,2454825.0,1859211.0,2267459.0,2021006.0,719809.0,589813.0,532897.0,149108.0,1335905.0,,727065,592774,67124.0,0.2828,0.0405,0.4426,0.234,0.2917,0.4446,,"{""office"": ""U.S. Representative, District 45"", ""candidates"": [{""name"": ""Nancy White"", ""party"": ""D""}], ""source"": ""mock""}",Synthetic mock row — replace via scripts/build_master_dataset.py,mock
CA-46,CA,46,0646,D,Anthony Harris,D,2021,5.0,0.6,Toss-up,,True,False,attack,6148798.0,5240840.0,9898743.0,8669391.0,3411404.0,4749428.0,3929419.0,8024318.0,7841034.0,962239.0,1142154.0,4821300.0,1456802.0,8290160.0,,758957,554060,73582.0,0.3053,0.1809,0.4975,0.0163,0.367,0.8195,,"{""office"": ""U.S. Representative, District 46"", ""candidates"": [{""name"": ""Anthony Harris"", ""party"": ""D""}, {""name"": ""Sandra Johnson"", ""party"": ""R""}], ""source"": ""mock""}",Synthetic mock row — replace via scripts/build_master_dataset.py,mock
CA-47,CA,47,0647,D,Betty Sanchez,D,2004,22.0,-22.1,Solid D,,True,False,safe,1579857.0,1196182.0,1572780.0,1321328.0,108910.0,1346088.0,1220105.0,1014995.0,803576.0,663421.0,203869.0,459389.0,243243.0,717225.0,,707019,539006,70744.0,0.1004,0.1041,0.5434,0.252,0.16,0.446,,"{""office"": ""U.S. Representative, District 47"", ""candidates"": [{""name"": ""Betty Sanchez"", ""party"": ""D""}, {""name"": ""Donald Gonzalez"", ""party"": ""R""}], ""source"": ""mock""}",Synthetic mock row — replace via scripts/build_master_dataset.py,mock
CA-48,CA,48,0648,R,Mark Clark,R,2005,21.0,3.3,Tilt R,,True,False,defend,6114850.0,5316303.0,3816874.0,3330786.0,1793935.0,3788087.0,3375243.0,3234038.0,2436035.0,3186249.0,791092.0,632930.0,314796.0,4755310.0,,764353,559807,63129.0,0.5179,0.1498,0.2879,0.0444,0.12,0.9119,,"{""office"": ""U.S. Representative, District 48"", ""candidates"": [{""name"": ""Mark Clark"", ""party"": ""R""}, {""name"": ""Lisa Miller"", ""party"": ""D""}], ""source"": ""mock""}",Synthetic mock row — replace via scripts/build_master_dataset.py,mock
CA-49,CA,49,0649,D,Margaret Ramirez,D,2011,15.0,-27.8,Solid D,,True,False,safe,1447154.0,1383430.0,1877942.0,1596063.0,321272.0,1113590.0,1041732.0,1434676.0,1177791.0,754976.0,113316.0,1028563.0,527753.0,756459.0,,726316,529464,85987.0,0.5293,0.0569,0.2057,0.2081,0.3086,0.4509,,"{""office"": ""U.S. Representative, District 49"", ""candidates"": [{""name"": ""Margaret Ramirez"", ""party"": ""D""}], ""source"": ""mock""}",Synthetic mock row — replace via scripts/build_master_dataset.py,mock
CA-50,CA,50,0650,D,Donald Lewis,D,2018,8.0,-25.7,Solid D,,True,False,safe,2387981.0,2020425.0,3392485.0,2745184.0,345511.0,1549660.0,1216351.0,2503525.0,2080289.0,898636.0,415562.0,1626917.0,430902.0,1315056.0,,790124,601614,67334.0,0.6225,0.0959,0.2046,0.077,0.3275,0.5009,,"{""office"": ""U.S. Representative, District 50"", ""candidates"": [{""name"": ""Donald Lewis"", ""party"": ""D""}], ""source"": ""mock""}",Synthetic mock row — replace via scripts/build_master_dataset.py,mock
CA-51,CA,51,0651,R,Sandra Robinson,R,2016,10.0,6.7,Likely R,,False,False,defend,4117747.0,3200707.0,2732932.0,2638706.0,3696139.0,4155275.0,3294194.0,2437997.0,2009766.0,1585555.0,1092927.0,893839.0,264787.0,2954013.0,,798957,596297,59503.0,0.2445,0.041,0.5593,0.1551,0.2069,0.7631,,"{""office"": ""U.S. Representative, District 51"", ""candidates"": [{""name"": ""Sandra Robinson"", ""party"": ""R""}, {""name"": ""Robert Clark"", ""party"": ""D""}], ""source"": ""mock""}",Synthetic mock row — replace via scripts/build_master_dataset.py,mock
CA-52,CA,52,0652,D,Steven Walker,D,2010,16.0,-19.6,Solid D,,True,False,safe,2656823.0,2199780.0,2456312.0,2212537.0,186109.0,1745558.0,1690514.0,2615520.0,2411924.0,1329758.0,241615.0,683013.0,394246.0,1281352.0,,803429,654593,50101.0,0.485,0.0804,0.3104,0.1242,0.3602,0.548,,"{""office"": ""U.S. Representative, District 52"", ""candidates"": [{""name"": ""Steven Walker"", ""party"": ""D""}], ""source"": ""mock""}",Synthetic mock row — replace via scripts/build_master_dataset.py,mock
CO-01,CO,1,0801,R,Ashley Young,R,2017,9.0,-3.7,Lean D,,True,False,defend,4560259.0,3900967.0,4092562.0,3156759.0,3633058.0,3621196.0,2821309.0,3162288.0,2918316.0,1610094.0,1217723.0,2037051.0,976831.0,4094515.0,,740169,572439,66702.0,0.6655,0.0874,0.1916,0.0554,0.2653,0.8149,,"{""office"": ""U.S. Representative, District 01"", ""candidates"": [{""name"": ""Ashley Young"", ""party"": ""R""}, {""name"": ""Lisa Flores"", ""party"": ""D""}], ""source"": ""mock""}",Synthetic mock row — replace via scripts/build_master_dataset.py,mock
CO-02,CO,2,0802,D,Paul Allen,D,2015,11.0,-9.1,Likely D,,True,False,attack,2349795.0,2092305.0,2636532.0,2163946.0,1012579.0,2420695.0,1837527.0,2436680.0,2235778.0,393050.0,120914.0,1164815.0,882347.0,1982564.0,,802976,611885,53209.0,0.7941,0.0767,0.0679,0.0612,0.3153,0.7171,,"{""office"": ""U.S. Representative, District 02"", ""candidates"": [{""name"": ""Paul Allen"", ""party"": ""D""}, {""name"": ""Michael Lewis"", ""party"": ""R""}], ""source"": ""mock""}",Synthetic mock row — replace via scripts/build_master_dataset.py,mock
CO-03,CO,3,0803,D,Kimberly King,D,2005,21.0,-3.7,Lean D,,True,False,attack,6074624.0,5933613.0,8401338.0,6704777.0,2864901.0,6372645.0,5620274.0,9220508.0,7971494.0,2321571.0,990289.0,4038565.0,769345.0,6850025.0,,732203,532951,82952.0,0.8061,0.0508,0.1071,0.036,0.2943,0.5864,,"{""office"": ""U.S. Representative, District 03"", ""candidates"": [{""name"": ""Kimberly King"", ""party"": ""D""}, {""name"": ""Barbara Hernandez"", ""party"": ""R""}], ""source"": ""mock""}",Synthetic mock row — replace via scripts/build_master_dataset.py,mock
CO-04,CO,4,0804,R,Andrew Wright,R,2017,9.0,0.7,Toss-up,,True,False,defend,4369566.0,3428055.0,4451439.0,4189080.0,1246867.0,3251088.0,2795478.0,4281718.0,4084146.0,1818113.0,1116705.0,1136572.0,781550.0,4544582.0,,698988,507912,63176.0,0.6282,0.157,0.1981,0.0166,0.2132,0.3425,,"{""office"": ""U.S. Representative, District 04"", ""candidates"": [{""name"": ""Andrew Wright"", ""party"": ""R""}, {""name"": ""Emily Flores"", ""party"": ""D""}], ""source"": ""mock""}",Synthetic mock row — replace via scripts/build_master_dataset.py,mock
CO-05,CO,5,0805,R,Emily Scott,R,2012,14.0,14.9,Solid R,,True,False,safe,3210937.0,2461274.0,2607058.0,2310350.0,1549389.0,2167288.0,1804521.0,2701048.0,2032579.0,1246087.0,1115394.0,659708.0,278557.0,1840814.0,,732496,571502,76694.0,0.7352,0.1357,0.0574,0.0718,0.316,0.15,,"{""office"": ""U.S. Representative, District 05"", ""candidates"": [{""name"": ""Emily Scott"", ""party"": ""R""}], ""source"": ""mock""}",Synthetic mock row — replace via scripts/build_master_dataset.py,mock
CO-06,CO,6,0806,R,Joshua Torres,R,2008,18.0,9.0,Likely R,,True,False,defend,9290422.0,8958162.0,6963612.0,5421061.0,2136759.0,6722861.0,6225530.0,6113625.0,4721521.0,4739149.0,2487142.0,1235681.0,1793507.0,6485360.0,,792995,594541,65659.0,0.6533,0.1835,0.1005,0.0626,0.3776,0.7599,,"{""office"": ""U.S. Representative, District 06"", ""candidates"": [{""name"": ""Joshua Torres"", ""party"": ""R""}, {""name"": ""Jennifer Williams"", ""party"": ""D""}], ""source"": ""mock""}",Synthetic mock row — replace via scripts/build_master_dataset.py,mock
CO-07,CO,7,0807,D,Donna Nguyen,D,2022,4.0,-2.7,Tilt D,,True,False,attack,5374390.0,4843329.0,7624741.0,6981591.0,5405245.0,4803420.0,4475615.0,7107573.0,6352002.0,1961669.0,1246100.0,1452340.0,1006061.0,6333176.0,,766202,585158,77558.0,0.613,0.1856,0.1794,0.0219,0.2135,0.4476,,"{""office"": ""U.S. Representative, District 07"", ""candidates"": [{""name"": ""Donna Nguyen"", ""party"": ""D""}, {""name"": ""Steven White"", ""party"": ""R""}], ""source"": ""mock""}",Synthetic mock row — replace via scripts/build_master_dataset.py,mock
CO-08,CO,8,0808,D,Kenneth Hill,D,2010,16.0,-5.8,Lean D,,True,False,attack,5502775.0,4766423.0,8763222.0,7045746.0,1888048.0,5578275.0,4617753.0,7858227.0,7368016.0,1669196.0,1550416.0,4128196.0,729505.0,6331249.0,,701753,546761,66947.0,0.7264,0.0976,0.1007,0.0753,0.506,0.326,,"{""office"": ""U.S. Representative, District 08"", ""candidates"": [{""name"": ""Kenneth Hill"", ""party"": ""D""}, {""name"": ""Joshua Nguyen"", ""party"": ""R""}], ""source"": ""mock""}",Synthetic mock row — replace via scripts/build_master_dataset.py,mock
CT-01,CT,1,0901,R,Michelle Flores,R,2017,9.0,-1.2,Toss-up,,False,False,defend,8137079.0,6283885.0,8015397.0,6440599.0,10249687.0,6910822.0,5414915.0,4945010.0,3966594.0,3006208.0,932016.0,1725576.0,1755331.0,8208688.0,,757878,597436,81740.0,0.598,0.1563,0.2156,0.0301,0.2207,0.355,,"{""office"": ""U.S. Representative, District 01"", ""candidates"": [{""name"": ""Michelle Flores"", ""party"": ""R""}, {""name"": ""Andrew Jones"", ""party"": ""D""}], ""source"": ""mock""}",Synthetic mock row — replace via scripts/build_master_dataset.py,mock
CT-02,CT,2,0902,D,James Smith,D,2024,2.0,-1.7,Tilt D,,True,False,attack,11037884.0,9617698.0,13285602.0,11110934.0,15624291.0,10045284.0,7933497.0,12217523.0,10061413.0,2953563.0,2350989.0,4646136.0,3230024.0,12190931.0,,808746,638140,71355.0,0.7241,0.1857,0.0355,0.0546,0.308,0.4424,,"{""office"": ""U.S. Representative, District 02"", ""candidates"": [{""name"": ""James Smith"", ""party"": ""D""}, {""name"": ""Kimberly Martinez"", ""party"": ""R""}], ""source"": ""mock""}",Synthetic mock row — replace via scripts/build_master_dataset.py,mock
CT-03,CT,3,0903,D,Mary Johnson,D,2024,2.0,-24.5,Solid D,,True,False,safe,1586187.0,1388544.0,1692177.0,1510404.0,314072.0,1441582.0,1365989.0,1589217.0,1236612.0,825568.0,91690.0,819826.0,123566.0,745828.0,,693255,550911,102722.0,0.711,0.1193,0.1311,0.0386,0.3459,0.873,,"{""office"": ""U.S. Representative, District 03"", ""candidates"": [{""name"": ""Mary Johnson"", ""party"": ""D""}], ""source"": ""mock""}",Synthetic mock row — replace via scripts/build_master_dataset.py,mock
CT-04,CT,4,0904,D,Robert Williams,D,2008,18.0,-1.5,Tilt D,,True,False,attack,6457444.0,5755299.0,8735535.0,7018889.0,6875434.0,5981425.0,4969256.0,5784717.0,5518206.0,3084745.0,1277614.0,4010991.0,1147337.0,7657261.0,,748641,561135,80644.0,0.7009,0.037,0.2204,0.0417,0.3689,0.6092,,"{""office"": ""U.S. Representative, District 04"", ""candidates"": [{""name"": ""Robert Williams"", ""party"": ""D""}, {""name"": ""John Garcia"", ""party"": ""R""}], ""source"": ""mock""}",Synthetic mock row — replace via scripts/build_master_dataset.py,mock
CT-05,CT,5,0905,D,Patricia Brown,D,2015,11.0,-23.8,Solid D,,True,False,safe,2791430.0,2391732.0,3715533.0,2965492.0,543461.0,1993550.0,1586125.0,3960431.0,3623095.0,1267292.0,620983.0,1839822.0,510199.0,1480334.0,,796998,619364,112914.0,0.7362,0.1139,0.1145,0.0353,0.3968,0.8456,,"{""office"": ""U.S. Representative, District 05"", ""candidates"": [{""name"": ""Patricia Brown"", ""party"": ""D""}], ""source"": ""mock""}",Synthetic mock row — replace via scripts/build_master_dataset.py,mock
DE-00,DE,0,1000,D,John Jones,D,2004,22.0,-6.3,Likely D,,True,False,attack,9185999.0,8780784.0,9612219.0,7364174.0,6395881.0,9249913.0,7931550.0,9345863.0,8329826.0,3021369.0,1557885.0,3256161.0,2158902.0,8211062.0,,776395,594165,62212.0,0.652,0.0854,0.2117,0.0509,0.4894,0.3843,,"{""office"": ""U.S. Representative, District 00"", ""candidates"": [{""name"": ""John Jones"", ""party"": ""D""}, {""name"": ""Matthew Allen"", ""party"": ""R""}], ""source"": ""mock""}",Synthetic mock row — replace via scripts/build_master_dataset.py,mock
FL-01,FL,1,1201,R,Jennifer Garcia,R,2017,9.0,1.9,Tilt R,,True,False,defend,10362006.0,8708846.0,9602798.0,9125238.0,11068373.0,7695406.0,6714475.0,9310740.0,7813654.0,4921111.0,2723835.0,3239620.0,3051244.0,9950458.0,,794075,590695,70998.0,0.4204,0.0659,0.4641,0.0496,0.3206,0.683,,"{""office"": ""U.S. Representative, District 01"", ""candidates"": [{""name"": ""Jennifer Garcia"", ""party"": ""R""}, {""name"": ""Lisa Johnson"", ""party"": ""D""}], ""source"": ""mock""}",Synthetic mock row — replace via scripts/build_master_dataset.py,mock
FL-02,FL,2,1202,R,Michael Miller,R,2021,5.0,-0.5,Toss-up,,True,False,defend,11357188.0,9298295.0,9867024.0,8659889.0,7206946.0,12441075.0,10109249.0,5980111.0,5117831.0,2528215.0,2372375.0,4269248.0,2196286.0,10994142.0,,708134,549263,65747.0,0.4205,0.1562,0.3868,0.0365,0.1485,0.6836,,"{""office"": ""U.S. Representative, District 02"", ""candidates"": [{""name"": ""Michael Miller"", ""party"": ""R""}, {""name"": ""Emily Smith"", ""party"": ""D""}], ""source"": ""mock""}",Synthetic mock row — replace via scripts/build_master_dataset.py,mock
FL-03,FL,3,1203,R,Linda Davis,R,2022,4.0,4.9,Lean R,,True,False,defend,8835277.0,6830730.0,6766574.0,5566359.0,2152754.0,7496847.0,7251739.0,4171377.0,3555728.0,3712034.0,2671222.0,3697257.0,666743.0,7120685.0,,736873,547150,65417.0,0.3339,0.1661,0.4831,0.0169,0.4879,0.7617,,"{""office"": ""U.S. Representative, District 03"", ""candidates"": [{""name"": ""Linda Davis"", ""party"": ""R""}, {""name"": ""Steven Torres"", ""party"": ""D""}], ""source"": ""mock""}",Synthetic mock row — replace via scripts/build_master_dataset.py,mock
FL-04,FL,4,1204,R,OPEN SEAT,,,0.0,5.2,Lean R,,False,True,defend,9072321.0,8347997.0,7885336.0,7706678.0,9019593.0,7775197.0,6868010.0,5755279.0,5146119.0,2642910.0,2302968.0,3612731.0,2755677.0,7668252.0,,758600,555063,75234.0,0.6123,0.1262,0.2257,0.0358,0.2498,0.6318,,"{""office"": ""U.S. Representative, District 04"", ""candidates"": [{""name"": ""Jennifer Lewis"", ""party"": ""D""}], ""source"": ""mock""}",Synthetic mock row — replace via scripts/build_master_dataset.py,mock
FL-05,FL,5,1205,R,OPEN SEAT,,,0.0,14.1,Solid R,,False,True,safe,4354116.0,3553812.0,3564193.0,3229884.0,550296.0,3328242.0,3227889.0,3441281.0,3357225.0,1940324.0,825382.0,848268.0,1046999.0,2594038.0,,699768,516695,79047.0,0.6381,0.029,0.2572,0.0758,0.2728,0.15,,"{""office"": ""U.S. Representative, District 05"", ""candidates"": [], ""source"": ""mock""}",Synthetic mock row — replace via scripts/build_master_dataset.py,mock
FL-06,FL,6,1206,D,David Rodriguez,D,2015,11.0,-11.6,Solid D,,True,False,attack,6115222.0,5121218.0,7793873.0,6618582.0,4524379.0,5656053.0,4659414.0,5730328.0,5296819.0,3215494.0,1518168.0,2514868.0,2138147.0,5043438.0,,750163,568001,99081.0,0.5983,0.153,0.2065,0.0423,0.2407,0.6529,,"{""office"": ""U.S. Representative, District 06"", ""candidates"": [{""name"": ""David Rodriguez"", ""party"": ""D""}, {""name"": ""Donald Thomas"", ""party"": ""R""}], ""source"": ""mock""}",Synthetic mock row — replace via scripts/build_master_dataset.py,mock
FL-07,FL,7,1207,D,Elizabeth Martinez,D,2014,12.0,-1.6,Tilt D,,True,False,attack,5022295.0,3874802.0,7376449.0,6464903.0,4086894.0,4411920.0,3865422.0,7858541.0,6294843.0,802019.0,1669461.0,1426039.0,649553.0,6231609.0,,703552,509105,61744.0,0.4668,0.0966,0.4248,0.0118,0.2439,0.7298,,"{""office"": ""U.S. Representative, District 07"", ""candidates"": [{""name"": ""Elizabeth Martinez"", ""party"": ""D""}, {""name"": ""John Miller"", ""party"": ""R""}], ""source"": ""mock""}",Synthetic mock row — replace via scripts/build_master_dataset.py,mock
FL-08,FL,8,1208,R,William Hernandez,R,2015,11.0,2.1,Tilt R,,True,False,defend,5028464.0,4388235.0,2879133.0,2605351.0,2791282.0,4583625.0,3601109.0,2332218.0,1880111.0,2472783.0,303424.0,1248233.0,1007170.0,3919005.0,,818270,620572,68978.0,0.3228,0.0458,0.548,0.0834,0.4515,0.8685,,"{""office"": ""U.S. Representative, District 08"", ""candidates"": [{""name"": ""William Hernandez"", ""party"": ""R""}, {""name"": ""Andrew Garcia"", ""party"": ""D""}], ""source"": ""mock""}",Synthetic mock row — replace via scripts/build_master_dataset.py,mock
FL-09,FL,9,1209,D,Barbara Lopez,D,2007,19.0,2.5,Tilt R,,True,False,attack,8057004.0,6355271.0,9528479.0,7767885.0,6128885.0,7643205.0,6302689.0,8548448.0,7981008.0,4295006.0,2518526.0,2014617.0,2696622.0,8616886.0,,766672,567922,59805.0,0.3631,0.1693,0.4081,0.0596,0.1912,0.971,,"{""office"": ""U.S. Representative, District 09"", ""candidates"": [{""name"": ""Barbara Lopez"", ""party"": ""D""}, {""name"": ""Jennifer Allen"", ""party"": ""R""}], ""source"": ""mock""}",Synthetic mock row — replace via scripts/build_master_dataset.py,mock
FL-10,FL,10,1210,R,Richard Gonzalez,R,2008,18.0,4.1,Lean R,,True,False,defend,3704309.0,3571090.0,3198400.0,2770827.0,4426874.0,3915492.0,3525502.0,3194022.0,2917101.0,1616754.0,1157708.0,1264782.0,426875.0,3227707.0,,733729,599441,86554.0,0.62,0.1211,0.2293,0.0296,0.2527,0.4852,,"{""office"": ""U.S. Representative, District 10"", ""candidates"": [{""name"": ""Richard Gonzalez"", ""party"": ""R""}, {""name"": ""William Garcia"", ""party"": ""D""}], ""source"": ""mock""}",Synthetic mock row — replace via scripts/build_master_dataset.py,mock
FL-11,FL,11,1211,R,Susan Wilson,R,2019,7.0,18.6,Solid R,,True,False,safe,2094320.0,1611434.0,1371641.0,1273042.0,462272.0,1895787.0,1470130.0,1365376.0,1049000.0,943145.0,288767.0,693667.0,382169.0,917093.0,,721368,578672,66390.0,0.5253,0.1133,0.3095,0.0519,0.2305,0.5742,,"{""office"": ""U.S. Representative, District 11"", ""candidates"": [{""name"": ""Susan Wilson"", ""party"": ""R""}, {""name"": ""Barbara Robinson"", ""party"": ""D""}], ""source"": ""mock""}",Synthetic mock row — replace via scripts/build_master_dataset.py,mock
FL-12,FL,12,1212,R,Joseph Anderson,R,2020,6.0,15.8,Solid R,,True,False,safe,2326381.0,2122596.0,1726954.0,1540600.0,172709.0,1853253.0,1468502.0,1677160.0,1503028.0,702306.0,761387.0,787301.0,318131.0,1231403.0,,813259,624114,107117.0,0.5007,0.0729,0.4058,0.0206,0.1677,0.825,,"{""office"": ""U.S. Representative, District 12"", ""candidates"": [{""name"": ""Joseph Anderson"", ""party"": ""R""}, {""name"": ""Jennifer Flores"", ""party"": ""D""}], ""source"": ""mock""}",Synthetic mock row — replace via scripts/build_master_dataset.py,mock
FL-13,FL,13,1213,D,Jessica Thomas,D,2008,18.0,-3.3,Tilt D,,True,False,attack,3406206.0,3127831.0,4631708.0,3951520.0,726066.0,3090461.0,3003073.0,3926611.0,3681691.0,1496768.0,1058402.0,2374783.0,700532.0,3848553.0,,805252,629493,83533.0,0.6616,0.0577,0.2501,0.0306,0.5153,0.7651,,"{""office"": ""U.S. Representative, District 13"", ""candidates"": [{""name"": ""Jessica Thomas"", ""party"": ""D""}, {""name"": ""Mark Davis"", ""party"": ""R""}], ""source"": ""mock""}",Synthetic mock row — replace via scripts/build_master_dataset.py,mock
FL-14,FL,14,1214,D,Thomas Taylor,D,2009,17.0,-12.8,Solid D,,True,False,safe,2470064.0,1998944.0,3342725.0,2637699.0,1918625.0,2421840.0,1925233.0,2534246.0,2459884.0,1122238.0,598456.0,1405307.0,499544.0,2010062.0,,718853,532329,62436.0,0.4289,0.1159,0.375,0.0801,0.12,0.291,,"{""office"": ""U.S. Representative, District 14"", ""candidates"": [{""name"": ""Thomas Taylor"", ""party"": ""D""}], ""source"": ""mock""}",Synthetic mock row — replace via scripts/build_master_dataset.py,mock
FL-15,FL,15,1215,R,Sarah Moore,R,2009,17.0,5.9,Lean R,,False,False,defend,5579993.0,5069124.0,4224796.0,4085833.0,2697555.0,4607118.0,4410184.0,3870856.0,2990673.0,932880.0,1486570.0,1919784.0,1279765.0,4337639.0,,729233,536678,81411.0,0.4625,0.0652,0.4423,0.03,0.4267,0.9435,,"{""office"": ""U.S. Representative, District 15"", ""candidates"": [{""name"": ""Sarah Moore"", ""party"": ""R""}, {""name"": ""William Garcia"", ""party"": ""D""}], ""source"": ""mock""}",Synthetic mock row — replace via scripts/build_master_dataset.py,mock
FL-16,FL,16,1216,R,Christopher Jackson,R,2004,22.0,4.4,Lean R,,True,False,defend,5633814.0,5412327.0,2998635.0,2464229.0,5200966.0,5709894.0,5548900.0,2757986.0,2158928.0,2456173.0,1297138.0,1278195.0,236464.0,4000277.0,,729433,578810,40944.0,0.3637,0.1606,0.4524,0.0233,0.1689,0.9473,,"{""office"": ""U.S. Representative, District 16"", ""candidates"": [{""name"": ""Christopher Jackson"", ""party"": ""R""}, {""name"": ""Andrew Williams"", ""party"": ""D""}], ""source"": ""mock""}",Synthetic mock row — replace via scripts/build_master_dataset.py,mock
FL-17,FL,17,1217,R,Karen Martin,R,2017,9.0,-3.3,Tilt D,,False,False,defend,11957383.0,9760971.0,8290694.0,6589914.0,1856630.0,7414663.0,6504804.0,8568455.0,7805709.0,4892375.0,1989901.0,3084172.0,648579.0,9694779.0,,777357,588045,48717.0,0.6285,0.1049,0.1883,0.0784,0.2224,0.3684,,"{""office"": ""U.S. Representative, District 17"", ""candidates"": [{""name"": ""Karen Martin"", ""party"": ""R""}, {""name"": ""Jennifer Garcia"", ""party"": ""D""}], ""source"": ""mock""}",Synthetic mock row — replace via scripts/build_master_dataset.py,mock
FL-18,FL,18,1218,R,Daniel Lee,R,2010,16.0,4.9,Lean R,,True,False,defend,11864956.0,9800906.0,10133337.0,8239178.0,10273445.0,9591061.0,8869651.0,6098325.0,5549335.0,2439459.0,3468722.0,4264822.0,1098974.0,10040021.0,,809956,588236,81674.0,0.6904,0.0376,0.2351,0.0369,0.5567,0.8183,,"{""office"": ""U.S. Representative, District 18"", ""candidates"": [{""name"": ""Daniel Lee"", ""party"": ""R""}, {""name"": ""Paul Lopez"", ""party"": ""D""}], ""source"": ""mock""}",Synthetic mock row — replace via scripts/build_master_dataset.py,mock
FL-19,FL,19,1219,R,Lisa Perez,R,2006,20.0,1.9,Tilt R,,True,False,defend,3781822.0,3681273.0,2879504.0,2525881.0,2026310.0,4073227.0,3513014.0,2137837.0,1621723.0,1783509.0,304174.0,787543.0,632325.0,3320005.0,,757379,572215,55481.0,0.4461,0.177,0.3235,0.0534,0.1774,0.6184,,"{""office"": ""U.S. Representative, District 19"", ""candidates"": [{""name"": ""Lisa Perez"", ""party"": ""R""}, {""name"": ""Richard Jackson"", ""party"": ""D""}], ""source"": ""mock""}",Synthetic mock row — replace via scripts/build_master_dataset.py,mock
FL-20,FL,20,1220,R,OPEN SEAT,,,0.0,8.5,Likely R,,False,True,defend,6485329.0,5021002.0,5991779.0,5409781.0,1144256.0,4989474.0,4058418.0,4278368.0,3301501.0,1467571.0,1566981.0,2405044.0,1056449.0,5065706.0,,754917,601171,68284.0,0.3099,0.0449,0.5634,0.0817,0.443,0.3244,,"{""office"": ""U.S. Representative, District 20"", ""candidates"": [{""name"": ""Linda Garcia"", ""party"": ""D""}], ""source"": ""mock""}",Synthetic mock row — replace via scripts/build_master_dataset.py,mock
FL-21,FL,21,1221,D,Matthew Thompson,D,2010,16.0,-5.2,Lean D,,True,False,attack,7444650.0,7187724.0,9307533.0,8149606.0,6735073.0,6279496.0,5131200.0,10081440.0,7709415.0,3312752.0,599561.0,1714662.0,1334392.0,7575337.0,,738112,568123,70871.0,0.5238,0.0252,0.3719,0.0791,0.3939,0.15,,"{""office"": ""U.S. Representative, District 21"", ""candidates"": [{""name"": ""Matthew Thompson"", ""party"": ""D""}, {""name"": ""Steven Jones"", ""party"": ""R""}], ""source"": ""mock""}",Synthetic mock row — replace via scripts/build_master_dataset.py,mock
FL-22,FL,22,1222,R,Nancy White,R,2023,3.0,5.1,Lean R,,True,False,defend,10508704.0,9867755.0,8876698.0,6979289.0,2442281.0,8441128.0,7307391.0,9093166.0,8225079.0,4920281.0,2384293.0,4079197.0,1489626.0,8793219.0,,805361,597822,101597.0,0.3732,0.0663,0.5483,0.0123,0.2148,0.8663,,"{""office"": ""U.S. Representative, District 22"", ""candidates"": [{""name"": ""Nancy White"", ""party"": ""R""}, {""name"": ""Daniel Davis"", ""party"": ""D""}], ""source"": ""mock""}",Synthetic mock row — replace via scripts/build_master_dataset.py,mock
FL-23,FL,23,1223,R,Anthony Harris,R,2011,15.0,-0.0,Toss-up,,True,False,defend,7619824.0,6000847.0,5704110.0,4943565.0,5083455.0,7154797.0,5382767.0,5324679.0,5114574.0,2529554.0,2562398.0,1509864.0,1767605.0,6995065.0,,802048,605242,53487.0,0.4335,0.1202,0.4129,0.0334,0.2939,0.579,,"{""office"": ""U.S. Representative, District 23"", ""candidates"": [{""name"": ""Anthony Harris"", ""party"": ""R""}, {""name"": ""Richard Wright"", ""party"": ""D""}], ""source"": ""mock""}",Synthetic mock row — replace via scripts/build_master_dataset.py,mock
FL-24,FL,24,1224,R,Betty Sanchez,R,2021,5.0,7.1,Likely R,,True,False,defend,8454663.0,8105109.0,7546966.0,7184243.0,6780631.0,6929747.0,6019571.0,5541411.0,4476870.0,2979341.0,678431.0,3120961.0,680685.0,6810293.0,,804282,635272,85930.0,0.3219,0.0265,0.5846,0.0669,0.1272,0.4166,,"{""office"": ""U.S. Representative, District 24"", ""candidates"": [{""name"": ""Betty Sanchez"", ""party"": ""R""}, {""name"": ""Jennifer Moore"", ""party"": ""D""}], ""source"": ""mock""}",Synthetic mock row — replace via scripts/build_master_dataset.py,mock
FL-25,FL,25,1225,R,Mark Clark,R,2014,12.0,0.7,Toss-up,,True,False,defend,9768670.0,8050731.0,10458069.0,7860595.0,10228335.0,10065480.0,8160364.0,8064578.0,6396884.0,1623287.0,1556232.0,5245637.0,1579181.0,10420816.0,,725562,551616,79566.0,0.6143,0.1128,0.2556,0.0173,0.4191,0.2382,,"{""office"": ""U.S. Representative, District 25"", ""candidates"": [{""name"": ""Mark Clark"", ""party"": ""R""}, {""name"": ""Mark Flores"", ""party"": ""D""}], ""source"": ""mock""}",Synthetic mock row — replace via scripts/build_master_dataset.py,mock
FL-26,FL,26,1226,R,Margaret Ramirez,R,2010,16.0,5.4,Lean R,,True,False,defend,10908174.0,8936946.0,8013718.0,6582335.0,10518594.0,6550318.0,5574443.0,4948835.0,4220559.0,4046203.0,1885486.0,2973639.0,1440070.0,8503499.0,,710666,567273,105811.0,0.2464,0.1763,0.565,0.0123,0.2397,0.6506,,"{""office"": ""U.S. Representative, District 26"", ""candidates"": [{""name"": ""Margaret Ramirez"", ""party"": ""R""}, {""name"": ""Michelle Williams"", ""party"": ""D""}], ""source"": ""mock""}",Synthetic mock row — replace via scripts/build_master_dataset.py,mock
FL-27,FL,27,1227,D,Donald Lewis,D,2017,9.0,-11.9,Solid D,,False,False,attack,4321797.0,3995108.0,6195436.0,5205218.0,3574123.0,4404611.0,3722893.0,5461222.0,4812522.0,649380.0,1052193.0,2709080.0,1363819.0,3769376.0,,761145,605089,44178.0,0.3745,0.1467,0.4529,0.0259,0.3152,0.15,,"{""office"": ""U.S. Representative, District 27"", ""candidates"": [{""name"": ""Donald Lewis"", ""party"": ""D""}, {""name"": ""Margaret Martinez"", ""party"": ""R""}], ""source"": ""mock""}",Synthetic mock row — replace via scripts/build_master_dataset.py,mock
FL-28,FL,28,1228,R,Sandra Robinson,R,2019,7.0,25.5,Solid R,,True,False,safe,2496064.0,2352919.0,1764645.0,1520080.0,75728.0,2730618.0,2058320.0,1915753.0,1645439.0,538529.0,652815.0,826082.0,209091.0,969311.0,,747948,595020,66886.0,0.4636,0.0509,0.4341,0.0514,0.551,0.8613,,"{""office"": ""U.S. Representative, District 28"", ""candidates"": [{""name"": ""Sandra Robinson"", ""party"": ""R""}, {""name"": ""Joshua Nguyen"", ""party"": ""D""}], ""source"": ""mock""}",Synthetic mock row — replace via scripts/build_master_dataset.py,mock
GA-01,GA,1,1301,R,Steven Walker,R,2007,19.0,-2.1,Tilt D,,True,False,defend,10913874.0,9970326.0,8830540.0,7646405.0,14048083.0,9118281.0,7225531.0,7418007.0,7224176.0,5182739.0,3363874.0,3030316.0,2659410.0,9785332.0,,816733,597394,66542.0,0.3412,0.408,0.2,0.0508,0.4515,0.6128,,"{""office"": ""U.S. Representative, District 01"", ""candidates"": [{""name"": ""Steven Walker"", ""party"": ""R""}, {""name"": ""Michelle Moore"", ""party"": ""D""}], ""source"": ""mock""}",Synthetic mock row — replace via scripts/build_master_dataset.py,mock
GA-02,GA,2,1302,D,Ashley Young,D,2014,12.0,2.8,Tilt R,,True,False,attack,4738200.0,4432007.0,7244307.0,5577856.0,1336085.0,3451011.0,3380145.0,7046107.0,6693626.0,2383973.0,1589116.0,2356765.0,985593.0,5821101.0,,710154,565690,50571.0,0.5311,0.2083,0.1951,0.0655,0.3394,0.781,,"{""office"": ""U.S. Representative, District 02"", ""candidates"": [{""name"": ""Ashley Young"", ""party"": ""D""}, {""name"": ""Robert Williams"", ""party"": ""R""}], ""source"": ""mock""}",Synthetic mock row — replace via scripts/build_master_dataset.py,mock
GA-03,GA,3,1303,D,Paul Allen,D,2010,16.0,0.5,Toss-up,,True,False,attack,3485478.0,3149973.0,4415207.0,3880747.0,6040466.0,2484760.0,2247866.0,4097417.0,3678775.0,787395.0,285519.0,2366802.0,1013985.0,4092555.0,,741995,579870,78335.0,0.4396,0.2913,0.2079,0.0612,0.3766,0.4423,,"{""office"": ""U.S. Representative, District 03"", ""candidates"": [{""name"": ""Paul Allen"", ""party"": ""D""}, {""name"": ""Susan Garcia"", ""party"": ""R""}], ""source"": ""mock""}",Synthetic mock row — replace via scripts/build_master_dataset.py,mock
GA-04,GA,4,1304,R,Kimberly King,R,2021,5.0,5.5,Lean R,,True,False,defend,8946250.0,7363307.0,8746486.0,6726706.0,2905414.0,7758092.0,6562742.0,6457408.0,6149244.0,1546952.0,1018105.0,4489906.0,2772675.0,7926346.0,,782760,627447,68942.0,0.8241,0.0441,0.0662,0.0656,0.4858,0.9677,,"{""office"": ""U.S. Representative, District 04"", ""candidates"": [{""name"": ""Kimberly King"", ""party"": ""R""}, {""name"": ""Mary Perez"", ""party"": ""D""}], ""source"": ""mock""}",Synthetic mock row — replace via scripts/build_master_dataset.py,mock
GA-05,GA,5,1305,R,Andrew Wright,R,2008,18.0,5.5,Lean R,,True,False,defend,4127994.0,3271140.0,3566566.0,2752489.0,2242924.0,3665290.0,3551761.0,2781801.0,2479924.0,1248983.0,254587.0,1391351.0,277041.0,3447163.0,,799881,599611,104418.0,0.4512,0.3747,0.0996,0.0744,0.3738,0.6996,,"{""office"": ""U.S. Representative, District 05"", ""candidates"": [{""name"": ""Andrew Wright"", ""party"": ""R""}, {""name"": ""Anthony Robinson"", ""party"": ""D""}], ""source"": ""mock""}",Synthetic mock row — replace via scripts/build_master_dataset.py,mock
GA-06,GA,6,1306,R,Emily Scott,R,2014,12.0,7.3,Likely R,,True,False,defend,4266271.0,4035898.0,3260264.0,3069356.0,3853721.0,3477068.0,3249022.0,3396127.0,3277185.0,1450886.0,1030245.0,1160575.0,995395.0,3182219.0,,701392,545266,77909.0,0.7637,0.0481,0.1667,0.0216,0.2447,0.4867,,"{""office"": ""U.S. Representative, District 06"", ""candidates"": [{""name"": ""Emily Scott"", ""party"": ""R""}, {""name"": ""Elizabeth White"", ""party"": ""D""}], ""source"": ""mock""}",Synthetic mock row — replace via scripts/build_master_dataset.py,mock
GA-07,GA,7,1307,R,Joshua Torres,R,2019,7.0,-1.1,Toss-up,,True,False,defend,12004244.0,9693899.0,9879483.0,9401027.0,5699439.0,12645885.0,10066912.0,8760759.0,6741557.0,4256854.0,2223441.0,4450953.0,1870984.0,11151947.0,,775800,571554,87358.0,0.5649,0.1391,0.2309,0.0651,0.4063,0.7962,,"{""office"": ""U.S. Representative, District 07"", ""candidates"": [{""name"": ""Joshua Torres"", ""party"": ""R""}, {""name"": ""Nancy Jones"", ""party"": ""D""}], ""source"": ""mock""}",Synthetic mock row — replace via scripts/build_master_dataset.py,mock
GA-08,GA,8,1308,D,Donna Nguyen,D,2019,7.0,-12.9,Solid D,,True,False,safe,4901709.0,4470483.0,8754953.0,6723800.0,3820456.0,3742257.0,3634561.0,5639898.0,4340151.0,2374615.0,1617044.0,2105352.0,1816157.0,4703354.0,,730776,530427,74462.0,0.5171,0.2557,0.1915,0.0357,0.2662,0.8044,,"{""office"": ""U.S. Representative, District 08"", ""candidates"": [{""name"": ""Donna Nguyen"", ""party"": ""D""}], ""source"": ""mock""}",Synthetic mock row — replace via scripts/build_master_dataset.py,mock
GA-09,GA,9,1309,D,Kenneth Hill,D,2009,17.0,-7.5,Likely D,,True,False,attack,4626320.0,4178506.0,4929489.0,4410930.0,5000023.0,3527038.0,3292768.0,3015100.0,2655049.0,948500.0,1014189.0,860876.0,883687.0,4013440.0,,797438,618997,69353.0,0.4581,0.3131,0.1613,0.0675,0.3297,0.3203,,"{""office"": ""U.S. Representative, District 09"", ""candidates"": [{""name"": ""Kenneth Hill"", ""party"": ""D""}, {""name"": ""Michael Williams"", ""party"": ""R""}], ""source"": ""mock""}",Synthetic mock row — replace via scripts/build_master_dataset.py,mock
GA-10,GA,10,1310,R,Michelle Flores,R,2007,19.0,3.3,Tilt R,,True,False,defend,12468224.0,9465709.0,9144670.0,8530663.0,5045172.0,10837036.0,9829070.0,5628929.0,5053804.0,5125079.0,2898098.0,4879968.0,1851825.0,10348254.0,,761280,589610,83372.0,0.6627,0.1708,0.0864,0.0801,0.656,0.3817,,"{""office"": ""U.S. Representative, District 10"", ""candidates"": [{""name"": ""Michelle Flores"", ""party"": ""R""}, {""name"": ""Donald Lewis"", ""party"": ""D""}], ""source"": ""mock""}",Synthetic mock row — replace via scripts/build_master_dataset.py,mock
GA-11,GA,11,1311,D,James Smith,D,2018,8.0,-9.2,Likely D,,True,False,attack,3506408.0,2837382.0,4263798.0,3805976.0,2170310.0,2746820.0,2294266.0,3391767.0,2702725.0,682377.0,301424.0,2343452.0,740593.0,3078555.0,,747666,554759,47810.0,0.5381,0.2135,0.1875,0.061,0.3704,0.9068,,"{""office"": ""U.S. Representative, District 11"", ""candidates"": [{""name"": ""James Smith"", ""party"": ""D""}, {""name"": ""Anthony Lopez"", ""party"": ""R""}], ""source"": ""mock""}",Synthetic mock row — replace via scripts/build_master_dataset.py,mock
GA-12,GA,12,1312,D,Mary Johnson,D,2015,11.0,1.3,Toss-up,,True,False,attack,10853109.0,8619889.0,12754724.0,9986573.0,13980873.0,11799728.0,10762778.0,7903588.0,6891766.0,3253188.0,2719228.0,6060562.0,4009702.0,11964449.0,,765159,615906,68028.0,0.6213,0.1378,0.2196,0.0212,0.3561,0.9163,,"{""office"": ""U.S. Representative, District 12"", ""candidates"": [{""name"": ""Mary Johnson"", ""party"": ""D""}, {""name"": ""Michelle Wright"", ""party"": ""R""}], ""source"": ""mock""}",Synthetic mock row — replace via scripts/build_master_dataset.py,mock
GA-13,GA,13,1313,R,Robert Williams,R,2006,20.0,2.5,Tilt R,,True,False,defend,11328380.0,9880936.0,8788738.0,7776321.0,8381827.0,8524104.0,6463706.0,7552610.0,6527954.0,2893493.0,1731050.0,3600224.0,1751676.0,9857388.0,,809695,636457,68799.0,0.6913,0.1185,0.1165,0.0737,0.227,0.7375,,"{""office"": ""U.S. Representative, District 13"", ""candidates"": [{""name"": ""Robert Williams"", ""party"": ""R""}, {""name"": ""Lisa Brown"", ""party"": ""D""}], ""source"": ""mock""}",Synthetic mock row — replace via scripts/build_master_dataset.py,mock
GA-14,GA,14,1314,R,OPEN SEAT,,,0.0,7.9,Likely R,,False,True,defend,3699694.0,3043270.0,3403534.0,2654203.0,2896135.0,2548746.0,2072092.0,3542601.0,2937947.0,688674.0,737683.0,725862.0,611367.0,2943578.0,,808291,598924,50136.0,0.5028,0.4155,0.0496,0.0321,0.4057,0.2977,,"{""office"": ""U.S. Representative, District 14"", ""candidates"": [{""name"": ""Robert Thomas"", ""party"": ""D""}], ""source"": ""mock""}",Synthetic mock row — replace via scripts/build_master_dataset.py,mock
HI-01,HI,1,1501,D,Patricia Brown,D,2024,2.0,-11.4,Solid D,,True,False,attack,2371732.0,1908472.0,3255477.0,2452185.0,591786.0,1487994.0,1271095.0,2180188.0,1805463.0,526860.0,628106.0,953354.0,994745.0,2056182.0,,757845,583046,46557.0,0.6787,0.0359,0.1628,0.1226,0.12,0.348,,"{""office"": ""U.S. Representative, District 01"", ""candidates"": [{""name"": ""Patricia Brown"", ""party"": ""D""}, {""name"": ""Kimberly Gonzalez"", ""party"": ""R""}], ""source"": ""mock""}",Synthetic mock row — replace via scripts/build_master_dataset.py,mock
HI-02,HI,2,1502,R,John Jones,R,2005,21.0,5.4,Lean R,,True,False,defend,3769509.0,3517658.0,3520062.0,3406664.0,3255010.0,2758877.0,2489809.0,2415409.0,2078235.0,1930269.0,766202.0,1027943.0,852251.0,3275933.0,,754389,613300,87990.0,0.6993,0.1144,0.0396,0.1467,0.4148,0.5567,,"{""office"": ""U.S. Representative, District 02"", ""candidates"": [{""name"": ""John Jones"", ""party"": ""R""}, {""name"": ""Thomas Torres"", ""party"": ""D""}], ""source"": ""mock""}",Synthetic mock row — replace via scripts/build_master_dataset.py,mock
IA-01,IA,1,1901,D,Jennifer Garcia,D,2021,5.0,1.6,Tilt R,,True,False,attack,6348806.0,6002295.0,7112007.0,5813345.0,8916530.0,6201198.0,5214442.0,4748267.0,4434967.0,3407581.0,1657657.0,1526381.0,1606183.0,6765404.0,,800088,650043,89788.0,0.7824,0.0639,0.1258,0.0279,0.12,0.6823,,"{""office"": ""U.S. Representative, District 01"", ""candidates"": [{""name"": ""Jennifer Garcia"", ""party"": ""D""}, {""name"": ""Mark King"", ""party"": ""R""}], ""source"": ""mock""}",Synthetic mock row — replace via scripts/build_master_dataset.py,mock
IA-02,IA,2,1902,D,Michael Miller,D,2019,7.0,-8.5,Likely D,,True,False,attack,6322837.0,6084728.0,8977286.0,7846448.0,5639536.0,5839516.0,4478013.0,7270069.0,5750413.0,1203745.0,1766878.0,4348314.0,951023.0,6211850.0,,780377,575513,57493.0,0.8138,0.09,0.0376,0.0586,0.2454,0.1909,,"{""office"": ""U.S. Representative, District 02"", ""candidates"": [{""name"": ""Michael Miller"", ""party"": ""D""}, {""name"": ""Christopher Perez"", ""party"": ""R""}], ""source"": ""mock""}",Synthetic mock row — replace via scripts/build_master_dataset.py,mock
IA-03,IA,3,1903,R,Linda Davis,R,2007,19.0,6.0,Likely R,,True,False,defend,10148725.0,8236821.0,6195168.0,5486357.0,7993327.0,9432017.0,7763837.0,5450889.0,4694396.0,5383066.0,2937686.0,3127417.0,1025759.0,7207657.0,,770833,578574,75077.0,0.6822,0.0377,0.2162,0.0639,0.3064,0.8815,,"{""office"": ""U.S. Representative, District 03"", ""candidates"": [{""name"": ""Linda Davis"", ""party"": ""R""}, {""name"": ""Susan Walker"", ""party"": ""D""}], ""source"": ""mock""}",Synthetic mock row — replace via scripts/build_master_dataset.py,mock
IA-04,IA,4,1904,D,David Rodriguez,D,2020,6.0,-5.8,Lean D,,True,False,attack,8769791.0,7092113.0,10656638.0,8069051.0,7474833.0,8010399.0,6809401.0,8671462.0,7332640.0,2192401.0,1853488.0,3465653.0,2048156.0,8621449.0,,752305,580051,54673.0,0.7898,0.025,0.1365,0.0487,0.3021,0.6725,,"{""office"": ""U.S. Representative, District 04"", ""candidates"": [{""name"": ""David Rodriguez"", ""party"": ""D""}, {""name"": ""Daniel Jackson"", ""party"": ""R""}], ""source"": ""mock""}",Synthetic mock row — replace via scripts/build_master_dataset.py,mock
ID-01,ID,1,1601,R,OPEN SEAT,,,0.0,22.7,Solid R,,False,True,safe,2607663.0,2322658.0,2384566.0,2329116.0,450772.0,1834977.0,1755574.0,2055236.0,1884492.0,524022.0,677542.0,819638.0,776509.0,1135732.0,,772969,623013,69168.0,0.7396,0.1248,0.1076,0.028,0.3008,0.8962,,"{""office"": ""U.S. Representative, District 01"", ""candidates"": [], ""source"": ""mock""}",Synthetic mock row — replace via scripts/build_master_dataset.py,mock
ID-02,ID,2,1602,R,Elizabeth Martinez,R,2009,17.0,24.0,Solid R,,True,False,safe,1760089.0,1397008.0,1135064.0,867386.0,188547.0,1692923.0,1348534.0,994520.0,905841.0,515138.0,325275.0,221785.0,250015.0,658647.0,,768927,575141,105307.0,0.7531,0.04,0.1327,0.0742,0.2778,0.5181,,"{""office"": ""U.S. Representative, District 02"", ""candidates"": [{""name"": ""Elizabeth Martinez"", ""party"": ""R""}], ""source"": ""mock""}",Synthetic mock row — replace via scripts/build_master_dataset.py,mock
IL-01,IL,1,1701,R,William Hernandez,R,2021,5.0,-3.5,Lean D,,True,False,defend,3972731.0,3470220.0,3558135.0,3204886.0,4695400.0,2687181.0,2527209.0,2523450.0,2169020.0,1404429.0,1054370.0,908523.0,1090024.0,3584692.0,,763616,595865,61036.0,0.7824,0.1184,0.0689,0.0303,0.4859,0.6213,,"{""office"": ""U.S. Representative, District 01"", ""candidates"": [{""name"": ""William Hernandez"", ""party"": ""R""}, {""name"": ""Andrew Allen"", ""party"": ""D""}], ""source"": ""mock""}",Synthetic mock row — replace via scripts/build_master_dataset.py,mock
IL-02,IL,2,1702,D,Barbara Lopez,D,2022,4.0,-7.3,Likely D,,True,False,attack,2733701.0,2526200.0,4094256.0,4010728.0,2139991.0,2796824.0,2616687.0,2601185.0,2466885.0,641438.0,171184.0,1276996.0,1257023.0,2886860.0,,799553,612870,77475.0,0.6186,0.0698,0.2284,0.0832,0.1835,0.3176,,"{""office"": ""U.S. Representative, District 02"", ""candidates"": [{""name"": ""Barbara Lopez"", ""party"": ""D""}, {""name"": ""Mary Thompson"", ""party"": ""R""}], ""source"": ""mock""}",Synthetic mock row — replace via scripts/build_master_dataset.py,mock
IL-03,IL,3,1703,D,Richard Gonzalez,D,2020,6.0,-13.3,Solid D,,True,False,safe,3378452.0,3068493.0,3560116.0,3056398.0,2005597.0,3541643.0,3468620.0,2414246.0,2005197.0,523276.0,296248.0,1322247.0,545685.0,2350787.0,,807528,598894,53940.0,0.6398,0.1196,0.2243,0.0163,0.4733,0.9289,,"{""office"": ""U.S. Representative, District 03"", ""candidates"": [{""name"": ""Richard Gonzalez"", ""party"": ""D""}], ""source"": ""mock""}",Synthetic mock row — replace via scripts/build_master_dataset.py,mock
IL-04,IL,4,1704,D,Susan Wilson,D,2023,3.0,-9.7,Likely D,,True,False,attack,5611965.0,5396933.0,9066928.0,7012423.0,6358264.0,3375768.0,2584328.0,8249442.0,7086542.0,2727978.0,398973.0,1426159.0,521206.0,5713025.0,,747687,597241,130878.0,0.6374,0.0882,0.203,0.0715,0.1769,0.4175,,"{""office"": ""U.S. Representative, District 04"", ""candidates"": [{""name"": ""Susan Wilson"", ""party"": ""D""}, {""name"": ""Donna Thomas"", ""party"": ""R""}], ""source"": ""mock""}",Synthetic mock row — replace via scripts/build_master_dataset.py,mock
IL-05,IL,5,1705,D,Joseph Anderson,D,2021,5.0,-7.6,Likely D,,True,False,attack,3021016.0,2781114.0,3400791.0,2740491.0,2177500.0,2915603.0,2628934.0,3655230.0,3564310.0,1353057.0,258113.0,1156723.0,770725.0,2688169.0,,818991,661513,67181.0,0.6878,0.157,0.1319,0.0234,0.268,0.8813,,"{""office"": ""U.S. Representative, District 05"", ""candidates"": [{""name"": ""Joseph Anderson"", ""party"": ""D""}, {""name"": ""Steven Ramirez"", ""party"": ""R""}], ""source"": ""mock""}",Synthetic mock row — replace via scripts/build_master_dataset.py,mock
IL-06,IL,6,1706,D,Jessica Thomas,D,2014,12.0,-10.8,Solid D,,True,False,attack,2571627.0,2378416.0,2869061.0,2494229.0,1794722.0,2302297.0,1917003.0,1964872.0,1672091.0,571253.0,712224.0,610549.0,813352.0,2033729.0,,745345,551200,54748.0,0.7179,0.0252,0.2085,0.0484,0.489,0.2405,,"{""office"": ""U.S. Representative, District 06"", ""candidates"": [{""name"": ""Jessica Thomas"", ""party"": ""D""}, {""name"": ""Donald Perez"", ""party"": ""R""}], ""source"": ""mock""}",Synthetic mock row — replace via scripts/build_master_dataset.py,mock
IL-07,IL,7,1707,D,Thomas Taylor,D,2008,18.0,-12.3,Solid D,,True,False,safe,3024197.0,2427040.0,4115359.0,3647062.0,1268680.0,3204472.0,2540992.0,3242092.0,2534551.0,740155.0,178275.0,1124525.0,1319328.0,2518835.0,,738297,543639,72682.0,0.8034,0.0292,0.1036,0.0638,0.3252,0.7101,,"{""office"": ""U.S. Representative, District 07"", ""candidates"": [{""name"": ""Thomas Taylor"", ""party"": ""D""}, {""name"": ""Emily Lee"", ""party"": ""R""}], ""source"": ""mock""}",Synthetic mock row — replace via scripts/build_master_dataset.py,mock
IL-08,IL,8,1708,D,Sarah Moore,D,2016,10.0,-2.5,Tilt D,,True,False,attack,7952106.0,6236558.0,10567517.0,9345221.0,2432485.0,5971179.0,5610732.0,6556458.0,5552072.0,2512084.0,1178115.0,5682593.0,1082907.0,9074616.0,,725775,586274,63274.0,0.7044,0.0392,0.2124,0.0439,0.2528,0.6006,,"{""office"": ""U.S. Representative, District 08"", ""candidates"": [{""name"": ""Sarah Moore"", ""party"": ""D""}, {""name"": ""Richard Martinez"", ""party"": ""R""}], ""source"": ""mock""}",Synthetic mock row — replace via scripts/build_master_dataset.py,mock
IL-09,IL,9,1709,D,Christopher Jackson,D,2011,15.0,-4.3,Lean D,,True,False,attack,8413040.0,7811012.0,14151266.0,10978309.0,5269008.0,6219830.0,5428249.0,13075062.0,11384876.0,4123841.0,2934790.0,2729558.0,1859709.0,10487890.0,,699891,538611,38000.0,0.6917,0.1137,0.1659,0.0286,0.1383,0.9226,,"{""office"": ""U.S. Representative, District 09"", ""candidates"": [{""name"": ""Christopher Jackson"", ""party"": ""D""}, {""name"": ""Mary Harris"", ""party"": ""R""}], ""source"": ""mock""}",Synthetic mock row — replace via scripts/build_master_dataset.py,mock
IL-10,IL,10,1710,R,Karen Martin,R,2009,17.0,3.2,Tilt R,,True,False,defend,8583838.0,7027285.0,8066009.0,7465358.0,4371989.0,7803025.0,6004414.0,6696383.0,5659608.0,3943001.0,2619518.0,3575968.0,1753276.0,7995256.0,,691032,525009,62401.0,0.7698,0.0521,0.1126,0.0655,0.3494,0.3478,,"{""office"": ""U.S. Representative, District 10"", ""candidates"": [{""name"": ""Karen Martin"", ""party"": ""R""}, {""name"": ""Jennifer Sanchez"", ""party"": ""D""}], ""source"": ""mock""}",Synthetic mock row — replace via scripts/build_master_dataset.py,mock
IL-11,IL,11,1711,D,Daniel Lee,D,2013,13.0,-18.4,Solid D,,True,False,safe,2997470.0,2422009.0,3244158.0,2974610.0,477892.0,2778615.0,2129009.0,2727494.0,2474256.0,451576.0,757534.0,811528.0,888352.0,1669011.0,,755233,550569,87262.0,0.6503,0.1655,0.1634,0.0208,0.2693,0.9239,,"{""office"": ""U.S. Representative, District 11"", ""candidates"": [{""name"": ""Daniel Lee"", ""party"": ""D""}], ""source"": ""mock""}",Synthetic mock row — replace via scripts/build_master_dataset.py,mock
IL-12,IL,12,1712,D,Lisa Perez,D,2014,12.0,-9.0,Likely D,,True,False,attack,7100193.0,5454268.0,6891414.0,5944001.0,1331659.0,5233689.0,4741292.0,6938022.0,6465115.0,3478693.0,2445155.0,2886167.0,1934548.0,5582651.0,,702837,552470,81693.0,0.7375,0.0274,0.1835,0.0516,0.3186,0.8081,,"{""office"": ""U.S. Representative, District 12"", ""candidates"": [{""name"": ""Lisa Perez"", ""party"": ""D""}, {""name"": ""Michael Gonzalez"", ""party"": ""R""}], ""source"": ""mock""}",Synthetic mock row — replace via scripts/build_master_dataset.py,mock
IL-13,IL,13,1713,D,Matthew Thompson,D,2021,5.0,-7.3,Likely D,,True,False,attack,6742850.0,5394911.0,9745964.0,7547933.0,9203205.0,6506239.0,6172807.0,6835438.0,5603955.0,2832457.0,1281853.0,2721573.0,1325766.0,6971471.0,,742467,607192,47285.0,0.7962,0.0513,0.1177,0.0347,0.2626,0.2336,,"{""office"": ""U.S. Representative, District 13"", ""candidates"": [{""name"": ""Matthew Thompson"", ""party"": ""D""}, {""name"": ""David Nguyen"", ""party"": ""R""}], ""source"": ""mock""}",Synthetic mock row — replace via scripts/build_master_dataset.py,mock
IL-14,IL,14,1714,D,Nancy White,D,2022,4.0,-8.4,Likely D,,True,False,attack,4465788.0,4057807.0,7666024.0,6059574.0,1918034.0,4105379.0,3268511.0,8047794.0,6037560.0,1516167.0,275484.0,1986849.0,2671157.0,4942500.0,,755841,591283,73349.0,0.7013,0.0757,0.1985,0.0245,0.4447,0.3451,,"{""office"": ""U.S. Representative, District 14"", ""candidates"": [{""name"": ""Nancy White"", ""party"": ""D""}, {""name"": ""John Wright"", ""party"": ""R""}], ""source"": ""mock""}",Synthetic mock row — replace via scripts/build_master_dataset.py,mock
IL-15,IL,15,1715,R,Anthony Harris,R,2011,15.0,-1.5,Tilt D,,True,False,defend,9940059.0,8080782.0,7674479.0,6033898.0,5976693.0,8035207.0,6090933.0,7943452.0,6471423.0,4115652.0,921293.0,1493039.0,688520.0,8877727.0,,742958,542906,104059.0,0.7383,0.0485,0.1504,0.0627,0.5148,0.5429,,"{""office"": ""U.S. Representative, District 15"", ""candidates"": [{""name"": ""Anthony Harris"", ""party"": ""R""}, {""name"": ""Emily Thomas"", ""party"": ""D""}], ""source"": ""mock""}",Synthetic mock row — replace via scripts/build_master_dataset.py,mock
IL-16,IL,16,1716,D,Betty Sanchez,D,2022,4.0,-1.9,Tilt D,,True,False,attack,9372450.0,9136511.0,13280108.0,11317364.0,6002241.0,7253670.0,6063531.0,9863860.0,7701648.0,2519085.0,711690.0,4265009.0,1330762.0,11290035.0,,726468,585284,85697.0,0.6892,0.1019,0.1799,0.029,0.2776,0.52,,"{""office"": ""U.S. Representative, District 16"", ""candidates"": [{""name"": ""Betty Sanchez"", ""party"": ""D""}, {""name"": ""Christopher Scott"", ""party"": ""R""}], ""source"": ""mock""}",Synthetic mock row — replace via scripts/build_master_dataset.py,mock
IL-17,IL,17,1717,R,Mark Clark,R,2020,6.0,-0.9,Toss-up,,True,False,defend,7353230.0,7052772.0,5498316.0,5067068.0,6756262.0,4958356.0,3775258.0,4527303.0,3532099.0,2980529.0,829664.0,1320999.0,1560101.0,6585132.0,,714222,533333,73757.0,0.7734,0.0335,0.1571,0.036,0.5589,0.7244,,"{""office"": ""U.S. Representative, District 17"", ""candidates"": [{""name"": ""Mark Clark"", ""party"": ""R""}, {""name"": ""Lisa Sanchez"", ""party"": ""D""}], ""source"": ""mock""}",Synthetic mock row — replace via scripts/build_master_dataset.py,mock
IN-01,IN,1,1801,D,Margaret Ramirez,D,2008,18.0,3.6,Lean R,,True,False,attack,7427675.0,6696256.0,10003317.0,8813106.0,4240499.0,6424198.0,5866353.0,7823136.0,7026271.0,2294658.0,381190.0,3287415.0,518346.0,8272749.0,,715297,581116,87857.0,0.6935,0.0885,0.1368,0.0812,0.3177,0.6648,,"{""office"": ""U.S. Representative, District 01"", ""candidates"": [{""name"": ""Margaret Ramirez"", ""party"": ""D""}, {""name"": ""Karen Ramirez"", ""party"": ""R""}], ""source"": ""mock""}",Synthetic mock row — replace via scripts/build_master_dataset.py,mock
IN-02,IN,2,1802,R,Donald Lewis,R,2009,17.0,5.0,Lean R,,True,False,defend,5848301.0,4638476.0,3928825.0,3379650.0,5187293.0,6426255.0,5940047.0,4157290.0,3535675.0,1365524.0,373235.0,1316361.0,1156774.0,4448592.0,,718561,586844,63970.0,0.662,0.0731,0.2006,0.0643,0.387,0.4031,,"{""office"": ""U.S. Representative, District 02"", ""candidates"": [{""name"": ""Donald Lewis"", ""party"": ""R""}, {""name"": ""Nancy Martinez"", ""party"": ""D""}], ""source"": ""mock""}",Synthetic mock row — replace via scripts/build_master_dataset.py,mock
IN-03,IN,3,1803,D,Sandra Robinson,D,2007,19.0,-2.0,Tilt D,,True,False,attack,7161704.0,6053195.0,9869864.0,9188525.0,10635493.0,6115053.0,5421184.0,10563770.0,8650197.0,3028799.0,1948298.0,2792038.0,2940868.0,8464689.0,,775759,559781,39373.0,0.7646,0.1057,0.0791,0.0505,0.3522,0.6784,,"{""office"": ""U.S. Representative, District 03"", ""candidates"": [{""name"": ""Sandra Robinson"", ""party"": ""D""}, {""name"": ""Sarah King"", ""party"": ""R""}], ""source"": ""mock""}",Synthetic mock row — replace via scripts/build_master_dataset.py,mock
IN-04,IN,4,1804,R,OPEN SEAT,,,0.0,12.3,Solid R,,False,True,safe,2694804.0,2308102.0,2780571.0,2488483.0,332251.0,2189504.0,1782482.0,2050576.0,1776294.0,1359494.0,354183.0,1279275.0,691428.0,1931712.0,,713260,544151,69191.0,0.7949,0.0725,0.1116,0.0209,0.285,0.9222,,"{""office"": ""U.S. Representative, District 04"", ""candidates"": [{""name"": ""Jennifer Nguyen"", ""party"": ""D""}], ""source"": ""mock""}",Synthetic mock row — replace via scripts/build_master_dataset.py,mock
IN-05,IN,5,1805,R,Steven Walker,R,2011,15.0,0.2,Toss-up,,True,False,defend,6654273.0,5593462.0,4929447.0,4830535.0,2740896.0,5720392.0,4659377.0,4324159.0,3682819.0,1713383.0,1714128.0,1687661.0,573115.0,6049019.0,,746344,553929,100915.0,0.715,0.0844,0.164,0.0365,0.4647,0.4903,,"{""office"": ""U.S. Representative, District 05"", ""candidates"": [{""name"": ""Steven Walker"", ""party"": ""R""}, {""name"": ""John Ramirez"", ""party"": ""D""}], ""source"": ""mock""}",Synthetic mock row — replace via scripts/build_master_dataset.py,mock
IN-06,IN,6,1806,R,Ashley Young,R,2018,8.0,9.4,Likely R,,True,False,defend,4074655.0,3918564.0,4157496.0,3508189.0,1873034.0,3891636.0,3062787.0,3683881.0,2996562.0,2045113.0,783616.0,1191294.0,477420.0,3238528.0,,754847,609873,85195.0,0.7867,0.1328,0.0546,0.0259,0.3085,0.7454,,"{""office"": ""U.S. Representative, District 06"", ""candidates"": [{""name"": ""Ashley Young"", ""party"": ""R""}, {""name"": ""John Clark"", ""party"": ""D""}], ""source"": ""mock""}",Synthetic mock row — replace via scripts/build_master_dataset.py,mock
IN-07,IN,7,1807,R,Paul Allen,R,2015,11.0,25.8,Solid R,,True,False,safe,2998469.0,2700981.0,1870938.0,1700608.0,181941.0,2745141.0,2527228.0,1266377.0,1019078.0,1625938.0,354827.0,457769.0,575504.0,1107790.0,,788503,596407,63522.0,0.6641,0.1304,0.1805,0.0249,0.2393,0.7107,,"{""office"": ""U.S. Representative, District 07"", ""candidates"": [{""name"": ""Paul Allen"", ""party"": ""R""}], ""source"": ""mock""}",Synthetic mock row — replace via scripts/build_master_dataset.py,mock
IN-08,IN,8,1808,D,Kimberly King,D,2008,18.0,-6.1,Likely D,,True,False,attack,3309239.0,3099872.0,3864580.0,3710851.0,4095439.0,2375467.0,1903949.0,2336600.0,1919448.0,709001.0,470443.0,1094148.0,927235.0,3153611.0,,710637,537984,66216.0,0.8207,0.0265,0.096,0.0568,0.2959,0.8989,,"{""office"": ""U.S. Representative, District 08"", ""candidates"": [{""name"": ""Kimberly King"", ""party"": ""D""}, {""name"": ""Daniel Rodriguez"", ""party"": ""R""}], ""source"": ""mock""}",Synthetic mock row — replace via scripts/build_master_dataset.py,mock
IN-09,IN,9,1809,R,Andrew Wright,R,2011,15.0,2.8,Tilt R,,True,False,defend,9560899.0,8056521.0,8141205.0,6545834.0,7301830.0,6805181.0,5423757.0,5570170.0,5108028.0,2187405.0,1313467.0,2870735.0,1595782.0,8599682.0,,801142,614567,76896.0,0.7439,0.126,0.1033,0.0269,0.2446,0.6964,,"{""office"": ""U.S. Representative, District 09"", ""candidates"": [{""name"": ""Andrew Wright"", ""party"": ""R""}, {""name"": ""Kimberly Lewis"", ""party"": ""D""}], ""source"": ""mock""}",Synthetic mock row — replace via scripts/build_master_dataset.py,mock
KS-01,KS,1,2001,R,Emily Scott,R,2011,15.0,20.0,Solid R,,False,False,safe,3885426.0,3595914.0,3008645.0,2423075.0,265950.0,3514754.0,2891706.0,2459393.0,2069649.0,964805.0,1358607.0,727674.0,900158.0,1689047.0,,799191,601159,81008.0,0.8094,0.0259,0.1534,0.0113,0.3628,0.3909,,"{""office"": ""U.S. Representative, District 01"", ""candidates"": [{""name"": ""Emily Scott"", ""party"": ""R""}], ""source"": ""mock""}",Synthetic mock row — replace via scripts/build_master_dataset.py,mock
KS-02,KS,2,2002,R,Joshua Torres,R,2022,4.0,12.6,Solid R,,True,False,safe,4629623.0,3785616.0,4752658.0,3940137.0,1940993.0,3413619.0,2957282.0,4156841.0,4058707.0,1108003.0,909225.0,997130.0,736661.0,3270663.0,,744819,577207,62611.0,0.7988,0.0298,0.1489,0.0225,0.2883,0.1753,,"{""office"": ""U.S. Representative, District 02"", ""candidates"": [{""name"": ""Joshua Torres"", ""party"": ""R""}, {""name"": ""Elizabeth Lee"", ""party"": ""D""}], ""source"": ""mock""}",Synthetic mock row — replace via scripts/build_master_dataset.py,mock
KS-03,KS,3,2003,R,Donna Nguyen,R,2013,13.0,14.9,Solid R,,True,False,safe,2860358.0,2515825.0,1818818.0,1487335.0,205624.0,2837370.0,2528984.0,1469890.0,1381488.0,944536.0,284353.0,482410.0,369214.0,1480491.0,,744171,605558,89803.0,0.7558,0.0896,0.0888,0.0658,0.12,0.5328,,"{""office"": ""U.S. Representative, District 03"", ""candidates"": [{""name"": ""Donna Nguyen"", ""party"": ""R""}], ""source"": ""mock""}",Synthetic mock row — replace via scripts/build_master_dataset.py,mock
KS-04,KS,4,2004,R,Kenneth Hill,R,2019,7.0,6.0,Likely R,,True,False,defend,9158856.0,7331536.0,9784527.0,8413549.0,9991418.0,8249691.0,7136051.0,9621623.0,7338798.0,1519951.0,1082735.0,4766127.0,2313494.0,8354032.0,,787937,571551,59460.0,0.7094,0.1254,0.1322,0.033,0.3714,0.866,,"{""office"": ""U.S. Representative, District 04"", ""candidates"": [{""name"": ""Kenneth Hill"", ""party"": ""R""}, {""name"": ""Donna Davis"", ""party"": ""D""}], ""source"": ""mock""}",Synthetic mock row — replace via scripts/build_master_dataset.py,mock
KY-01,KY,1,2101,R,Michelle Flores,R,2010,16.0,9.1,Likely R,,True,False,defend,8927034.0,8201292.0,8039704.0,6707248.0,6080285.0,6591737.0,5132026.0,7470627.0,6173106.0,3897304.0,2121999.0,3898325.0,515000.0,6745975.0,,798542,581974,90250.0,0.8069,0.0559,0.1225,0.0147,0.1435,0.7604,,"{""office"": ""U.S. Representative, District 01"", ""candidates"": [{""name"": ""Michelle Flores"", ""party"": ""R""}, {""name"": ""Anthony Sanchez"", ""party"": ""D""}], ""source"": ""mock""}",Synthetic mock row — replace via scripts/build_master_dataset.py,mock
KY-02,KY,2,2102,R,OPEN SEAT,,,0.0,16.2,Solid R,,False,True,safe,2275475.0,2167348.0,2196899.0,2139936.0,704769.0,1966368.0,1630584.0,2040801.0,1884192.0,835440.0,289421.0,480820.0,222039.0,1333662.0,,761735,548693,66685.0,0.737,0.0293,0.1615,0.0722,0.363,0.2911,,"{""office"": ""U.S. Representative, District 02"", ""candidates"": [], ""source"": ""mock""}",Synthetic mock row — replace via scripts/build_master_dataset.py,mock
KY-03,KY,3,2103,R,James Smith,R,2012,14.0,7.1,Likely R,,True,False,defend,3873836.0,3333506.0,2117913.0,1803880.0,815276.0,2466047.0,1852058.0,1748537.0,1389010.0,946599.0,1123701.0,1093215.0,363822.0,2550089.0,,803013,655474,81166.0,0.6561,0.0885,0.2121,0.0432,0.2897,0.9329,,"{""office"": ""U.S. Representative, District 03"", ""candidates"": [{""name"": ""James Smith"", ""party"": ""R""}, {""name"": ""Elizabeth Moore"", ""party"": ""D""}], ""source"": ""mock""}",Synthetic mock row — replace via scripts/build_master_dataset.py,mock
KY-04,KY,4,2104,R,Mary Johnson,R,2006,20.0,13.5,Solid R,,True,False,safe,2751588.0,2539432.0,2459051.0,2339634.0,1341248.0,2428040.0,2057201.0,1645975.0,1395995.0,626261.0,674798.0,944343.0,237198.0,1750775.0,,816482,612846,62812.0,0.7587,0.0987,0.0839,0.0587,0.4978,0.6757,,"{""office"": ""U.S. Representative, District 04"", ""candidates"": [{""name"": ""Mary Johnson"", ""party"": ""R""}], ""source"": ""mock""}",Synthetic mock row — replace via scripts/build_master_dataset.py,mock
KY-05,KY,5,2105,R,Robert Williams,R,2010,16.0,13.5,Solid R,,True,False,safe,4581528.0,3646605.0,3598374.0,2791712.0,2036927.0,3872304.0,3398372.0,3879659.0,3183804.0,1802282.0,685536.0,1185100.0,1111175.0,2748447.0,,775450,622316,83907.0,0.6431,0.0858,0.2045,0.0666,0.2149,0.7035,,"{""office"": ""U.S. Representative, District 05"", ""candidates"": [{""name"": ""Robert Williams"", ""party"": ""R""}], ""source"": ""mock""}",Synthetic mock row — replace via scripts/build_master_dataset.py,mock
KY-06,KY,6,2106,R,Patricia Brown,R,2022,4.0,20.8,Solid R,,True,False,safe,3157433.0,2655696.0,2462564.0,1869596.0,749414.0,2040584.0,1721404.0,2159693.0,1782768.0,582842.0,758589.0,1220274.0,153531.0,1313955.0,,699551,554461,78935.0,0.8153,0.0239,0.1019,0.059,0.1907,0.6959,,"{""office"": ""U.S. Representative, District 06"", ""candidates"": [{""name"": ""Patricia Brown"", ""party"": ""R""}], ""source"": ""mock""}",Synthetic mock row — replace via scripts/build_master_dataset.py,mock
LA-01,LA,1,2201,R,John Jones,R,2016,10.0,4.9,Lean R,,False,False,defend,6525554.0,5979915.0,5950440.0,5487553.0,5423372.0,6338170.0,5050695.0,4304418.0,4132412.0,2944742.0,1613945.0,2441927.0,1911920.0,5694044.0,,748112,565408,81674.0,0.4057,0.3428,0.1907,0.0609,0.2343,0.2997,,"{""office"": ""U.S. Representative, District 01"", ""candidates"": [{""name"": ""John Jones"", ""party"": ""R""}, {""name"": ""Michael Thomas"", ""party"": ""D""}], ""source"": ""mock""}",Synthetic mock row — replace via scripts/build_master_dataset.py,mock
LA-02,LA,2,2202,R,Jennifer Garcia,R,2005,21.0,17.9,Solid R,,True,False,safe,3474351.0,2778688.0,2518567.0,2369163.0,385692.0,2218835.0,2019678.0,1690193.0,1572192.0,783738.0,421772.0,1162675.0,190907.0,1644457.0,,793454,641467,90989.0,0.4844,0.2193,0.2266,0.0697,0.3369,0.8955,,"{""office"": ""U.S. Representative, District 02"", ""candidates"": [{""name"": ""Jennifer Garcia"", ""party"": ""R""}, {""name"": ""Joshua Robinson"", ""party"": ""D""}], ""source"": ""mock""}",Synthetic mock row — replace via scripts/build_master_dataset.py,mock
LA-03,LA,3,2203,R,Michael Miller,R,2019,7.0,18.2,Solid R,,False,False,safe,3437815.0,3225241.0,3313689.0,2689255.0,1074413.0,2859766.0,2362670.0,2706845.0,2147634.0,1515813.0,655122.0,538511.0,1119970.0,1824256.0,,770214,578598,38774.0,0.5522,0.3363,0.0978,0.0137,0.3348,0.2076,,"{""office"": ""U.S. Representative, District 03"", ""candidates"": [{""name"": ""Michael Miller"", ""party"": ""R""}, {""name"": ""Thomas Walker"", ""party"": ""D""}], ""source"": ""mock""}",Synthetic mock row — replace via scripts/build_master_dataset.py,mock
LA-04,LA,4,2204,R,Linda Davis,R,2008,18.0,13.7,Solid R,,True,False,safe,5289943.0,4156708.0,2943969.0,2295436.0,2449277.0,5640328.0,5292328.0,2717268.0,2499655.0,2825952.0,693839.0,1415047.0,458117.0,2743540.0,,810085,649476,74423.0,0.4549,0.292,0.2164,0.0367,0.2827,0.9454,,"{""office"": ""U.S. Representative, District 04"", ""candidates"": [{""name"": ""Linda Davis"", ""party"": ""R""}], ""source"": ""mock""}",Synthetic mock row — replace via scripts/build_master_dataset.py,mock
LA-05,LA,5,2205,R,David Rodriguez,R,2023,3.0,5.8,Lean R,,True,False,defend,8641078.0,6672847.0,5284762.0,4732459.0,1547009.0,9209902.0,8908099.0,4572375.0,3647740.0,3656540.0,764627.0,1235781.0,979187.0,6180288.0,,712965,559388,86323.0,0.8235,0.0486,0.0683,0.0596,0.4271,0.6666,,"{""office"": ""U.S. Representative, District 05"", ""candidates"": [{""name"": ""David Rodriguez"", ""party"": ""R""}, {""name"": ""Linda Nguyen"", ""party"": ""D""}], ""source"": ""mock""}",Synthetic mock row — replace via scripts/build_master_dataset.py,mock
LA-06,LA,6,2206,R,Elizabeth Martinez,R,2014,12.0,18.9,Solid R,,True,False,safe,1746458.0,1378614.0,1358602.0,1177324.0,142791.0,1819667.0,1626766.0,1435079.0,1365086.0,515218.0,175603.0,421180.0,388275.0,808558.0,,790678,580608,107905.0,0.4885,0.3624,0.1152,0.0339,0.254,0.5809,,"{""office"": ""U.S. Representative, District 06"", ""candidates"": [{""name"": ""Elizabeth Martinez"", ""party"": ""R""}, {""name"": ""Emily Thompson"", ""party"": ""D""}], ""source"": ""mock""}",Synthetic mock row — replace via scripts/build_master_dataset.py,mock
MA-01,MA,1,2501,D,William Hernandez,D,2009,17.0,-13.0,Solid D,,True,False,safe,2676205.0,2525078.0,4892783.0,4253430.0,1165197.0,1841287.0,1736538.0,3407194.0,3144833.0,720300.0,620889.0,1456856.0,246183.0,2596163.0,,747556,580865,77172.0,0.7719,0.0638,0.1216,0.0426,0.3945,0.5998,,"{""office"": ""U.S. Representative, District 01"", ""candidates"": [{""name"": ""William Hernandez"", ""party"": ""D""}], ""source"": ""mock""}",Synthetic mock row — replace via scripts/build_master_dataset.py,mock
MA-02,MA,2,2502,D,Barbara Lopez,D,2007,19.0,-22.7,Solid D,,True,False,safe,2081182.0,1735050.0,2418126.0,1869879.0,153742.0,2259723.0,2179574.0,2202512.0,1777069.0,863498.0,201562.0,550464.0,758739.0,1023593.0,,789721,604515,68790.0,0.8458,0.0313,0.0874,0.0356,0.3152,0.8814,,"{""office"": ""U.S. Representative, District 02"", ""candidates"": [{""name"": ""Barbara Lopez"", ""party"": ""D""}], ""source"": ""mock""}",Synthetic mock row — replace via scripts/build_master_dataset.py,mock
MA-03,MA,3,2503,D,OPEN SEAT,,,0.0,-11.4,Solid D,,False,True,attack,4880952.0,4349681.0,5132234.0,4352893.0,3351276.0,3241348.0,2866846.0,5599859.0,4212047.0,1844687.0,1171824.0,2648769.0,893607.0,3658818.0,,777219,612195,68406.0,0.5916,0.1467,0.2003,0.0615,0.2156,0.9358,,"{""office"": ""U.S. Representative, District 03"", ""candidates"": [{""name"": ""Matthew Martin"", ""party"": ""R""}], ""source"": ""mock""}",Synthetic mock row — replace via scripts/build_master_dataset.py,mock
MA-04,MA,4,2504,D,Richard Gonzalez,D,2012,14.0,-7.5,Likely D,,True,False,attack,8788092.0,6730007.0,9956884.0,8481961.0,3762980.0,7718386.0,6927857.0,6260670.0,5580446.0,1354766.0,2041550.0,4420258.0,2794091.0,7872890.0,,698749,544881,84071.0,0.7245,0.1424,0.119,0.0142,0.2561,0.4762,,"{""office"": ""U.S. Representative, District 04"", ""candidates"": [{""name"": ""Richard Gonzalez"", ""party"": ""D""}, {""name"": ""Kenneth Harris"", ""party"": ""R""}], ""source"": ""mock""}",Synthetic mock row — replace via scripts/build_master_dataset.py,mock
MA-05,MA,5,2505,D,Susan Wilson,D,2019,7.0,-18.8,Solid D,,True,False,safe,1929056.0,1644187.0,2547155.0,2256469.0,454161.0,1802408.0,1471505.0,1862700.0,1483960.0,992979.0,559117.0,517848.0,697965.0,1171872.0,,713370,564375,79243.0,0.7999,0.118,0.042,0.0401,0.3215,0.4025,,"{""office"": ""U.S. Representative, District 05"", ""candidates"": [{""name"": ""Susan Wilson"", ""party"": ""D""}], ""source"": ""mock""}",Synthetic mock row — replace via scripts/build_master_dataset.py,mock
MA-06,MA,6,2506,D,OPEN SEAT,,,0.0,-10.4,Solid D,,False,True,attack,3949630.0,3750347.0,5302986.0,4432201.0,1354560.0,3744331.0,3311228.0,3863602.0,3271430.0,616443.0,280233.0,1209669.0,1489073.0,3510443.0,,767850,603312,50180.0,0.6062,0.1236,0.1963,0.0739,0.3359,0.9322,,"{""office"": ""U.S. Representative, District 06"", ""candidates"": [{""name"": ""Emily Thomas"", ""party"": ""R""}], ""source"": ""mock""}",Synthetic mock row — replace via scripts/build_master_dataset.py,mock
MA-07,MA,7,2507,D,Joseph Anderson,D,2011,15.0,-12.7,Solid D,,True,False,safe,4673301.0,4335055.0,5823037.0,5104549.0,3499926.0,3484175.0,3162903.0,3854532.0,2983226.0,1071678.0,1392053.0,3195116.0,462942.0,3644328.0,,765988,616933,69762.0,0.7861,0.1555,0.0412,0.0172,0.3435,0.9764,,"{""office"": ""U.S. Representative, District 07"", ""candidates"": [{""name"": ""Joseph Anderson"", ""party"": ""D""}], ""source"": ""mock""}",Synthetic mock row — replace via scripts/build_master_dataset.py,mock
MA-08,MA,8,2508,D,Jessica Thomas,D,2022,4.0,-18.4,Solid D,,True,False,safe,1875014.0,1716579.0,2352264.0,2110636.0,616906.0,1951480.0,1866194.0,2176448.0,1972763.0,331982.0,196768.0,1250443.0,801170.0,1130374.0,,819513,664322,77199.0,0.7627,0.0682,0.0924,0.0767,0.28,0.7554,,"{""office"": ""U.S. Representative, District 08"", ""candidates"": [{""name"": ""Jessica Thomas"", ""party"": ""D""}], ""source"": ""mock""}",Synthetic mock row — replace via scripts/build_master_dataset.py,mock
MA-09,MA,9,2509,D,OPEN SEAT,,,0.0,-7.8,Likely D,,False,True,attack,4885898.0,4564909.0,6307376.0,6001117.0,1847328.0,3141410.0,2736843.0,5706564.0,4573196.0,806282.0,1281804.0,2331159.0,1685193.0,4654163.0,,731929,537445,79242.0,0.7992,0.0598,0.1269,0.0141,0.12,0.99,,"{""office"": ""U.S. Representative, District 09"", ""candidates"": [{""name"": ""Kimberly Robinson"", ""party"": ""R""}], ""source"": ""mock""}",Synthetic mock row — replace via scripts/build_master_dataset.py,mock
MD-01,MD,1,2401,D,Thomas Taylor,D,2006,20.0,-4.4,Lean D,,True,False,attack,4518905.0,4018238.0,6150608.0,5688472.0,3735126.0,4552043.0,3946689.0,6186817.0,5674469.0,1952645.0,1351623.0,1076484.0,1700555.0,4944253.0,,802587,615024,66019.0,0.4635,0.3257,0.1909,0.0198,0.3209,0.6296,,"{""office"": ""U.S. Representative, District 01"", ""candidates"": [{""name"": ""Thomas Taylor"", ""party"": ""D""}, {""name"": ""Emily Taylor"", ""party"": ""R""}], ""source"": ""mock""}",Synthetic mock row — replace via scripts/build_master_dataset.py,mock
MD-02,MD,2,2402,D,OPEN SEAT,,,0.0,-14.4,Solid D,,False,True,safe,4550696.0,4115267.0,5470924.0,4478640.0,1321797.0,4536587.0,4084170.0,4103871.0,3596541.0,858067.0,1420716.0,1942426.0,1050463.0,3240992.0,,744449,562113,99587.0,0.4701,0.3408,0.1152,0.0739,0.4845,0.3982,,"{""office"": ""U.S. Representative, District 02"", ""candidates"": [], ""source"": ""mock""}",Synthetic mock row — replace via scripts/build_master_dataset.py,mock
MD-03,MD,3,2403,D,Sarah Moore,D,2008,18.0,-7.2,Likely D,,True,False,attack,3973208.0,3529706.0,4931250.0,3733220.0,3369798.0,4150408.0,3813892.0,5279751.0,4777098.0,1123810.0,1183535.0,2151098.0,436362.0,3777271.0,,803830,586804,71858.0,0.2873,0.4576,0.1831,0.072,0.2645,0.7696,,"{""office"": ""U.S. Representative, District 03"", ""candidates"": [{""name"": ""Sarah Moore"", ""party"": ""D""}, {""name"": ""David Nguyen"", ""party"": ""R""}], ""source"": ""mock""}",Synthetic mock row — replace via scripts/build_master_dataset.py,mock
MD-04,MD,4,2404,D,Christopher Jackson,D,2009,17.0,-1.0,Toss-up,,True,False,attack,3967871.0,3448398.0,5403459.0,5105678.0,1066230.0,2730693.0,2536118.0,5167049.0,4013861.0,1929620.0,828304.0,942643.0,1620895.0,4788750.0,,817757,614262,58752.0,0.4663,0.3763,0.0762,0.0812,0.3044,0.4828,,"{""office"": ""U.S. Representative, District 04"", ""candidates"": [{""name"": ""Christopher Jackson"", ""party"": ""D""}, {""name"": ""Barbara King"", ""party"": ""R""}], ""source"": ""mock""}",Synthetic mock row — replace via scripts/build_master_dataset.py,mock
MD-05,MD,5,2405,D,Karen Martin,D,2016,10.0,-14.8,Solid D,,True,False,safe,3833138.0,3141406.0,4537093.0,3988756.0,670620.0,3494919.0,3279848.0,3385205.0,3175230.0,1920330.0,244482.0,2481715.0,564114.0,2660060.0,,789690,644479,95588.0,0.6614,0.2567,0.0518,0.0302,0.2481,0.8894,,"{""office"": ""U.S. Representative, District 05"", ""candidates"": [{""name"": ""Karen Martin"", ""party"": ""D""}, {""name"": ""Jennifer Garcia"", ""party"": ""R""}], ""source"": ""mock""}",Synthetic mock row — replace via scripts/build_master_dataset.py,mock
MD-06,MD,6,2406,D,Daniel Lee,D,2019,7.0,-8.9,Likely D,,True,False,attack,4605112.0,3502112.0,6369206.0,5407151.0,4024366.0,4272638.0,3741087.0,6483935.0,4975222.0,1921356.0,656960.0,992156.0,615766.0,4394117.0,,719669,560933,61877.0,0.542,0.3847,0.0602,0.0131,0.1987,0.7838,,"{""office"": ""U.S. Representative, District 06"", ""candidates"": [{""name"": ""Daniel Lee"", ""party"": ""D""}, {""name"": ""Margaret Lee"", ""party"": ""R""}], ""source"": ""mock""}",Synthetic mock row — replace via scripts/build_master_dataset.py,mock
MD-07,MD,7,2407,D,Lisa Perez,D,2013,13.0,-27.1,Solid D,,True,False,safe,1754440.0,1451633.0,1872239.0,1691440.0,188717.0,1597298.0,1213670.0,1871506.0,1566344.0,929878.0,342079.0,361889.0,479945.0,825070.0,,728645,528034,71376.0,0.3198,0.4634,0.1363,0.0805,0.1488,0.5442,,"{""office"": ""U.S. Representative, District 07"", ""candidates"": [{""name"": ""Lisa Perez"", ""party"": ""D""}], ""source"": ""mock""}",Synthetic mock row — replace via scripts/build_master_dataset.py,mock
MD-08,MD,8,2408,D,Matthew Thompson,D,2012,14.0,-18.7,Solid D,,True,False,safe,2327145.0,1809846.0,3286135.0,2508943.0,269574.0,2398399.0,2252953.0,3317097.0,3055330.0,1232244.0,799823.0,1667101.0,295351.0,1477415.0,,756011,553313,66826.0,0.7477,0.0918,0.1454,0.015,0.479,0.6914,,"{""office"": ""U.S. Representative, District 08"", ""candidates"": [{""name"": ""Matthew Thompson"", ""party"": ""D""}, {""name"": ""Christopher Miller"", ""party"": ""R""}], ""source"": ""mock""}",Synthetic mock row — replace via scripts/build_master_dataset.py,mock
ME-01,ME,1,2301,R,Nancy White,R,2017,9.0,-1.5,Tilt D,,True,False,defend,11251887.0,9127724.0,9473760.0,8199450.0,8419569.0,9316477.0,8155252.0,6273725.0,5930459.0,2701543.0,655977.0,1565920.0,855013.0,10445726.0,,725884,594795,79808.0,0.5941,0.1717,0.2033,0.0309,0.3745,0.7053,,"{""office"": ""U.S. Representative, District 01"", ""candidates"": [{""name"": ""Nancy White"", ""party"": ""R""}, {""name"": ""James Thompson"", ""party"": ""D""}], ""source"": ""mock""}",Synthetic mock row — replace via scripts/build_master_dataset.py,mock
ME-02,ME,2,2302,R,Anthony Harris,R,2006,20.0,3.2,Tilt R,,True,False,defend,6123432.0,5798379.0,5273993.0,4188266.0,1368593.0,4691820.0,4136881.0,5458651.0,4198557.0,1153071.0,1776488.0,1828197.0,645814.0,5473044.0,,730045,542145,75097.0,0.7943,0.0428,0.0869,0.0761,0.3835,0.5212,,"{""office"": ""U.S. Representative, District 02"", ""candidates"": [{""name"": ""Anthony Harris"", ""party"": ""R""}, {""name"": ""Karen Scott"", ""party"": ""D""}], ""source"": ""mock""}",Synthetic mock row — replace via scripts/build_master_dataset.py,mock
MI-01,MI,1,2601,D,Betty Sanchez,D,2005,21.0,1.8,Tilt R,,True,False,attack,8781121.0,7358674.0,9077967.0,7353785.0,11592055.0,5554400.0,4691606.0,7886654.0,7298422.0,2675451.0,786293.0,4495959.0,455034.0,8925972.0,,692958,508603,64633.0,0.7249,0.0555,0.1452,0.0743,0.1517,0.5316,,"{""office"": ""U.S. Representative, District 01"", ""candidates"": [{""name"": ""Betty Sanchez"", ""party"": ""D""}, {""name"": ""Betty Harris"", ""party"": ""R""}], ""source"": ""mock""}",Synthetic mock row — replace via scripts/build_master_dataset.py,mock
MI-02,MI,2,2602,D,OPEN SEAT,,,0.0,-1.1,Toss-up,,False,True,attack,4694675.0,3624535.0,5427152.0,4869454.0,5854684.0,4072166.0,3663066.0,3572819.0,3315072.0,1317059.0,1528244.0,2405758.0,1581540.0,5158083.0,,701028,524894,38000.0,0.6706,0.1416,0.1581,0.0296,0.4307,0.8919,,"{""office"": ""U.S. Representative, District 02"", ""candidates"": [{""name"": ""Steven Miller"", ""party"": ""R""}], ""source"": ""mock""}",Synthetic mock row — replace via scripts/build_master_dataset.py,mock
MI-03,MI,3,2603,D,Mark Clark,D,2021,5.0,-8.0,Likely D,,True,False,attack,2683501.0,2276859.0,2894548.0,2454215.0,3257518.0,1615395.0,1474143.0,3084863.0,2568495.0,801296.0,480988.0,476688.0,603064.0,2303734.0,,744927,587698,70275.0,0.718,0.0805,0.1476,0.0539,0.12,0.9235,,"{""office"": ""U.S. Representative, District 03"", ""candidates"": [{""name"": ""Mark Clark"", ""party"": ""D""}, {""name"": ""Matthew Thomas"", ""party"": ""R""}], ""source"": ""mock""}",Synthetic mock row — replace via scripts/build_master_dataset.py,mock
MI-04,MI,4,2604,D,Margaret Ramirez,D,2004,22.0,-2.4,Tilt D,,True,False,attack,4798970.0,4036061.0,6182195.0,5048866.0,1171475.0,4894440.0,4623247.0,4129930.0,3128156.0,2159504.0,789894.0,2407811.0,768468.0,5396144.0,,783529,579407,64782.0,0.7979,0.029,0.1312,0.0419,0.1764,0.7815,,"{""office"": ""U.S. Representative, District 04"", ""candidates"": [{""name"": ""Margaret Ramirez"", ""party"": ""D""}, {""name"": ""Kimberly Ramirez"", ""party"": ""R""}], ""source"": ""mock""}",Synthetic mock row — replace via scripts/build_master_dataset.py,mock
MI-05,MI,5,2605,R,Donald Lewis,R,2015,11.0,2.8,Tilt R,,True,False,defend,6751636.0,6102135.0,6039004.0,5693443.0,5753543.0,4543634.0,4076624.0,5162591.0,4082430.0,1113226.0,1941139.0,1309348.0,467122.0,6213693.0,,746726,546112,57377.0,0.755,0.0732,0.1282,0.0437,0.12,0.915,,"{""office"": ""U.S. Representative, District 05"", ""candidates"": [{""name"": ""Donald Lewis"", ""party"": ""R""}, {""name"": ""Anthony Taylor"", ""party"": ""D""}], ""source"": ""mock""}",Synthetic mock row — replace via scripts/build_master_dataset.py,mock
MI-06,MI,6,2606,R,Sandra Robinson,R,2009,17.0,7.9,Likely R,,True,False,defend,8019972.0,7492639.0,6828783.0,5180226.0,1337327.0,6243618.0,5345178.0,7213585.0,5777339.0,3107639.0,463114.0,1120985.0,1831101.0,6153324.0,,739222,600231,67075.0,0.7564,0.0391,0.1592,0.0453,0.2943,0.581,,"{""office"": ""U.S. Representative, District 06"", ""candidates"": [{""name"": ""Sandra Robinson"", ""party"": ""R""}, {""name"": ""Linda Williams"", ""party"": ""D""}], ""source"": ""mock""}",Synthetic mock row — replace via scripts/build_master_dataset.py,mock
MI-07,MI,7,2607,R,Steven Walker,R,2012,14.0,6.3,Likely R,,True,False,defend,8437743.0,7578830.0,6868220.0,5591679.0,9198622.0,5428165.0,4326340.0,7000880.0,6055077.0,3025731.0,831529.0,3015228.0,526519.0,6685644.0,,697713,541476,98059.0,0.6392,0.1888,0.1359,0.0361,0.521,0.7239,,"{""office"": ""U.S. Representative, District 07"", ""candidates"": [{""name"": ""Steven Walker"", ""party"": ""R""}, {""name"": ""Richard Allen"", ""party"": ""D""}], ""source"": ""mock""}",Synthetic mock row — replace via scripts/build_master_dataset.py,mock
MI-08,MI,8,2608,D,Ashley Young,D,2022,4.0,-1.6,Tilt D,,True,False,attack,11030645.0,9295538.0,10409644.0,8405368.0,7899151.0,10434215.0,10123806.0,8878547.0,7698749.0,3726106.0,3021097.0,3139745.0,1855282.0,10775889.0,,710380,549230,70798.0,0.6745,0.1016,0.17,0.0538,0.57,0.8693,,"{""office"": ""U.S. Representative, District 08"", ""candidates"": [{""name"": ""Ashley Young"", ""party"": ""D""}, {""name"": ""Sandra White"", ""party"": ""R""}], ""source"": ""mock""}",Synthetic mock row — replace via scripts/build_master_dataset.py,mock
MI-09,MI,9,2609,D,Paul Allen,D,2015,11.0,-15.5,Solid D,,True,False,safe,5290381.0,4391466.0,5826789.0,5227000.0,1798106.0,3925637.0,3060746.0,5354597.0,5086427.0,1553283.0,951070.0,1353370.0,1258700.0,3424088.0,,803494,655225,63797.0,0.6513,0.1062,0.1801,0.0624,0.3033,0.8988,,"{""office"": ""U.S. Representative, District 09"", ""candidates"": [{""name"": ""Paul Allen"", ""party"": ""D""}], ""source"": ""mock""}",Synthetic mock row — replace via scripts/build_master_dataset.py,mock
MI-10,MI,10,2610,D,Kimberly King,D,2021,5.0,-5.0,Lean D,,True,False,attack,3462894.0,2851134.0,5612701.0,4381669.0,3482838.0,2582263.0,2387474.0,4666459.0,4351173.0,734844.0,751656.0,2668679.0,551875.0,4129396.0,,726958,574713,72430.0,0.6042,0.1293,0.2018,0.0647,0.2843,0.809,,"{""office"": ""U.S. Representative, District 10"", ""candidates"": [{""name"": ""Kimberly King"", ""party"": ""D""}, {""name"": ""Lisa Sanchez"", ""party"": ""R""}], ""source"": ""mock""}",Synthetic mock row — replace via scripts/build_master_dataset.py,mock
MI-11,MI,11,2611,R,OPEN SEAT,,,0.0,9.1,Likely R,,False,True,defend,5609203.0,4887852.0,5380240.0,4863632.0,4498624.0,6064148.0,4659897.0,3789721.0,2861919.0,1098176.0,945145.0,1811433.0,489271.0,4369403.0,,749241,555325,61714.0,0.7669,0.1531,0.0362,0.0437,0.3463,0.7832,,"{""office"": ""U.S. Representative, District 11"", ""candidates"": [{""name"": ""Betty Jones"", ""party"": ""D""}], ""source"": ""mock""}",Synthetic mock row — replace via scripts/build_master_dataset.py,mock
MI-12,MI,12,2612,D,Andrew Wright,D,2011,15.0,-1.6,Tilt D,,False,False,attack,7049051.0,6082564.0,9574386.0,7783175.0,8672757.0,5336828.0,4919210.0,9834480.0,8443579.0,3098198.0,1431883.0,4166282.0,1124899.0,8354940.0,,721824,555436,77073.0,0.5612,0.1594,0.2101,0.0692,0.1663,0.8029,,"{""office"": ""U.S. Representative, District 12"", ""candidates"": [{""name"": ""Andrew Wright"", ""party"": ""D""}, {""name"": ""Nancy Williams"", ""party"": ""R""}], ""source"": ""mock""}",Synthetic mock row — replace via scripts/build_master_dataset.py,mock
MI-13,MI,13,2613,R,Emily Scott,R,2009,17.0,12.6,Solid R,,True,False,safe,6218387.0,5714902.0,3785653.0,3687314.0,3326673.0,6019335.0,4866909.0,4077085.0,3675833.0,983856.0,2159845.0,963079.0,944288.0,3487408.0,,791789,601879,73408.0,0.6158,0.1836,0.1494,0.0512,0.386,0.8636,,"{""office"": ""U.S. Representative, District 13"", ""candidates"": [{""name"": ""Emily Scott"", ""party"": ""R""}], ""source"": ""mock""}",Synthetic mock row — replace via scripts/build_master_dataset.py,mock
MN-01,MN,1,2701,D,OPEN SEAT,,,0.0,-3.4,Tilt D,,False,True,attack,5670538.0,5233819.0,7047584.0,5528027.0,4723223.0,5064881.0,4650974.0,7452264.0,6705441.0,1328276.0,800612.0,3788710.0,1300992.0,6071631.0,,802611,604124,83201.0,0.6271,0.1641,0.1433,0.0656,0.2235,0.3577,,"{""office"": ""U.S. Representative, District 01"", ""candidates"": [{""name"": ""Ashley Davis"", ""party"": ""R""}], ""source"": ""mock""}",Synthetic mock row — replace via scripts/build_master_dataset.py,mock
MN-02,MN,2,2702,R,Joshua Torres,R,2007,19.0,8.2,Likely R,,True,False,defend,4081887.0,3547724.0,3911487.0,3166474.0,3997945.0,2619766.0,1986233.0,2882898.0,2533166.0,1790514.0,546946.0,1937738.0,477535.0,3278882.0,,819933,671720,110167.0,0.7593,0.029,0.169,0.0427,0.2659,0.6457,,"{""office"": ""U.S. Representative, District 02"", ""candidates"": [{""name"": ""Joshua Torres"", ""party"": ""R""}, {""name"": ""Michael Torres"", ""party"": ""D""}], ""source"": ""mock""}",Synthetic mock row — replace via scripts/build_master_dataset.py,mock
MN-03,MN,3,2703,D,OPEN SEAT,,,0.0,-13.0,Solid D,,False,True,safe,2370036.0,2129224.0,3676500.0,3270139.0,1072304.0,1593358.0,1423977.0,3815175.0,3250609.0,1073735.0,807409.0,1963053.0,1089056.0,2073962.0,,776073,593890,91507.0,0.7777,0.0408,0.1017,0.0798,0.2051,0.7055,,"{""office"": ""U.S. Representative, District 03"", ""candidates"": [], ""source"": ""mock""}",Synthetic mock row — replace via scripts/build_master_dataset.py,mock
MN-04,MN,4,2704,D,Donna Nguyen,D,2008,18.0,-9.1,Likely D,,True,False,attack,4235402.0,3441222.0,4864817.0,3827484.0,4042614.0,4588503.0,3552828.0,5020123.0,4764993.0,1009914.0,349748.0,749389.0,1287043.0,3618247.0,,732733,546190,42415.0,0.6549,0.0974,0.1757,0.072,0.4691,0.5595,,"{""office"": ""U.S. Representative, District 04"", ""candidates"": [{""name"": ""Donna Nguyen"", ""party"": ""D""}, {""name"": ""Daniel King"", ""party"": ""R""}], ""source"": ""mock""}",Synthetic mock row — replace via scripts/build_master_dataset.py,mock
MN-05,MN,5,2705,D,Kenneth Hill,D,2006,20.0,-1.7,Tilt D,,False,False,attack,3470952.0,3065771.0,5310734.0,4951025.0,2137230.0,2507567.0,1951065.0,3895349.0,3550857.0,1622854.0,575519.0,846940.0,1569196.0,4401381.0,,765728,572254,65243.0,0.8596,0.0956,0.033,0.0118,0.4285,0.8615,,"{""office"": ""U.S. Representative, District 05"", ""candidates"": [{""name"": ""Kenneth Hill"", ""party"": ""D""}, {""name"": ""Paul Sanchez"", ""party"": ""R""}], ""source"": ""mock""}",Synthetic mock row — replace via scripts/build_master_dataset.py,mock
MN-06,MN,6,2706,D,Michelle Flores,D,2022,4.0,-14.9,Solid D,,True,False,safe,1699073.0,1373986.0,2149676.0,1966082.0,1216103.0,1798163.0,1545897.0,1624491.0,1290212.0,828990.0,272281.0,598195.0,436395.0,1217744.0,,786484,644070,58177.0,0.6786,0.1086,0.1642,0.0485,0.2277,0.9449,,"{""office"": ""U.S. Representative, District 06"", ""candidates"": [{""name"": ""Michelle Flores"", ""party"": ""D""}, {""name"": ""Mark King"", ""party"": ""R""}], ""source"": ""mock""}",Synthetic mock row — replace via scripts/build_master_dataset.py,mock
MN-07,MN,7,2707,R,James Smith,R,2021,5.0,6.8,Likely R,,True,False,defend,7415021.0,6339381.0,4034375.0,3285075.0,2739892.0,6144599.0,4782507.0,3753042.0,3437830.0,2763340.0,891516.0,1610531.0,1386893.0,4920950.0,,708451,552151,75941.0,0.7001,0.0602,0.2021,0.0376,0.4478,0.6446,,"{""office"": ""U.S. Representative, District 07"", ""candidates"": [{""name"": ""James Smith"", ""party"": ""R""}, {""name"": ""Emily Scott"", ""party"": ""D""}], ""source"": ""mock""}",Synthetic mock row — replace via scripts/build_master_dataset.py,mock
MN-08,MN,8,2708,R,Mary Johnson,R,2021,5.0,10.3,Solid R,,True,False,defend,3739088.0,3168916.0,2974204.0,2497060.0,483464.0,2537615.0,2063792.0,2014613.0,1859364.0,1425259.0,1091254.0,1091757.0,910776.0,2556422.0,,770416,578689,54775.0,0.6379,0.1286,0.1601,0.0735,0.3207,0.4516,,"{""office"": ""U.S. Representative, District 08"", ""candidates"": [{""name"": ""Mary Johnson"", ""party"": ""R""}, {""name"": ""Andrew Williams"", ""party"": ""D""}], ""source"": ""mock""}",Synthetic mock row — replace via scripts/build_master_dataset.py,mock
MO-01,MO,1,2901,R,OPEN SEAT,,,0.0,3.8,Lean R,,False,True,defend,9777035.0,8318472.0,6308808.0,4849841.0,8355989.0,8792340.0,8384281.0,4927565.0,4164492.0,2418272.0,617826.0,2437932.0,2037498.0,7589301.0,,706810,513187,80813.0,0.9113,0.0373,0.0335,0.0179,0.12,0.4675,,"{""office"": ""U.S. Representative, District 01"", ""candidates"": [{""name"": ""Nancy Torres"", ""party"": ""D""}], ""source"": ""mock""}",Synthetic mock row — replace via scripts/build_master_dataset.py,mock
MO-02,MO,2,2902,R,Robert Williams,R,2004,22.0,5.8,Lean R,,True,False,defend,7928470.0,7141424.0,5196968.0,4501320.0,3871936.0,6138640.0,5619484.0,4633067.0,4282802.0,3873092.0,1287908.0,1459387.0,1373572.0,5825069.0,,798168,611770,60688.0,0.6285,0.1073,0.2255,0.0387,0.12,0.4022,,"{""office"": ""U.S. Representative, District 02"", ""candidates"": [{""name"": ""Robert Williams"", ""party"": ""R""}, {""name"": ""Barbara Williams"", ""party"": ""D""}], ""source"": ""mock""}",Synthetic mock row — replace via scripts/build_master_dataset.py,mock
MO-03,MO,3,2903,R,Patricia Brown,R,2014,12.0,4.3,Lean R,,True,False,defend,4981075.0,4310698.0,3250194.0,2581369.0,3757302.0,4002921.0,3177204.0,3029171.0,2357926.0,2677999.0,1232677.0,1704988.0,640179.0,3825894.0,,790450,608098,85464.0,0.6544,0.1704,0.1077,0.0676,0.4042,0.85,,"{""office"": ""U.S. Representative, District 03"", ""candidates"": [{""name"": ""Patricia Brown"", ""party"": ""R""}, {""name"": ""John Jones"", ""party"": ""D""}], ""source"": ""mock""}",Synthetic mock row — replace via scripts/build_master_dataset.py,mock
MO-04,MO,4,2904,R,John Jones,R,2019,7.0,13.4,Solid R,,True,False,safe,7059856.0,6271130.0,5715038.0,4391129.0,1387239.0,5979420.0,5058794.0,5196120.0,4138285.0,3751610.0,2461625.0,1705221.0,1501733.0,4310249.0,,691946,516016,69974.0,0.6718,0.0861,0.2202,0.0219,0.2107,0.8977,,"{""office"": ""U.S. Representative, District 04"", ""candidates"": [{""name"": ""John Jones"", ""party"": ""R""}], ""source"": ""mock""}",Synthetic mock row — replace via scripts/build_master_dataset.py,mock
MO-05,MO,5,2905,R,Jennifer Garcia,R,2020,6.0,6.8,Likely R,,True,False,defend,4916330.0,3943290.0,3622881.0,3133849.0,858841.0,3484273.0,2876251.0,3814454.0,3455554.0,951245.0,338575.0,1488539.0,613471.0,3670153.0,,720338,524782,63617.0,0.7565,0.1102,0.0966,0.0367,0.281,0.4656,,"{""office"": ""U.S. Representative, District 05"", ""candidates"": [{""name"": ""Jennifer Garcia"", ""party"": ""R""}, {""name"": ""John Anderson"", ""party"": ""D""}], ""source"": ""mock""}",Synthetic mock row — replace via scripts/build_master_dataset.py,mock
MO-06,MO,6,2906,R,Michael Miller,R,2018,8.0,3.7,Lean R,,True,False,defend,9354609.0,8774003.0,7212477.0,6645806.0,8621983.0,7117822.0,6954740.0,4557390.0,3806220.0,4198690.0,2159375.0,3005020.0,1961521.0,7839545.0,,724362,536752,104963.0,0.8223,0.0407,0.0606,0.0764,0.12,0.8417,,"{""office"": ""U.S. Representative, District 06"", ""candidates"": [{""name"": ""Michael Miller"", ""party"": ""R""}, {""name"": ""Robert Martin"", ""party"": ""D""}], ""source"": ""mock""}",Synthetic mock row — replace via scripts/build_master_dataset.py,mock
MO-07,MO,7,2907,R,Linda Davis,R,2018,8.0,14.2,Solid R,,True,False,safe,6519761.0,5734769.0,4368533.0,3344572.0,1266191.0,5570224.0,5085004.0,3350337.0,2893475.0,2408535.0,1492857.0,1323891.0,1232663.0,3551761.0,,767293,565421,103231.0,0.6993,0.1801,0.0863,0.0343,0.5056,0.8337,,"{""office"": ""U.S. Representative, District 07"", ""candidates"": [{""name"": ""Linda Davis"", ""party"": ""R""}], ""source"": ""mock""}",Synthetic mock row — replace via scripts/build_master_dataset.py,mock
MO-08,MO,8,2908,R,David Rodriguez,R,2018,8.0,0.7,Toss-up,,True,False,defend,4982623.0,4623530.0,3974505.0,3311403.0,2188849.0,4178478.0,4048029.0,2957446.0,2599831.0,801485.0,1475920.0,908982.0,1135957.0,4614712.0,,815719,632185,85399.0,0.6908,0.1707,0.1024,0.0361,0.275,0.7002,,"{""office"": ""U.S. Representative, District 08"", ""candidates"": [{""name"": ""David Rodriguez"", ""party"": ""R""}, {""name"": ""Paul Thompson"", ""party"": ""D""}], ""source"": ""mock""}",Synthetic mock row — replace via scripts/build_master_dataset.py,mock
MS-01,MS,1,2801,R,Elizabeth Martinez,R,2015,11.0,18.7,Solid R,,False,False,safe,3706040.0,3412984.0,3249831.0,3111265.0,896220.0,3331259.0,2903433.0,2038527.0,1946258.0,1229607.0,1087616.0,557471.0,163749.0,1830785.0,,725673,522860,69682.0,0.8444,0.081,0.0443,0.0303,0.1993,0.8575,,"{""office"": ""U.S. Representative, District 01"", ""candidates"": [{""name"": ""Elizabeth Martinez"", ""party"": ""R""}], ""source"": ""mock""}",Synthetic mock row — replace via scripts/build_master_dataset.py,mock
MS-02,MS,2,2802,R,OPEN SEAT,,,0.0,12.8,Solid R,,False,True,safe,6125348.0,4889752.0,6415160.0,4994162.0,1408954.0,4420617.0,3951854.0,6952596.0,5378665.0,2728308.0,1936264.0,3339957.0,1591298.0,4336508.0,,756127,546474,94904.0,0.596,0.28,0.0381,0.0858,0.4676,0.9761,,"{""office"": ""U.S. Representative, District 02"", ""candidates"": [{""name"": ""Jessica Harris"", ""party"": ""D""}], ""source"": ""mock""}",Synthetic mock row — replace via scripts/build_master_dataset.py,mock
MS-03,MS,3,2803,R,William Hernandez,R,2008,18.0,5.3,Lean R,,True,False,defend,13498631.0,10972618.0,8387012.0,6409528.0,5629245.0,10298048.0,9642560.0,7170940.0,6565193.0,7140148.0,2404169.0,3632587.0,2093419.0,9866048.0,,753068,615984,74182.0,0.701,0.1838,0.0741,0.0412,0.12,0.7122,,"{""office"": ""U.S. Representative, District 03"", ""candidates"": [{""name"": ""William Hernandez"", ""party"": ""R""}, {""name"": ""Barbara Wright"", ""party"": ""D""}], ""source"": ""mock""}",Synthetic mock row — replace via scripts/build_master_dataset.py,mock
MS-04,MS,4,2804,D,Barbara Lopez,D,2004,22.0,3.2,Tilt R,,True,False,attack,5280065.0,4893975.0,9181687.0,8314152.0,3297924.0,3473171.0,2987422.0,9897349.0,8186594.0,1288184.0,280232.0,2623986.0,1164558.0,6944533.0,,788687,634017,113900.0,0.631,0.1172,0.1937,0.0581,0.3957,0.1751,,"{""office"": ""U.S. Representative, District 04"", ""candidates"": [{""name"": ""Barbara Lopez"", ""party"": ""D""}, {""name"": ""Paul Perez"", ""party"": ""R""}], ""source"": ""mock""}",Synthetic mock row — replace via scripts/build_master_dataset.py,mock
MT-01,MT,1,3001,D,Richard Gonzalez,D,2021,5.0,2.2,Tilt R,,True,False,attack,7748404.0,6329613.0,9126555.0,8939316.0,4954972.0,5219847.0,4465757.0,9847187.0,9313366.0,2106315.0,1434711.0,3798790.0,813544.0,8339605.0,,763254,601376,57047.0,0.6314,0.1557,0.1368,0.076,0.12,0.5104,,"{""office"": ""U.S. Representative, District 01"", ""candidates"": [{""name"": ""Richard Gonzalez"", ""party"": ""D""}, {""name"": ""Nancy White"", ""party"": ""R""}], ""source"": ""mock""}",Synthetic mock row — replace via scripts/build_master_dataset.py,mock
MT-02,MT,2,3002,R,Susan Wilson,R,2022,4.0,7.3,Likely R,,True,False,defend,3515685.0,3328777.0,3299055.0,3198568.0,1142717.0,2384029.0,1878748.0,2675565.0,2367503.0,1159185.0,777729.0,1547973.0,1087086.0,2881272.0,,733766,584478,75766.0,0.7238,0.1629,0.05,0.0632,0.491,0.2744,,"{""office"": ""U.S. Representative, District 02"", ""candidates"": [{""name"": ""Susan Wilson"", ""party"": ""R""}, {""name"": ""Donald Garcia"", ""party"": ""D""}], ""source"": ""mock""}",Synthetic mock row — replace via scripts/build_master_dataset.py,mock
NC-01,NC,1,3701,D,Joseph Anderson,D,2019,7.0,2.4,Tilt R,,True,False,attack,6544182.0,5153413.0,9101478.0,8205285.0,6047230.0,6051682.0,4915772.0,7091857.0,6222313.0,2271375.0,1889910.0,4845570.0,811862.0,7688277.0,,708132,518032,58301.0,0.5695,0.1737,0.2228,0.034,0.4048,0.3613,,"{""office"": ""U.S. Representative, District 01"", ""candidates"": [{""name"": ""Joseph Anderson"", ""party"": ""D""}, {""name"": ""James Sanchez"", ""party"": ""R""}], ""source"": ""mock""}",Synthetic mock row — replace via scripts/build_master_dataset.py,mock
NC-02,NC,2,3702,R,Jessica Thomas,R,2010,16.0,2.3,Tilt R,,True,False,defend,4024697.0,3216482.0,2718195.0,2162521.0,2453374.0,3224443.0,2518916.0,2369952.0,2136833.0,772868.0,233702.0,754887.0,292363.0,3322897.0,,696152,513318,50165.0,0.6642,0.1088,0.1578,0.0692,0.3868,0.8588,,"{""office"": ""U.S. Representative, District 02"", ""candidates"": [{""name"": ""Jessica Thomas"", ""party"": ""R""}, {""name"": ""Mary Davis"", ""party"": ""D""}], ""source"": ""mock""}",Synthetic mock row — replace via scripts/build_master_dataset.py,mock
NC-03,NC,3,3703,R,Thomas Taylor,R,2008,18.0,15.1,Solid R,,True,False,safe,2894514.0,2739034.0,2455259.0,2186410.0,986581.0,2868384.0,2183523.0,1920720.0,1638585.0,1485513.0,762765.0,418331.0,773892.0,1677689.0,,758750,582876,79896.0,0.6458,0.1184,0.2035,0.0323,0.4323,0.5172,,"{""office"": ""U.S. Representative, District 03"", ""candidates"": [{""name"": ""Thomas Taylor"", ""party"": ""R""}], ""source"": ""mock""}",Synthetic mock row — replace via scripts/build_master_dataset.py,mock
NC-04,NC,4,3704,R,Sarah Moore,R,2017,9.0,8.0,Likely R,,True,False,defend,5771730.0,4538874.0,5036933.0,3931464.0,6131135.0,5277986.0,5067473.0,5321301.0,4966928.0,1135227.0,1282948.0,1132767.0,808504.0,4463978.0,,778522,627490,71188.0,0.7284,0.0249,0.2181,0.0285,0.2995,0.9465,,"{""office"": ""U.S. Representative, District 04"", ""candidates"": [{""name"": ""Sarah Moore"", ""party"": ""R""}, {""name"": ""Joseph Williams"", ""party"": ""D""}], ""source"": ""mock""}",Synthetic mock row — replace via scripts/build_master_dataset.py,mock
NC-05,NC,5,3705,R,Christopher Jackson,R,2005,21.0,2.5,Tilt R,,True,False,defend,14016276.0,12504509.0,8380803.0,6885828.0,4526721.0,14772100.0,14032823.0,7723244.0,7516968.0,4673496.0,2075893.0,1416296.0,511694.0,10974569.0,,717309,563782,58125.0,0.6426,0.1011,0.2068,0.0495,0.2554,0.707,,"{""office"": ""U.S. Representative, District 05"", ""candidates"": [{""name"": ""Christopher Jackson"", ""party"": ""R""}, {""name"": ""Christopher Jones"", ""party"": ""D""}], ""source"": ""mock""}",Synthetic mock row — replace via scripts/build_master_dataset.py,mock
NC-06,NC,6,3706,R,Karen Martin,R,2012,14.0,-0.7,Toss-up,,False,False,defend,7324606.0,6397827.0,6031718.0,4995211.0,5825835.0,5169499.0,4191392.0,6289992.0,4905685.0,1206668.0,712640.0,3203920.0,1342787.0,6881178.0,,746164,586333,70379.0,0.6601,0.1728,0.1093,0.0578,0.3465,0.572,,"{""office"": ""U.S. Representative, District 06"", ""candidates"": [{""name"": ""Karen Martin"", ""party"": ""R""}, {""name"": ""Joseph Anderson"", ""party"": ""D""}], ""source"": ""mock""}",Synthetic mock row — replace via scripts/build_master_dataset.py,mock
NC-07,NC,7,3707,R,Daniel Lee,R,2010,16.0,4.6,Lean R,,True,False,defend,3990643.0,3126890.0,3598190.0,2764204.0,4696413.0,3350273.0,2840813.0,3544384.0,2944035.0,1167348.0,653190.0,1899840.0,247596.0,3495417.0,,782753,628031,62479.0,0.8698,0.0371,0.0697,0.0234,0.1914,0.9017,,"{""office"": ""U.S. Representative, District 07"", ""candidates"": [{""name"": ""Daniel Lee"", ""party"": ""R""}, {""name"": ""Emily Lopez"", ""party"": ""D""}], ""source"": ""mock""}",Synthetic mock row — replace via scripts/build_master_dataset.py,mock
NC-08,NC,8,3708,R,Lisa Perez,R,2015,11.0,11.3,Solid R,,True,False,defend,2685829.0,2369947.0,2269007.0,2009221.0,780855.0,1961744.0,1816471.0,1377529.0,1266736.0,505106.0,613707.0,937730.0,682224.0,1817434.0,,707326,561497,83713.0,0.5904,0.1704,0.2004,0.0388,0.3121,0.8873,,"{""office"": ""U.S. Representative, District 08"", ""candidates"": [{""name"": ""Lisa Perez"", ""party"": ""R""}, {""name"": ""David Smith"", ""party"": ""D""}], ""source"": ""mock""}",Synthetic mock row — replace via scripts/build_master_dataset.py,mock
NC-09,NC,9,3709,R,Matthew Thompson,R,2024,2.0,14.3,Solid R,,True,False,safe,2287575.0,1833402.0,1845059.0,1772659.0,1420394.0,1695952.0,1591408.0,1564985.0,1430720.0,484117.0,147572.0,759344.0,447754.0,1342280.0,,709982,524444,54559.0,0.6577,0.0496,0.2365,0.0562,0.2631,0.4221,,"{""office"": ""U.S. Representative, District 09"", ""candidates"": [{""name"": ""Matthew Thompson"", ""party"": ""R""}, {""name"": ""Sandra Martin"", ""party"": ""D""}], ""source"": ""mock""}",Synthetic mock row — replace via scripts/build_master_dataset.py,mock
NC-10,NC,10,3710,R,Nancy White,R,2011,15.0,5.9,Lean R,,True,False,defend,6785911.0,5366208.0,5953991.0,5580160.0,2985183.0,5898601.0,5049185.0,5749067.0,4823930.0,2433102.0,1316757.0,1547047.0,1056040.0,5636133.0,,771230,564039,63946.0,0.6918,0.0994,0.1576,0.0512,0.4699,0.5382,,"{""office"": ""U.S. Representative, District 10"", ""candidates"": [{""name"": ""Nancy White"", ""party"": ""R""}, {""name"": ""Paul Lopez"", ""party"": ""D""}], ""source"": ""mock""}",Synthetic mock row — replace via scripts/build_master_dataset.py,mock
NC-11,NC,11,3711,R,Anthony Harris,R,2016,10.0,-1.0,Toss-up,,True,False,defend,7291154.0,5784013.0,4571851.0,3895546.0,5086885.0,4445963.0,4086641.0,3110525.0,3022884.0,3567636.0,1724034.0,1753105.0,1055896.0,6061996.0,,706506,575594,56590.0,0.5902,0.1533,0.2376,0.019,0.5155,0.7753,,"{""office"": ""U.S. Representative, District 11"", ""candidates"": [{""name"": ""Anthony Harris"", ""party"": ""R""}, {""name"": ""James Thompson"", ""party"": ""D""}], ""source"": ""mock""}",Synthetic mock row — replace via scripts/build_master_dataset.py,mock
NC-12,NC,12,3712,R,OPEN SEAT,,,0.0,6.4,Likely R,,False,True,defend,9422057.0,7306889.0,6734278.0,5185662.0,4156446.0,9753655.0,7417409.0,6304755.0,5212368.0,5037157.0,1905624.0,3226109.0,597868.0,7034468.0,,785211,593828,63270.0,0.8973,0.0309,0.0354,0.0364,0.196,0.4321,,"{""office"": ""U.S. Representative, District 12"", ""candidates"": [{""name"": ""Joshua Miller"", ""party"": ""D""}], ""source"": ""mock""}",Synthetic mock row — replace via scripts/build_master_dataset.py,mock
NC-13,NC,13,3713,R,Betty Sanchez,R,2009,17.0,2.6,Tilt R,,True,False,defend,8040829.0,6572779.0,6824107.0,5306916.0,5483219.0,5044162.0,4126255.0,4477876.0,4268712.0,1323954.0,1931119.0,3497168.0,2340676.0,7263008.0,,816896,588750,83661.0,0.6315,0.1318,0.2048,0.0319,0.4024,0.902,,"{""office"": ""U.S. Representative, District 13"", ""candidates"": [{""name"": ""Betty Sanchez"", ""party"": ""R""}, {""name"": ""Emily Torres"", ""party"": ""D""}], ""source"": ""mock""}",Synthetic mock row — replace via scripts/build_master_dataset.py,mock
NC-14,NC,14,3714,D,Mark Clark,D,2023,3.0,-0.3,Toss-up,,True,False,attack,8339918.0,7405844.0,10740043.0,10520680.0,17684294.0,6534198.0,5671046.0,7832380.0,6908070.0,4244423.0,2883032.0,4955919.0,747027.0,9936843.0,,817553,657879,75315.0,0.7328,0.153,0.0632,0.051,0.5057,0.1742,,"{""office"": ""U.S. Representative, District 14"", ""candidates"": [{""name"": ""Mark Clark"", ""party"": ""D""}, {""name"": ""Daniel Taylor"", ""party"": ""R""}], ""source"": ""mock""}",Synthetic mock row — replace via scripts/build_master_dataset.py,mock
ND-00,ND,0,3800,R,Margaret Ramirez,R,2005,21.0,22.4,Solid R,,True,False,safe,2658793.0,2305283.0,2044295.0,1863276.0,507761.0,2670668.0,2357410.0,1526864.0,1186000.0,401561.0,529303.0,1082849.0,453397.0,1069953.0,,786490,620134,91419.0,0.62,0.1658,0.1796,0.0346,0.3334,0.7539,,"{""office"": ""U.S. Representative, District 00"", ""candidates"": [{""name"": ""Margaret Ramirez"", ""party"": ""R""}, {""name"": ""Jessica King"", ""party"": ""D""}], ""source"": ""mock""}",Synthetic mock row — replace via scripts/build_master_dataset.py,mock
NE-01,NE,1,3101,D,Donald Lewis,D,2019,7.0,-0.4,Toss-up,,True,False,attack,3975891.0,3580036.0,5946122.0,5738581.0,2168641.0,3015974.0,2574739.0,5649578.0,5239813.0,1181409.0,953230.0,2108976.0,2066746.0,5153494.0,,780250,625743,74681.0,0.8039,0.1081,0.0747,0.0133,0.4147,0.8279,,"{""office"": ""U.S. Representative, District 01"", ""candidates"": [{""name"": ""Donald Lewis"", ""party"": ""D""}, {""name"": ""Michael Flores"", ""party"": ""R""}], ""source"": ""mock""}",Synthetic mock row — replace via scripts/build_master_dataset.py,mock
NE-02,NE,2,3102,R,Sandra Robinson,R,2011,15.0,8.9,Likely R,,True,False,defend,5873113.0,4956446.0,5937233.0,4759892.0,1978947.0,6200501.0,5483426.0,6450522.0,5309344.0,2831432.0,489909.0,2262430.0,581929.0,4728863.0,,750839,615456,62757.0,0.6739,0.0943,0.1607,0.0711,0.12,0.8774,,"{""office"": ""U.S. Representative, District 02"", ""candidates"": [{""name"": ""Sandra Robinson"", ""party"": ""R""}, {""name"": ""Patricia Taylor"", ""party"": ""D""}], ""source"": ""mock""}",Synthetic mock row — replace via scripts/build_master_dataset.py,mock
NE-03,NE,3,3103,R,Steven Walker,R,2004,22.0,13.3,Solid R,,True,False,safe,4337806.0,3310005.0,3785448.0,3186670.0,2778946.0,3411751.0,2867340.0,3532071.0,2744813.0,1112126.0,997734.0,798027.0,933039.0,2752159.0,,745565,569225,79576.0,0.6962,0.0915,0.1848,0.0275,0.3914,0.9279,,"{""office"": ""U.S. Representative, District 03"", ""candidates"": [{""name"": ""Steven Walker"", ""party"": ""R""}], ""source"": ""mock""}",Synthetic mock row — replace via scripts/build_master_dataset.py,mock
NH-01,NH,1,3301,D,Ashley Young,D,2005,21.0,-5.7,Lean D,,True,False,attack,5406168.0,5177207.0,6234576.0,5892974.0,3370076.0,3492026.0,3349097.0,5113929.0,3977108.0,871445.0,834496.0,2345287.0,969057.0,5182459.0,,797032,614327,99547.0,0.6341,0.1614,0.1254,0.0791,0.2627,0.8431,,"{""office"": ""U.S. Representative, District 01"", ""candidates"": [{""name"": ""Ashley Young"", ""party"": ""D""}, {""name"": ""Ashley Hernandez"", ""party"": ""R""}], ""source"": ""mock""}",Synthetic mock row — replace via scripts/build_master_dataset.py,mock
NH-02,NH,2,3302,D,Paul Allen,D,2010,16.0,2.6,Tilt R,,True,False,attack,7688046.0,6160336.0,12461282.0,10432010.0,12396413.0,7270653.0,6612090.0,7802102.0,7370812.0,2815669.0,935727.0,5422551.0,2494380.0,9844962.0,,690502,503557,50669.0,0.7097,0.1807,0.049,0.0607,0.5572,0.4202,,"{""office"": ""U.S. Representative, District 02"", ""candidates"": [{""name"": ""Paul Allen"", ""party"": ""D""}, {""name"": ""Thomas Lee"", ""party"": ""R""}], ""source"": ""mock""}",Synthetic mock row — replace via scripts/build_master_dataset.py,mock
NJ-01,NJ,1,3401,D,Kimberly King,D,2005,21.0,-4.2,Lean D,,True,False,attack,8213690.0,7206990.0,10145193.0,8351815.0,7773644.0,5729542.0,5166015.0,10166352.0,9899443.0,2729235.0,2007958.0,3867507.0,1473756.0,8558911.0,,721618,545122,96719.0,0.7476,0.0596,0.1306,0.0622,0.4098,0.5264,,"{""office"": ""U.S. Representative, District 01"", ""candidates"": [{""name"": ""Kimberly King"", ""party"": ""D""}, {""name"": ""Anthony Hernandez"", ""party"": ""R""}], ""source"": ""mock""}",Synthetic mock row — replace via scripts/build_master_dataset.py,mock
NJ-02,NJ,2,3402,D,Andrew Wright,D,2016,10.0,0.4,Toss-up,,True,False,attack,11584233.0,9451144.0,11665622.0,9326071.0,13906557.0,10965502.0,9603695.0,10520179.0,9922055.0,4430921.0,2259321.0,2968930.0,3355263.0,12075975.0,,714144,538289,71645.0,0.7122,0.1406,0.0828,0.0644,0.3121,0.9324,,"{""office"": ""U.S. Representative, District 02"", ""candidates"": [{""name"": ""Andrew Wright"", ""party"": ""D""}, {""name"": ""John Lee"", ""party"": ""R""}], ""source"": ""mock""}",Synthetic mock row — replace via scripts/build_master_dataset.py,mock
NJ-03,NJ,3,3403,D,Emily Scott,D,2019,7.0,2.4,Tilt R,,True,False,attack,2430065.0,2364985.0,3695763.0,3577992.0,1686838.0,2364865.0,1789645.0,3075061.0,2539277.0,1053171.0,165099.0,1086130.0,515228.0,3010232.0,,769673,555495,81580.0,0.7568,0.1168,0.0665,0.0599,0.3057,0.7389,,"{""office"": ""U.S. Representative, District 03"", ""candidates"": [{""name"": ""Emily Scott"", ""party"": ""D""}, {""name"": ""Mary Young"", ""party"": ""R""}], ""source"": ""mock""}",Synthetic mock row — replace via scripts/build_master_dataset.py,mock
NJ-04,NJ,4,3404,R,Joshua Torres,R,2005,21.0,4.4,Lean R,,True,False,defend,9580270.0,8306818.0,7566790.0,6305406.0,12627013.0,7584937.0,5934661.0,7021535.0,5929783.0,4783903.0,3067068.0,4102357.0,2386976.0,7945948.0,,759614,591289,90565.0,0.7404,0.1809,0.046,0.0327,0.4974,0.8402,,"{""office"": ""U.S. Representative, District 04"", ""candidates"": [{""name"": ""Joshua Torres"", ""party"": ""R""}, {""name"": ""Kenneth King"", ""party"": ""D""}], ""source"": ""mock""}",Synthetic mock row — replace via scripts/build_master_dataset.py,mock
NJ-05,NJ,5,3405,R,Donna Nguyen,R,2016,10.0,6.9,Likely R,,True,False,defend,6812243.0,5445764.0,4819209.0,4304786.0,1665244.0,6967373.0,5806765.0,3358438.0,3050180.0,2421537.0,1561259.0,1206551.0,1589445.0,4982914.0,,774710,572122,82222.0,0.7995,0.0216,0.1181,0.0608,0.12,0.7739,,"{""office"": ""U.S. Representative, District 05"", ""candidates"": [{""name"": ""Donna Nguyen"", ""party"": ""R""}, {""name"": ""Steven Martinez"", ""party"": ""D""}], ""source"": ""mock""}",Synthetic mock row — replace via scripts/build_master_dataset.py,mock
NJ-06,NJ,6,3406,D,Kenneth Hill,D,2024,2.0,-7.3,Likely D,,False,False,attack,6833855.0,5262585.0,6306553.0,4792040.0,5068078.0,6962603.0,5462200.0,5921425.0,5156012.0,1063645.0,1940670.0,3215157.0,1902465.0,5555764.0,,775187,586040,70922.0,0.803,0.0378,0.081,0.0781,0.4675,0.3184,,"{""office"": ""U.S. Representative, District 06"", ""candidates"": [{""name"": ""Kenneth Hill"", ""party"": ""D""}, {""name"": ""Nancy King"", ""party"": ""R""}], ""source"": ""mock""}",Synthetic mock row — replace via scripts/build_master_dataset.py,mock
NJ-07,NJ,7,3407,R,Michelle Flores,R,2018,8.0,12.2,Solid R,,True,False,safe,8773448.0,7048734.0,6885791.0,6672171.0,3233768.0,8634464.0,8258676.0,4826901.0,3928873.0,1407182.0,2480223.0,2967439.0,1471132.0,5546503.0,,741785,604180,55828.0,0.5704,0.1338,0.2219,0.074,0.4931,0.2683,,"{""office"": ""U.S. Representative, District 07"", ""candidates"": [{""name"": ""Michelle Flores"", ""party"": ""R""}], ""source"": ""mock""}",Synthetic mock row — replace via scripts/build_master_dataset.py,mock
NJ-08,NJ,8,3408,R,James Smith,R,2005,21.0,0.7,Toss-up,,True,False,defend,5864793.0,5195995.0,5072120.0,4229701.0,6043693.0,5758994.0,4742218.0,4843548.0,3633878.0,2911509.0,1048820.0,1759191.0,380664.0,5634698.0,,777993,585908,64223.0,0.7524,0.0555,0.1613,0.0308,0.5683,0.8058,,"{""office"": ""U.S. Representative, District 08"", ""candidates"": [{""name"": ""James Smith"", ""party"": ""R""}, {""name"": ""Andrew White"", ""party"": ""D""}], ""source"": ""mock""}",Synthetic mock row — replace via scripts/build_master_dataset.py,mock
NJ-09,NJ,9,3409,D,Mary Johnson,D,2022,4.0,3.0,Tilt R,,True,False,attack,8378621.0,6733051.0,13325879.0,11662078.0,11609145.0,9124312.0,8814574.0,11657570.0,9163049.0,1684093.0,1456900.0,2668434.0,4585817.0,10483273.0,,749511,591527,52175.0,0.6603,0.1495,0.1117,0.0785,0.1951,0.8133,,"{""office"": ""U.S. Representative, District 09"", ""candidates"": [{""name"": ""Mary Johnson"", ""party"": ""D""}, {""name"": ""Patricia Sanchez"", ""party"": ""R""}], ""source"": ""mock""}",Synthetic mock row — replace via scripts/build_master_dataset.py,mock
NJ-10,NJ,10,3410,D,Robert Williams,D,2011,15.0,-8.3,Likely D,,True,False,attack,7711637.0,5899190.0,8055489.0,6531759.0,9054609.0,5562125.0,4228654.0,8774260.0,8314161.0,1395660.0,1609412.0,2665142.0,2654013.0,6445601.0,,748386,612858,71925.0,0.7844,0.1253,0.074,0.0163,0.2624,0.2583,,"{""office"": ""U.S. Representative, District 10"", ""candidates"": [{""name"": ""Robert Williams"", ""party"": ""D""}, {""name"": ""Jennifer Wilson"", ""party"": ""R""}], ""source"": ""mock""}",Synthetic mock row — replace via scripts/build_master_dataset.py,mock
NJ-11,NJ,11,3411,D,Patricia Brown,D,2014,12.0,-0.4,Toss-up,,True,False,attack,5528825.0,4395063.0,6552710.0,6337621.0,3735737.0,4982010.0,4217053.0,4901154.0,4463276.0,2175670.0,1006445.0,2685935.0,2102427.0,6275149.0,,693396,517285,57060.0,0.6047,0.1477,0.2272,0.0204,0.12,0.5871,,"{""office"": ""U.S. Representative, District 11"", ""candidates"": [{""name"": ""Patricia Brown"", ""party"": ""D""}, {""name"": ""Donna Lewis"", ""party"": ""R""}], ""source"": ""mock""}",Synthetic mock row — replace via scripts/build_master_dataset.py,mock
NJ-12,NJ,12,3412,D,John Jones,D,2005,21.0,-0.3,Toss-up,,True,False,attack,8517180.0,8295186.0,10828363.0,10291398.0,5104118.0,6214526.0,5005628.0,8031285.0,6660329.0,2611417.0,1838847.0,2631347.0,1263708.0,10075159.0,,695744,524452,64889.0,0.7042,0.1172,0.1498,0.0288,0.12,0.4734,,"{""office"": ""U.S. Representative, District 12"", ""candidates"": [{""name"": ""John Jones"", ""party"": ""D""}, {""name"": ""Elizabeth Harris"", ""party"": ""R""}], ""source"": ""mock""}",Synthetic mock row — replace via scripts/build_master_dataset.py,mock
NM-01,NM,1,3501,D,Jennifer Garcia,D,2022,4.0,-2.4,Tilt D,,False,False,attack,6611859.0,5527486.0,7763786.0,6560738.0,5995853.0,5925146.0,5536369.0,6753120.0,6103106.0,3239956.0,556660.0,4035904.0,2493546.0,7064192.0,,716314,521154,74633.0,0.2817,0.1267,0.5388,0.0528,0.3113,0.7357,,"{""office"": ""U.S. Representative, District 01"", ""candidates"": [{""name"": ""Jennifer Garcia"", ""party"": ""D""}, {""name"": ""John Nguyen"", ""party"": ""R""}], ""source"": ""mock""}",Synthetic mock row — replace via scripts/build_master_dataset.py,mock
NM-02,NM,2,3502,D,Michael Miller,D,2010,16.0,-0.3,Toss-up,,True,False,attack,9883517.0,8354687.0,14681199.0,13752649.0,7675479.0,7413875.0,6896623.0,11529304.0,9516653.0,5123145.0,1288712.0,3009964.0,3808729.0,12793304.0,,692856,526415,92785.0,0.4727,0.1278,0.3185,0.081,0.3906,0.9172,,"{""office"": ""U.S. Representative, District 02"", ""candidates"": [{""name"": ""Michael Miller"", ""party"": ""D""}, {""name"": ""Michael Thompson"", ""party"": ""R""}], ""source"": ""mock""}",Synthetic mock row — replace via scripts/build_master_dataset.py,mock
NM-03,NM,3,3503,R,Linda Davis,R,2016,10.0,-0.6,Toss-up,,True,False,defend,11567030.0,9725225.0,6518055.0,5096009.0,10193877.0,12292237.0,11575273.0,5605688.0,5091072.0,2662703.0,3239398.0,1628211.0,1811019.0,9342755.0,,810103,637423,54417.0,0.5388,0.032,0.3455,0.0837,0.4521,0.6275,,"{""office"": ""U.S. Representative, District 03"", ""candidates"": [{""name"": ""Linda Davis"", ""party"": ""R""}, {""name"": ""Mary Williams"", ""party"": ""D""}], ""source"": ""mock""}",Synthetic mock row — replace via scripts/build_master_dataset.py,mock
NV-01,NV,1,3201,D,David Rodriguez,D,2019,7.0,-7.6,Likely D,,True,False,attack,8277341.0,6956849.0,11911745.0,10315115.0,2144594.0,8832384.0,6964909.0,8306110.0,6995848.0,4270906.0,1281394.0,2976949.0,3250223.0,8451151.0,,797576,632574,56365.0,0.5353,0.1063,0.3356,0.0228,0.3129,0.9478,,"{""office"": ""U.S. Representative, District 01"", ""candidates"": [{""name"": ""David Rodriguez"", ""party"": ""D""}, {""name"": ""Robert White"", ""party"": ""R""}], ""source"": ""mock""}",Synthetic mock row — replace via scripts/build_master_dataset.py,mock
NV-02,NV,2,3202,R,Elizabeth Martinez,R,2013,13.0,5.4,Lean R,,True,False,defend,7084395.0,5363957.0,4663638.0,3828428.0,2200784.0,4259167.0,3730468.0,3601486.0,3462149.0,3528985.0,1004204.0,1499075.0,284308.0,5279566.0,,779459,616146,40923.0,0.5475,0.0589,0.3481,0.0454,0.4055,0.9175,,"{""office"": ""U.S. Representative, District 02"", ""candidates"": [{""name"": ""Elizabeth Martinez"", ""party"": ""R""}, {""name"": ""Barbara Gonzalez"", ""party"": ""D""}], ""source"": ""mock""}",Synthetic mock row — replace via scripts/build_master_dataset.py,mock
NV-03,NV,3,3203,R,OPEN SEAT,,,0.0,7.4,Likely R,,False,True,defend,11625263.0,10233724.0,6937864.0,6275457.0,4290015.0,11040330.0,10392880.0,6133143.0,5320203.0,4659381.0,1072568.0,1104952.0,452519.0,7822502.0,,775068,594915,83605.0,0.5884,0.1295,0.2656,0.0165,0.3979,0.3216,,"{""office"": ""U.S. Representative, District 03"", ""candidates"": [{""name"": ""Paul Martin"", ""party"": ""D""}], ""source"": ""mock""}",Synthetic mock row — replace via scripts/build_master_dataset.py,mock
NV-04,NV,4,3204,R,William Hernandez,R,2007,19.0,3.1,Tilt R,,True,False,defend,9294874.0,7411465.0,6870439.0,5793236.0,6792776.0,6113802.0,5395938.0,7198644.0,6596311.0,4503941.0,1605616.0,2192954.0,1367270.0,7785215.0,,693168,510989,111361.0,0.3166,0.103,0.5422,0.0381,0.4493,0.9331,,"{""office"": ""U.S. Representative, District 04"", ""candidates"": [{""name"": ""William Hernandez"", ""party"": ""R""}, {""name"": ""Michael Taylor"", ""party"": ""D""}], ""source"": ""mock""}",Synthetic mock row — replace via scripts/build_master_dataset.py,mock
NY-01,NY,1,3601,D,Barbara Lopez,D,2015,11.0,-10.1,Solid D,,True,False,attack,4743011.0,4467389.0,5331636.0,5142124.0,3559347.0,3864087.0,3066010.0,4707666.0,4302300.0,2381286.0,1206172.0,2262217.0,1066587.0,3864635.0,,700408,534758,60640.0,0.7131,0.1395,0.1214,0.026,0.3396,0.3499,,"{""office"": ""U.S. Representative, District 01"", ""candidates"": [{""name"": ""Barbara Lopez"", ""party"": ""D""}, {""name"": ""Mark Ramirez"", ""party"": ""R""}], ""source"": ""mock""}",Synthetic mock row — replace via scripts/build_master_dataset.py,mock
NY-02,NY,2,3602,D,Richard Gonzalez,D,2016,10.0,-8.6,Likely D,,True,False,attack,8449535.0,7820101.0,8933222.0,8310788.0,4260506.0,5464864.0,5102438.0,6611202.0,6383991.0,1849337.0,2359456.0,2439813.0,1308252.0,7033063.0,,692000,543622,82372.0,0.538,0.0802,0.2291,0.1526,0.1573,0.4089,,"{""office"": ""U.S. Representative, District 02"", ""candidates"": [{""name"": ""Richard Gonzalez"", ""party"": ""D""}, {""name"": ""Kimberly Moore"", ""party"": ""R""}], ""source"": ""mock""}",Synthetic mock row — replace via scripts/build_master_dataset.py,mock
NY-03,NY,3,3603,D,OPEN SEAT,,,0.0,-4.1,Lean D,,False,True,attack,5922562.0,5591181.0,6035438.0,5433382.0,4644605.0,5899623.0,4953535.0,6463660.0,5595725.0,2126149.0,937243.0,1987152.0,1753666.0,5591561.0,,773886,564235,95610.0,0.7002,0.1803,0.0606,0.0589,0.2957,0.8451,,"{""office"": ""U.S. Representative, District 03"", ""candidates"": [{""name"": ""Matthew Clark"", ""party"": ""R""}], ""source"": ""mock""}",Synthetic mock row — replace via scripts/build_master_dataset.py,mock
NY-04,NY,4,3604,D,Susan Wilson,D,2014,12.0,-10.8,Solid D,,True,False,attack,3789682.0,3369695.0,6045020.0,5266132.0,1131043.0,2310222.0,2218495.0,4153687.0,3647071.0,577688.0,210272.0,2787075.0,595924.0,3676212.0,,793165,636669,85041.0,0.4699,0.1557,0.1458,0.2287,0.4209,0.6335,,"{""office"": ""U.S. Representative, District 04"", ""candidates"": [{""name"": ""Susan Wilson"", ""party"": ""D""}, {""name"": ""James Scott"", ""party"": ""R""}], ""source"": ""mock""}",Synthetic mock row — replace via scripts/build_master_dataset.py,mock
NY-05,NY,5,3605,D,Joseph Anderson,D,2009,17.0,-1.1,Toss-up,,True,False,attack,8818064.0,7915732.0,12612462.0,9569637.0,4940969.0,7498145.0,7231393.0,13621605.0,12532205.0,2136344.0,735558.0,6679153.0,1055112.0,10920996.0,,813021,617410,80633.0,0.6257,0.178,0.1445,0.0518,0.12,0.8616,,"{""office"": ""U.S. Representative, District 05"", ""candidates"": [{""name"": ""Joseph Anderson"", ""party"": ""D""}, {""name"": ""Sandra Hernandez"", ""party"": ""R""}], ""source"": ""mock""}",Synthetic mock row — replace via scripts/build_master_dataset.py,mock
NY-06,NY,6,3606,D,Jessica Thomas,D,2010,16.0,-10.7,Solid D,,True,False,attack,6303334.0,5169261.0,8722928.0,7031390.0,6009845.0,6132941.0,4948146.0,7637273.0,6457815.0,1873156.0,2013402.0,2896835.0,2253068.0,5637853.0,,730837,580547,46319.0,0.529,0.1259,0.1671,0.178,0.3486,0.9001,,"{""office"": ""U.S. Representative, District 06"", ""candidates"": [{""name"": ""Jessica Thomas"", ""party"": ""D""}, {""name"": ""Joshua Wright"", ""party"": ""R""}], ""source"": ""mock""}",Synthetic mock row — replace via scripts/build_master_dataset.py,mock
NY-07,NY,7,3607,D,Thomas Taylor,D,2023,3.0,-8.1,Likely D,,False,False,attack,5274620.0,4592345.0,5839984.0,4438449.0,4737362.0,3224316.0,2756780.0,4263227.0,3272910.0,2421743.0,1308350.0,2393080.0,1039951.0,4574771.0,,794325,621299,72498.0,0.7151,0.1197,0.0631,0.1021,0.5508,0.15,,"{""office"": ""U.S. Representative, District 07"", ""candidates"": [{""name"": ""Thomas Taylor"", ""party"": ""D""}, {""name"": ""Kenneth Sanchez"", ""party"": ""R""}], ""source"": ""mock""}",Synthetic mock row — replace via scripts/build_master_dataset.py,mock
NY-08,NY,8,3608,D,Sarah Moore,D,2008,18.0,-6.1,Likely D,,True,False,attack,9214815.0,8895081.0,10835401.0,9624453.0,3501643.0,6553406.0,5939320.0,10538561.0,8735506.0,1563893.0,1296539.0,5550261.0,1878228.0,8814075.0,,728864,543753,42059.0,0.6913,0.0475,0.0646,0.1965,0.4411,0.4807,,"{""office"": ""U.S. Representative, District 08"", ""candidates"": [{""name"": ""Sarah Moore"", ""party"": ""D""}, {""name"": ""Andrew Robinson"", ""party"": ""R""}], ""source"": ""mock""}",Synthetic mock row — replace via scripts/build_master_dataset.py,mock
NY-09,NY,9,3609,R,OPEN SEAT,,,0.0,-0.5,Toss-up,,False,True,defend,8721275.0,8444093.0,7925131.0,7729576.0,3276824.0,6367913.0,5279500.0,6309922.0,5034267.0,1959809.0,1720655.0,2976131.0,1408261.0,8622838.0,,691439,498836,89586.0,0.7022,0.1856,0.0875,0.0247,0.3093,0.1836,,"{""office"": ""U.S. Representative, District 09"", ""candidates"": [{""name"": ""Lisa Gonzalez"", ""party"": ""D""}], ""source"": ""mock""}",Synthetic mock row — replace via scripts/build_master_dataset.py,mock
NY-10,NY,10,3610,D,Christopher Jackson,D,2010,16.0,-12.2,Solid D,,False,False,safe,4907627.0,4557623.0,8127505.0,7713562.0,1851604.0,4065669.0,3168413.0,7675673.0,7135696.0,1239762.0,292391.0,3901897.0,1640109.0,4617044.0,,728189,589050,72284.0,0.6232,0.0784,0.0441,0.2544,0.3873,0.6567,,"{""office"": ""U.S. Representative, District 10"", ""candidates"": [{""name"": ""Christopher Jackson"", ""party"": ""D""}, {""name"": ""Nancy Thomas"", ""party"": ""R""}], ""source"": ""mock""}",Synthetic mock row — replace via scripts/build_master_dataset.py,mock
NY-11,NY,11,3611,R,Karen Martin,R,2016,10.0,0.2,Toss-up,,True,False,defend,4845472.0,3638498.0,3437514.0,2599283.0,2100762.0,3180765.0,2426631.0,2537414.0,2213155.0,803626.0,1409033.0,1193453.0,922582.0,4325375.0,,719049,532815,75775.0,0.6888,0.0992,0.098,0.114,0.2296,0.3092,,"{""office"": ""U.S. Representative, District 11"", ""candidates"": [{""name"": ""Karen Martin"", ""party"": ""R""}, {""name"": ""Lisa Brown"", ""party"": ""D""}], ""source"": ""mock""}",Synthetic mock row — replace via scripts/build_master_dataset.py,mock
NY-12,NY,12,3612,D,Daniel Lee,D,2019,7.0,-10.0,Solid D,,False,False,attack,6690948.0,5891299.0,7802422.0,6572300.0,5516796.0,5229773.0,4952681.0,5552804.0,5159172.0,2463284.0,1785200.0,2462178.0,2237016.0,5579948.0,,692714,524965,85165.0,0.6421,0.1499,0.128,0.0799,0.3547,0.8166,,"{""office"": ""U.S. Representative, District 12"", ""candidates"": [{""name"": ""Daniel Lee"", ""party"": ""D""}, {""name"": ""Lisa Robinson"", ""party"": ""R""}], ""source"": ""mock""}",Synthetic mock row — replace via scripts/build_master_dataset.py,mock
NY-13,NY,13,3613,R,Lisa Perez,R,2019,7.0,7.5,Likely R,,True,False,defend,4279236.0,3874530.0,3652380.0,2890172.0,2460520.0,2980559.0,2782526.0,3278996.0,3112631.0,1048131.0,979040.0,777375.0,1232616.0,3331279.0,,691796,516766,91862.0,0.623,0.0899,0.1678,0.1192,0.266,0.878,,"{""office"": ""U.S. Representative, District 13"", ""candidates"": [{""name"": ""Lisa Perez"", ""party"": ""R""}, {""name"": ""John Martin"", ""party"": ""D""}], ""source"": ""mock""}",Synthetic mock row — replace via scripts/build_master_dataset.py,mock
NY-14,NY,14,3614,D,Matthew Thompson,D,2019,7.0,-9.7,Likely D,,True,False,attack,5600530.0,5207618.0,6346061.0,5562084.0,874693.0,5653270.0,5265233.0,6616946.0,6346827.0,2812428.0,1662826.0,3470576.0,1433706.0,4649613.0,,720408,542524,57170.0,0.5447,0.1151,0.1802,0.16,0.3294,0.6652,,"{""office"": ""U.S. Representative, District 14"", ""candidates"": [{""name"": ""Matthew Thompson"", ""party"": ""D""}, {""name"": ""Andrew Hill"", ""party"": ""R""}], ""source"": ""mock""}",Synthetic mock row — replace via scripts/build_master_dataset.py,mock
NY-15,NY,15,3615,D,Nancy White,D,2008,18.0,-20.7,Solid D,,True,False,safe,2875957.0,2415013.0,3699603.0,2844145.0,543176.0,3014406.0,2767754.0,2930437.0,2315229.0,1230261.0,298278.0,758265.0,348536.0,1546572.0,,701531,550003,95563.0,0.4116,0.1716,0.1817,0.2351,0.2975,0.6223,,"{""office"": ""U.S. Representative, District 15"", ""candidates"": [{""name"": ""Nancy White"", ""party"": ""D""}], ""source"": ""mock""}",Synthetic mock row — replace via scripts/build_master_dataset.py,mock
NY-16,NY,16,3616,D,Anthony Harris,D,2012,14.0,-4.7,Lean D,,True,False,attack,8278779.0,6337714.0,11564716.0,9931607.0,2421841.0,9009474.0,7598854.0,9199499.0,7753426.0,3388844.0,1778581.0,5781224.0,634701.0,9112133.0,,714967,524456,98456.0,0.6707,0.116,0.1548,0.0585,0.3236,0.3442,,"{""office"": ""U.S. Representative, District 16"", ""candidates"": [{""name"": ""Anthony Harris"", ""party"": ""D""}, {""name"": ""Jennifer Taylor"", ""party"": ""R""}], ""source"": ""mock""}",Synthetic mock row — replace via scripts/build_master_dataset.py,mock
NY-17,NY,17,3617,D,OPEN SEAT,,,0.0,-11.9,Solid D,,False,True,attack,3762115.0,3472270.0,4548658.0,3667526.0,1432926.0,2580805.0,2006686.0,3845400.0,3095335.0,1019969.0,548633.0,1000777.0,484949.0,2978581.0,,767474,607985,83653.0,0.6363,0.1279,0.219,0.0168,0.2808,0.311,,"{""office"": ""U.S. Representative, District 17"", ""candidates"": [{""name"": ""Patricia Lewis"", ""party"": ""R""}], ""source"": ""mock""}",Synthetic mock row — replace via scripts/build_master_dataset.py,mock
NY-18,NY,18,3618,D,Betty Sanchez,D,2011,15.0,-11.3,Solid D,,True,False,attack,2950282.0,2217459.0,4463181.0,3701015.0,1526016.0,2423489.0,2079484.0,3201496.0,2952446.0,1578764.0,483844.0,1295393.0,1040611.0,2719258.0,,813193,615468,68112.0,0.6313,0.125,0.1312,0.1125,0.3887,0.903,,"{""office"": ""U.S. Representative, District 18"", ""candidates"": [{""name"": ""Betty Sanchez"", ""party"": ""D""}, {""name"": ""Mark Robinson"", ""party"": ""R""}], ""source"": ""mock""}",Synthetic mock row — replace via scripts/build_master_dataset.py,mock
NY-19,NY,19,3619,D,Mark Clark,D,2017,9.0,-6.9,Likely D,,False,False,attack,7229608.0,5970354.0,8512161.0,8282693.0,5672245.0,5918380.0,4945367.0,9080811.0,8216573.0,2965716.0,366771.0,3382643.0,1048108.0,6743774.0,,795238,583571,56372.0,0.7032,0.0333,0.056,0.2075,0.4149,0.748,,"{""office"": ""U.S. Representative, District 19"", ""candidates"": [{""name"": ""Mark Clark"", ""party"": ""D""}, {""name"": ""James Lee"", ""party"": ""R""}], ""source"": ""mock""}",Synthetic mock row — replace via scripts/build_master_dataset.py,mock
NY-20,NY,20,3620,D,Margaret Ramirez,D,2017,9.0,-10.0,Solid D,,True,False,attack,2900139.0,2601131.0,3474325.0,3266260.0,1993561.0,3063892.0,2825440.0,3012842.0,2454336.0,1568119.0,172759.0,1058386.0,1093074.0,2454169.0,,737925,595207,76925.0,0.7089,0.1584,0.1082,0.0245,0.3722,0.6805,,"{""office"": ""U.S. Representative, District 20"", ""candidates"": [{""name"": ""Margaret Ramirez"", ""party"": ""D""}, {""name"": ""Andrew Thompson"", ""party"": ""R""}], ""source"": ""mock""}",Synthetic mock row — replace via scripts/build_master_dataset.py,mock
NY-21,NY,21,3621,D,Donald Lewis,D,2004,22.0,-6.5,Likely D,,True,False,attack,9244670.0,8825315.0,10394346.0,8511129.0,10403903.0,10044219.0,9484199.0,9574639.0,8613787.0,2835989.0,2434428.0,4952670.0,1465498.0,8523333.0,,745665,602024,96851.0,0.8039,0.1003,0.0784,0.0175,0.4654,0.8629,,"{""office"": ""U.S. Representative, District 21"", ""candidates"": [{""name"": ""Donald Lewis"", ""party"": ""D""}, {""name"": ""Kimberly Ramirez"", ""party"": ""R""}], ""source"": ""mock""}",Synthetic mock row — replace via scripts/build_master_dataset.py,mock
NY-22,NY,22,3622,R,Sandra Robinson,R,2021,5.0,5.1,Lean R,,True,False,defend,8458853.0,7053942.0,6692761.0,5954459.0,3324845.0,5173530.0,3958119.0,4280462.0,3471053.0,2651619.0,2940982.0,2055981.0,513727.0,6872772.0,,783967,590834,51556.0,0.4633,0.0879,0.2146,0.2342,0.3445,0.6211,,"{""office"": ""U.S. Representative, District 22"", ""candidates"": [{""name"": ""Sandra Robinson"", ""party"": ""R""}, {""name"": ""David Garcia"", ""party"": ""D""}], ""source"": ""mock""}",Synthetic mock row — replace via scripts/build_master_dataset.py,mock
NY-23,NY,23,3623,D,Steven Walker,D,2009,17.0,-18.3,Solid D,,True,False,safe,3786195.0,3417836.0,5565797.0,5040837.0,1317254.0,2334722.0,1818990.0,5662752.0,5313128.0,1610114.0,223959.0,1582017.0,1057576.0,2513815.0,,798708,643519,46499.0,0.4839,0.0997,0.2109,0.2056,0.1823,0.9506,,"{""office"": ""U.S. Representative, District 23"", ""candidates"": [{""name"": ""Steven Walker"", ""party"": ""D""}], ""source"": ""mock""}",Synthetic mock row — replace via scripts/build_master_dataset.py,mock
NY-24,NY,24,3624,D,Ashley Young,D,2004,22.0,1.7,Tilt R,,True,False,attack,5317369.0,4864478.0,6165510.0,5659733.0,5932701.0,4319028.0,3439455.0,5740592.0,4898398.0,2522932.0,874490.0,3352200.0,983004.0,5755219.0,,702100,543531,104302.0,0.8157,0.0589,0.0582,0.0672,0.3008,0.7091,,"{""office"": ""U.S. Representative, District 24"", ""candidates"": [{""name"": ""Ashley Young"", ""party"": ""D""}, {""name"": ""Michael Martin"", ""party"": ""R""}], ""source"": ""mock""}",Synthetic mock row — replace via scripts/build_master_dataset.py,mock
NY-25,NY,25,3625,D,Paul Allen,D,2012,14.0,-22.2,Solid D,,True,False,safe,1512843.0,1338988.0,1996636.0,1509353.0,286990.0,1551588.0,1340693.0,1806157.0,1614357.0,417949.0,141823.0,647253.0,665266.0,798406.0,,799932,652746,69139.0,0.4711,0.0822,0.2122,0.2346,0.3884,0.9267,,"{""office"": ""U.S. Representative, District 25"", ""candidates"": [{""name"": ""Paul Allen"", ""party"": ""D""}], ""source"": ""mock""}",Synthetic mock row — replace via scripts/build_master_dataset.py,mock
NY-26,NY,26,3626,D,Kimberly King,D,2024,2.0,-21.3,Solid D,,True,False,safe,1548385.0,1367241.0,1935327.0,1670154.0,199638.0,1016391.0,905406.0,1495603.0,1164566.0,332923.0,218222.0,422818.0,489889.0,792545.0,,783352,591440,103536.0,0.5378,0.1898,0.1397,0.1327,0.12,0.3358,,"{""office"": ""U.S. Representative, District 26"", ""candidates"": [{""name"": ""Kimberly King"", ""party"": ""D""}], ""source"": ""mock""}",Synthetic mock row — replace via scripts/build_master_dataset.py,mock
OH-01,OH,1,3901,R,Andrew Wright,R,2016,10.0,0.8,Toss-up,,True,False,defend,3722999.0,3276391.0,2489025.0,2007188.0,1963062.0,2980124.0,2577141.0,2717794.0,2139939.0,1991626.0,685342.0,724086.0,146253.0,3191738.0,,790541,628767,75733.0,0.5623,0.1491,0.2323,0.0562,0.12,0.4875,,"{""office"": ""U.S. Representative, District 01"", ""candidates"": [{""name"": ""Andrew Wright"", ""party"": ""R""}, {""name"": ""David Garcia"", ""party"": ""D""}], ""source"": ""mock""}",Synthetic mock row — replace via scripts/build_master_dataset.py,mock
OH-02,OH,2,3902,R,Emily Scott,R,2008,18.0,4.5,Lean R,,True,False,defend,11096650.0,10300643.0,7688934.0,7149060.0,6144665.0,7263838.0,5558012.0,4637819.0,4323901.0,4315079.0,3582016.0,1509992.0,1088268.0,8678940.0,,786867,625083,38000.0,0.5257,0.1843,0.2231,0.0669,0.12,0.8903,,"{""office"": ""U.S. Representative, District 02"", ""candidates"": [{""name"": ""Emily Scott"", ""party"": ""R""}, {""name"": ""Joshua Flores"", ""party"": ""D""}], ""source"": ""mock""}",Synthetic mock row — replace via scripts/build_master_dataset.py,mock
OH-03,OH,3,3903,R,Joshua Torres,R,2017,9.0,14.2,Solid R,,True,False,safe,3664822.0,3507244.0,2304198.0,1935868.0,1094979.0,2662471.0,2599928.0,1813408.0,1407208.0,1584086.0,1117973.0,484613.0,609082.0,1947094.0,,814932,635142,96665.0,0.7297,0.0842,0.1284,0.0577,0.2011,0.2858,,"{""office"": ""U.S. Representative, District 03"", ""candidates"": [{""name"": ""Joshua Torres"", ""party"": ""R""}], ""source"": ""mock""}",Synthetic mock row — replace via scripts/build_master_dataset.py,mock
OH-04,OH,4,3904,R,Donna Nguyen,R,2010,16.0,8.7,Likely R,,False,False,defend,3546606.0,2724829.0,2904258.0,2448886.0,2527863.0,3229803.0,2944881.0,2615105.0,2010923.0,758842.0,594739.0,553407.0,959022.0,2600989.0,,803423,582080,99232.0,0.7274,0.0297,0.2084,0.0346,0.12,0.2475,,"{""office"": ""U.S. Representative, District 04"", ""candidates"": [{""name"": ""Donna Nguyen"", ""party"": ""R""}, {""name"": ""Kenneth Taylor"", ""party"": ""D""}], ""source"": ""mock""}",Synthetic mock row — replace via scripts/build_master_dataset.py,mock
OH-05,OH,5,3905,R,Kenneth Hill,R,2022,4.0,7.8,Likely R,,True,False,defend,4817983.0,3719319.0,2916654.0,2684147.0,1662663.0,4011929.0,3134109.0,2980536.0,2700318.0,1628106.0,1007160.0,1044780.0,197849.0,3216062.0,,737892,599762,71145.0,0.7424,0.1297,0.1005,0.0273,0.4946,0.6949,,"{""office"": ""U.S. Representative, District 05"", ""candidates"": [{""name"": ""Kenneth Hill"", ""party"": ""R""}, {""name"": ""Donna Young"", ""party"": ""D""}], ""source"": ""mock""}",Synthetic mock row — replace via scripts/build_master_dataset.py,mock
OH-06,OH,6,3906,D,Michelle Flores,D,2024,2.0,-2.0,Tilt D,,True,False,attack,7838799.0,7279419.0,10799550.0,9358995.0,5198565.0,6352297.0,5826222.0,9440199.0,8569766.0,2149675.0,2703693.0,4422237.0,2502622.0,9263259.0,,739197,574988,89150.0,0.8621,0.0308,0.096,0.0111,0.3311,0.3384,,"{""office"": ""U.S. Representative, District 06"", ""candidates"": [{""name"": ""Michelle Flores"", ""party"": ""D""}, {""name"": ""Sandra Smith"", ""party"": ""R""}], ""source"": ""mock""}",Synthetic mock row — replace via scripts/build_master_dataset.py,mock
OH-07,OH,7,3907,R,James Smith,R,2004,22.0,9.8,Likely R,,True,False,defend,6727392.0,5805641.0,4256851.0,4101205.0,2764962.0,6398278.0,5556034.0,4292177.0,4094466.0,3209660.0,820181.0,660537.0,1016748.0,4259690.0,,771981,614886,95066.0,0.6221,0.1728,0.1881,0.0169,0.2319,0.488,,"{""office"": ""U.S. Representative, District 07"", ""candidates"": [{""name"": ""James Smith"", ""party"": ""R""}, {""name"": ""Joseph Taylor"", ""party"": ""D""}], ""source"": ""mock""}",Synthetic mock row — replace via scripts/build_master_dataset.py,mock
OH-08,OH,8,3908,R,Mary Johnson,R,2007,19.0,14.5,Solid R,,True,False,safe,5476110.0,4417831.0,4723652.0,4587802.0,2686443.0,5432965.0,4775800.0,4411778.0,3716394.0,2435391.0,1140775.0,2552380.0,314297.0,3284323.0,,786376,618465,38000.0,0.6775,0.111,0.1662,0.0453,0.1639,0.7309,,"{""office"": ""U.S. Representative, District 08"", ""candidates"": [{""name"": ""Mary Johnson"", ""party"": ""R""}], ""source"": ""mock""}",Synthetic mock row — replace via scripts/build_master_dataset.py,mock
OH-09,OH,9,3909,R,Robert Williams,R,2023,3.0,2.7,Tilt R,,True,False,defend,4527360.0,3706662.0,3853987.0,3520621.0,2133730.0,4604017.0,4027679.0,3268844.0,2847546.0,1127115.0,698863.0,2030560.0,482440.0,4083393.0,,791584,586259,64631.0,0.6851,0.0979,0.1493,0.0676,0.316,0.7453,,"{""office"": ""U.S. Representative, District 09"", ""candidates"": [{""name"": ""Robert Williams"", ""party"": ""R""}, {""name"": ""Daniel Lewis"", ""party"": ""D""}], ""source"": ""mock""}",Synthetic mock row — replace via scripts/build_master_dataset.py,mock
OH-10,OH,10,3910,R,Patricia Brown,R,2005,21.0,11.5,Solid R,,True,False,defend,3245064.0,2495310.0,2976862.0,2482464.0,2682230.0,3526384.0,3088643.0,3091827.0,2855571.0,904069.0,862544.0,1597004.0,468345.0,2264781.0,,707876,511458,93958.0,0.7873,0.0468,0.0849,0.0811,0.2522,0.9099,,"{""office"": ""U.S. Representative, District 10"", ""candidates"": [{""name"": ""Patricia Brown"", ""party"": ""R""}, {""name"": ""Michael Smith"", ""party"": ""D""}], ""source"": ""mock""}",Synthetic mock row — replace via scripts/build_master_dataset.py,mock
OH-11,OH,11,3911,D,John Jones,D,2024,2.0,-11.2,Solid D,,True,False,attack,4997688.0,3985866.0,7614803.0,6725773.0,3273984.0,5259254.0,4634419.0,6079174.0,4819674.0,2195106.0,359698.0,2942969.0,1377349.0,4643919.0,,722781,588840,49154.0,0.6616,0.118,0.2042,0.0162,0.158,0.4525,,"{""office"": ""U.S. Representative, District 11"", ""candidates"": [{""name"": ""John Jones"", ""party"": ""D""}, {""name"": ""Nancy Sanchez"", ""party"": ""R""}], ""source"": ""mock""}",Synthetic mock row — replace via scripts/build_master_dataset.py,mock
OH-12,OH,12,3912,R,Jennifer Garcia,R,2015,11.0,5.0,Lean R,,True,False,defend,10258332.0,8858856.0,7740742.0,7438719.0,5225189.0,6860191.0,6498045.0,8190974.0,6587509.0,4441775.0,785620.0,4214216.0,2602290.0,8189579.0,,811287,635037,73346.0,0.8373,0.1076,0.0381,0.0169,0.2237,0.2762,,"{""office"": ""U.S. Representative, District 12"", ""candidates"": [{""name"": ""Jennifer Garcia"", ""party"": ""R""}, {""name"": ""Karen Hill"", ""party"": ""D""}], ""source"": ""mock""}",Synthetic mock row — replace via scripts/build_master_dataset.py,mock
OH-13,OH,13,3913,R,Michael Miller,R,2004,22.0,10.7,Solid R,,True,False,defend,7364024.0,6582203.0,5324558.0,4793389.0,3276907.0,4962397.0,4002299.0,5641864.0,5283471.0,1327545.0,1765109.0,1055139.0,1311621.0,4760756.0,,725754,530892,51888.0,0.7893,0.0373,0.1528,0.0207,0.3397,0.7385,,"{""office"": ""U.S. Representative, District 13"", ""candidates"": [{""name"": ""Michael Miller"", ""party"": ""R""}, {""name"": ""Lisa Williams"", ""party"": ""D""}], ""source"": ""mock""}",Synthetic mock row — replace via scripts/build_master_dataset.py,mock
OH-14,OH,14,3914,R,OPEN SEAT,,,0.0,2.4,Tilt R,,False,True,defend,7574461.0,6791120.0,7319745.0,6320309.0,6023105.0,4998976.0,3957756.0,4661153.0,3866710.0,3339197.0,1607930.0,2647716.0,794732.0,7319013.0,,719981,522960,85349.0,0.6864,0.1636,0.0782,0.0718,0.2973,0.4074,,"{""office"": ""U.S. Representative, District 14"", ""candidates"": [{""name"": ""Donald Jones"", ""party"": ""D""}], ""source"": ""mock""}",Synthetic mock row — replace via scripts/build_master_dataset.py,mock
OH-15,OH,15,3915,R,Linda Davis,R,2023,3.0,10.7,Solid R,,True,False,defend,8539855.0,7946203.0,6654886.0,6063692.0,2179614.0,9314300.0,7758855.0,5212127.0,5047066.0,3539635.0,2448440.0,3576854.0,794800.0,5701067.0,,774142,611179,71685.0,0.7678,0.0603,0.1576,0.0143,0.2183,0.6546,,"{""office"": ""U.S. Representative, District 15"", ""candidates"": [{""name"": ""Linda Davis"", ""party"": ""R""}, {""name"": ""Donna Scott"", ""party"": ""D""}], ""source"": ""mock""}",Synthetic mock row — replace via scripts/build_master_dataset.py,mock
OK-01,OK,1,4001,R,OPEN SEAT,,,0.0,13.8,Solid R,,False,True,safe,5752832.0,5448349.0,4131603.0,3877702.0,1571029.0,4301373.0,3273609.0,3974817.0,3832396.0,1773909.0,910633.0,1874946.0,533769.0,3279655.0,,786612,577847,58335.0,0.6773,0.038,0.2105,0.0741,0.319,0.671,,"{""office"": ""U.S. Representative, District 01"", ""candidates"": [{""name"": ""Daniel Clark"", ""party"": ""D""}], ""source"": ""mock""}",Synthetic mock row — replace via scripts/build_master_dataset.py,mock
OK-02,OK,2,4002,R,OPEN SEAT,,,0.0,6.5,Likely R,,False,True,defend,10650019.0,8697639.0,8312747.0,6503934.0,1250957.0,11309278.0,10710848.0,8606862.0,8163933.0,2003510.0,1018913.0,2736231.0,878751.0,8229840.0,,761121,621580,94506.0,0.6405,0.1084,0.2119,0.0392,0.4771,0.6345,,"{""office"": ""U.S. Representative, District 02"", ""candidates"": [{""name"": ""Barbara Nguyen"", ""party"": ""D""}], ""source"": ""mock""}",Synthetic mock row — replace via scripts/build_master_dataset.py,mock
OK-03,OK,3,4003,R,OPEN SEAT,,,0.0,4.8,Lean R,,False,True,defend,7609127.0,6414288.0,6082506.0,5764296.0,7260295.0,6181492.0,4638571.0,4115299.0,3548181.0,1946770.0,577304.0,2971173.0,318631.0,6268029.0,,814522,604398,60990.0,0.8347,0.0399,0.0439,0.0814,0.3149,0.5577,,"{""office"": ""U.S. Representative, District 03"", ""candidates"": [{""name"": ""Nancy Allen"", ""party"": ""D""}], ""source"": ""mock""}",Synthetic mock row — replace via scripts/build_master_dataset.py,mock
OK-04,OK,4,4004,R,David Rodriguez,R,2005,21.0,32.8,Solid R,,True,False,safe,2972558.0,2623358.0,1834710.0,1647530.0,449663.0,2156147.0,2010247.0,1657824.0,1496856.0,1509147.0,895952.0,372994.0,618304.0,1093654.0,,738261,600935,52968.0,0.7457,0.0828,0.0894,0.082,0.5147,0.4512,,"{""office"": ""U.S. Representative, District 04"", ""candidates"": [{""name"": ""David Rodriguez"", ""party"": ""R""}], ""source"": ""mock""}",Synthetic mock row — replace via scripts/build_master_dataset.py,mock
OK-05,OK,5,4005,R,Elizabeth Martinez,R,2022,4.0,19.6,Solid R,,True,False,safe,3120076.0,2857917.0,2213705.0,1937565.0,674587.0,1991374.0,1542833.0,1599056.0,1242768.0,1288578.0,804980.0,1053305.0,230914.0,1336646.0,,768516,621154,60704.0,0.7844,0.1447,0.039,0.0319,0.3201,0.3126,,"{""office"": ""U.S. Representative, District 05"", ""candidates"": [{""name"": ""Elizabeth Martinez"", ""party"": ""R""}], ""source"": ""mock""}",Synthetic mock row — replace via scripts/build_master_dataset.py,mock
OR-01,OR,1,4101,R,William Hernandez,R,2013,13.0,-2.2,Tilt D,,True,False,defend,6289129.0,5041360.0,6365303.0,6045479.0,6454334.0,4518107.0,3447449.0,4203756.0,3578979.0,2874777.0,901032.0,1926290.0,1520551.0,6253821.0,,717878,519395,63441.0,0.8552,0.0517,0.0394,0.0537,0.4347,0.4541,,"{""office"": ""U.S. Representative, District 01"", ""candidates"": [{""name"": ""William Hernandez"", ""party"": ""R""}, {""name"": ""Robert Robinson"", ""party"": ""D""}], ""source"": ""mock""}",Synthetic mock row — replace via scripts/build_master_dataset.py,mock
OR-02,OR,2,4102,D,OPEN SEAT,,,0.0,-0.9,Toss-up,,False,True,attack,2593838.0,1950559.0,4034776.0,3184209.0,2489771.0,2619468.0,2477033.0,4260816.0,4141415.0,1006273.0,294764.0,903120.0,975743.0,3396502.0,,781084,597431,99798.0,0.7849,0.0289,0.1087,0.0775,0.333,0.5768,,"{""office"": ""U.S. Representative, District 02"", ""candidates"": [{""name"": ""Lisa Smith"", ""party"": ""R""}], ""source"": ""mock""}",Synthetic mock row — replace via scripts/build_master_dataset.py,mock
OR-03,OR,3,4103,D,Barbara Lopez,D,2021,5.0,-16.1,Solid D,,True,False,safe,2668450.0,2001688.0,2956259.0,2751729.0,488706.0,1940076.0,1867771.0,2805773.0,2132710.0,1276360.0,659084.0,738752.0,327334.0,1685163.0,,768975,565834,75041.0,0.85,0.0373,0.0531,0.0595,0.3203,0.8833,,"{""office"": ""U.S. Representative, District 03"", ""candidates"": [{""name"": ""Barbara Lopez"", ""party"": ""D""}, {""name"": ""Joseph Nguyen"", ""party"": ""R""}], ""source"": ""mock""}",Synthetic mock row — replace via scripts/build_master_dataset.py,mock
OR-04,OR,4,4104,D,Richard Gonzalez,D,2012,14.0,-15.3,Solid D,,True,False,safe,2125344.0,1914440.0,2614928.0,2440354.0,1134463.0,1405535.0,1351874.0,2414166.0,1935826.0,490614.0,560586.0,916684.0,600775.0,1473276.0,,745988,553924,65929.0,0.5925,0.1429,0.199,0.0656,0.4688,0.7179,,"{""office"": ""U.S. Representative, District 04"", ""candidates"": [{""name"": ""Richard Gonzalez"", ""party"": ""D""}], ""source"": ""mock""}",Synthetic mock row — replace via scripts/build_master_dataset.py,mock
OR-05,OR,5,4105,R,Susan Wilson,R,2011,15.0,5.1,Lean R,,True,False,defend,6705136.0,6053651.0,3819663.0,2894235.0,5229110.0,6148623.0,5330640.0,3991801.0,3062893.0,2831585.0,1339723.0,886039.0,1196741.0,4774049.0,,719778,541765,66580.0,0.7563,0.1133,0.0904,0.04,0.4624,0.6154,,"{""office"": ""U.S. Representative, District 05"", ""candidates"": [{""name"": ""Susan Wilson"", ""party"": ""R""}, {""name"": ""William Miller"", ""party"": ""D""}], ""source"": ""mock""}",Synthetic mock row — replace via scripts/build_master_dataset.py,mock
OR-06,OR,6,4106,R,Joseph Anderson,R,2024,2.0,-0.7,Toss-up,,True,False,defend,11694965.0,9971838.0,11295019.0,9342941.0,9242624.0,10367853.0,8850090.0,8520282.0,6670628.0,6322245.0,639102.0,1739762.0,1830159.0,11844440.0,,715914,574087,96193.0,0.7496,0.1236,0.0774,0.0494,0.2214,0.276,,"{""office"": ""U.S. Representative, District 06"", ""candidates"": [{""name"": ""Joseph Anderson"", ""party"": ""R""}, {""name"": ""Mary Rodriguez"", ""party"": ""D""}], ""source"": ""mock""}",Synthetic mock row — replace via scripts/build_master_dataset.py,mock
PA-01,PA,1,4201,D,Jessica Thomas,D,2006,20.0,-2.6,Tilt D,,True,False,attack,9384714.0,7668247.0,13733867.0,11395539.0,7200899.0,6150366.0,4810821.0,13112316.0,10907716.0,3084744.0,1340177.0,2968421.0,2225204.0,11295739.0,,735370,537208,85018.0,0.8591,0.0706,0.0585,0.0118,0.3974,0.6284,,"{""office"": ""U.S. Representative, District 01"", ""candidates"": [{""name"": ""Jessica Thomas"", ""party"": ""D""}, {""name"": ""Kimberly Thompson"", ""party"": ""R""}], ""source"": ""mock""}",Synthetic mock row — replace via scripts/build_master_dataset.py,mock
PA-02,PA,2,4202,R,Thomas Taylor,R,2011,15.0,1.8,Tilt R,,True,False,defend,5576444.0,4582270.0,4785799.0,4686159.0,2611318.0,6076500.0,4737955.0,3304765.0,3182188.0,1197666.0,1749799.0,1963052.0,1067513.0,5179049.0,,761266,603312,105942.0,0.8105,0.0293,0.1372,0.0231,0.3393,0.4772,,"{""office"": ""U.S. Representative, District 02"", ""candidates"": [{""name"": ""Thomas Taylor"", ""party"": ""R""}, {""name"": ""Richard Nguyen"", ""party"": ""D""}], ""source"": ""mock""}",Synthetic mock row — replace via scripts/build_master_dataset.py,mock
PA-03,PA,3,4203,D,Sarah Moore,D,2009,17.0,-0.1,Toss-up,,False,False,attack,10807762.0,10192566.0,13455824.0,10627323.0,2631736.0,9382643.0,7874467.0,8173989.0,7514305.0,5822045.0,3405484.0,4623823.0,3953929.0,12704414.0,,716661,560699,82085.0,0.712,0.0777,0.1647,0.0456,0.3729,0.8017,,"{""office"": ""U.S. Representative, District 03"", ""candidates"": [{""name"": ""Sarah Moore"", ""party"": ""D""}, {""name"": ""Karen Allen"", ""party"": ""R""}], ""source"": ""mock""}",Synthetic mock row — replace via scripts/build_master_dataset.py,mock
PA-04,PA,4,4204,D,Christopher Jackson,D,2012,14.0,-2.8,Tilt D,,True,False,attack,8684157.0,8129462.0,10656076.0,9700260.0,13056083.0,7489054.0,5896678.0,11227492.0,9703905.0,3619990.0,703564.0,2237592.0,2559534.0,9395485.0,,746303,597054,85448.0,0.7417,0.1437,0.0641,0.0505,0.478,0.6278,,"{""office"": ""U.S. Representative, District 04"", ""candidates"": [{""name"": ""Christopher Jackson"", ""party"": ""D""}, {""name"": ""Richard Garcia"", ""party"": ""R""}], ""source"": ""mock""}",Synthetic mock row — replace via scripts/build_master_dataset.py,mock
PA-05,PA,5,4205,D,Karen Martin,D,2017,9.0,-15.1,Solid D,,True,False,safe,4244505.0,4103813.0,5731796.0,5014212.0,1815181.0,4615830.0,3793497.0,5648780.0,4332613.0,1017809.0,327411.0,1150256.0,567763.0,3128568.0,,744851,596373,39730.0,0.7268,0.071,0.1666,0.0356,0.1949,0.15,,"{""office"": ""U.S. Representative, District 05"", ""candidates"": [{""name"": ""Karen Martin"", ""party"": ""D""}, {""name"": ""Donna Smith"", ""party"": ""R""}], ""source"": ""mock""}",Synthetic mock row — replace via scripts/build_master_dataset.py,mock
PA-06,PA,6,4206,D,OPEN SEAT,,,0.0,-5.0,Lean D,,False,True,attack,7510656.0,7223686.0,10906496.0,8201146.0,2271500.0,7809308.0,6606052.0,7125039.0,6451525.0,2556929.0,2397886.0,1828298.0,1658248.0,8379804.0,,746686,573723,70254.0,0.6534,0.1166,0.2036,0.0264,0.1462,0.9136,,"{""office"": ""U.S. Representative, District 06"", ""candidates"": [{""name"": ""Mark Lee"", ""party"": ""R""}], ""source"": ""mock""}",Synthetic mock row — replace via scripts/build_master_dataset.py,mock
PA-07,PA,7,4207,R,Daniel Lee,R,2005,21.0,15.1,Solid R,,True,False,safe,3925595.0,3024463.0,2372439.0,2178954.0,706181.0,3455947.0,3117316.0,1868400.0,1776473.0,1546074.0,446753.0,402523.0,150375.0,1975064.0,,792775,613545,76232.0,0.6814,0.1855,0.0542,0.0789,0.3417,0.6985,,"{""office"": ""U.S. Representative, District 07"", ""candidates"": [{""name"": ""Daniel Lee"", ""party"": ""R""}, {""name"": ""Sandra Ramirez"", ""party"": ""D""}], ""source"": ""mock""}",Synthetic mock row — replace via scripts/build_master_dataset.py,mock
PA-08,PA,8,4208,R,Lisa Perez,R,2011,15.0,8.3,Likely R,,True,False,defend,5190759.0,4503782.0,2882288.0,2297986.0,1431311.0,3905565.0,3251204.0,2408839.0,1811773.0,1645187.0,263849.0,1083758.0,752878.0,3300262.0,,721603,519586,67667.0,0.6831,0.0381,0.2175,0.0613,0.3827,0.3778,,"{""office"": ""U.S. Representative, District 08"", ""candidates"": [{""name"": ""Lisa Perez"", ""party"": ""R""}, {""name"": ""John Thompson"", ""party"": ""D""}], ""source"": ""mock""}",Synthetic mock row — replace via scripts/build_master_dataset.py,mock
PA-09,PA,9,4209,R,Matthew Thompson,R,2009,17.0,9.8,Likely R,,True,False,defend,8216889.0,7713962.0,6156414.0,4868127.0,2703223.0,7654082.0,6446631.0,5871318.0,4807949.0,1243567.0,991390.0,1754956.0,887062.0,5573967.0,,697727,553966,101162.0,0.6713,0.1414,0.1717,0.0156,0.3124,0.7155,,"{""office"": ""U.S. Representative, District 09"", ""candidates"": [{""name"": ""Matthew Thompson"", ""party"": ""R""}, {""name"": ""Margaret Martinez"", ""party"": ""D""}], ""source"": ""mock""}",Synthetic mock row — replace via scripts/build_master_dataset.py,mock
PA-10,PA,10,4210,R,OPEN SEAT,,,0.0,6.2,Likely R,,False,True,defend,5046342.0,4277284.0,5608744.0,4816901.0,2450502.0,5021639.0,4679181.0,6119593.0,4903912.0,2162897.0,1541811.0,2195707.0,876353.0,4669059.0,,786768,591320,71843.0,0.6832,0.0723,0.1689,0.0755,0.2545,0.861,,"{""office"": ""U.S. Representative, District 10"", ""candidates"": [{""name"": ""Joshua King"", ""party"": ""D""}], ""source"": ""mock""}",Synthetic mock row — replace via scripts/build_master_dataset.py,mock
PA-11,PA,11,4211,D,Nancy White,D,2010,16.0,-7.8,Likely D,,True,False,attack,4037866.0,3646666.0,7619522.0,7010603.0,2999540.0,3778036.0,3340209.0,7787847.0,7609470.0,1001389.0,895976.0,3005019.0,1636156.0,4847142.0,,791953,645872,50746.0,0.7951,0.0536,0.0733,0.0781,0.3187,0.9171,,"{""office"": ""U.S. Representative, District 11"", ""candidates"": [{""name"": ""Nancy White"", ""party"": ""D""}, {""name"": ""Sarah Allen"", ""party"": ""R""}], ""source"": ""mock""}",Synthetic mock row — replace via scripts/build_master_dataset.py,mock
PA-12,PA,12,4212,D,Anthony Harris,D,2005,21.0,-6.0,Likely D,,True,False,attack,3359199.0,2521738.0,3428775.0,2757613.0,1253000.0,2060146.0,1720865.0,2894796.0,2762728.0,1025030.0,1019706.0,1276345.0,179271.0,2993496.0,,771162,632279,44071.0,0.6257,0.1641,0.1741,0.0361,0.2937,0.9222,,"{""office"": ""U.S. Representative, District 12"", ""candidates"": [{""name"": ""Anthony Harris"", ""party"": ""D""}, {""name"": ""Matthew Wilson"", ""party"": ""R""}], ""source"": ""mock""}",Synthetic mock row — replace via scripts/build_master_dataset.py,mock
PA-13,PA,13,4213,R,Betty Sanchez,R,2008,18.0,8.5,Likely R,,True,False,defend,8797408.0,7974543.0,7994037.0,6887803.0,6038575.0,8674355.0,7850751.0,8696311.0,7941224.0,4216773.0,1866958.0,1817135.0,2029624.0,6817327.0,,789707,643787,113473.0,0.6759,0.1629,0.1103,0.0509,0.1906,0.8395,,"{""office"": ""U.S. Representative, District 13"", ""candidates"": [{""name"": ""Betty Sanchez"", ""party"": ""R""}, {""name"": ""James Martinez"", ""party"": ""D""}], ""source"": ""mock""}",Synthetic mock row — replace via scripts/build_master_dataset.py,mock
PA-14,PA,14,4214,D,Mark Clark,D,2013,13.0,-13.1,Solid D,,True,False,safe,3586686.0,2944280.0,5550855.0,4974325.0,1973816.0,2573756.0,2015075.0,3384780.0,2689037.0,1518181.0,1183841.0,2112177.0,1223097.0,3121384.0,,761411,566832,74153.0,0.6251,0.1494,0.1741,0.0514,0.3498,0.7506,,"{""office"": ""U.S. Representative, District 14"", ""candidates"": [{""name"": ""Mark Clark"", ""party"": ""D""}], ""source"": ""mock""}",Synthetic mock row — replace via scripts/build_master_dataset.py,mock
PA-15,PA,15,4215,R,OPEN SEAT,,,0.0,1.7,Tilt R,,False,True,defend,8625765.0,7083690.0,6446333.0,6266506.0,5121277.0,9175328.0,7057843.0,4360401.0,3288195.0,3796226.0,875101.0,1451230.0,1141917.0,7554135.0,,704478,542867,54668.0,0.7656,0.0574,0.1512,0.0258,0.2634,0.7064,,"{""office"": ""U.S. Representative, District 15"", ""candidates"": [{""name"": ""Margaret Lee"", ""party"": ""D""}], ""source"": ""mock""}",Synthetic mock row — replace via scripts/build_master_dataset.py,mock
PA-16,PA,16,4216,R,Margaret Ramirez,R,2012,14.0,-0.8,Toss-up,,True,False,defend,7978707.0,7539910.0,8080429.0,6216074.0,2286742.0,5915613.0,4810679.0,6845622.0,5883342.0,4054106.0,2290078.0,1850845.0,1305990.0,8251185.0,,745361,558850,87674.0,0.6215,0.0616,0.2371,0.0799,0.2494,0.8996,,"{""office"": ""U.S. Representative, District 16"", ""candidates"": [{""name"": ""Margaret Ramirez"", ""party"": ""R""}, {""name"": ""Margaret Johnson"", ""party"": ""D""}], ""source"": ""mock""}",Synthetic mock row — replace via scripts/build_master_dataset.py,mock
PA-17,PA,17,4217,D,Donald Lewis,D,2023,3.0,-1.3,Toss-up,,True,False,attack,6423180.0,5108388.0,11152182.0,10662750.0,13025584.0,4659583.0,3550145.0,11498786.0,10728617.0,2622498.0,824935.0,4506178.0,988005.0,8907193.0,,816519,619239,42557.0,0.8026,0.0982,0.0703,0.0288,0.3515,0.6907,,"{""office"": ""U.S. Representative, District 17"", ""candidates"": [{""name"": ""Donald Lewis"", ""party"": ""D""}, {""name"": ""Sarah Moore"", ""party"": ""R""}], ""source"": ""mock""}",Synthetic mock row — replace via scripts/build_master_dataset.py,mock
RI-01,RI,1,4401,R,Sandra Robinson,R,2009,17.0,-0.7,Toss-up,,True,False,defend,9454577.0,8285581.0,7226125.0,6720468.0,2964100.0,7299673.0,6158787.0,6850399.0,6586035.0,2067141.0,647242.0,2972733.0,1650164.0,8593898.0,,813511,639460,46798.0,0.7229,0.081,0.182,0.0141,0.388,0.5454,,"{""office"": ""U.S. Representative, District 01"", ""candidates"": [{""name"": ""Sandra Robinson"", ""party"": ""R""}, {""name"": ""Lisa Young"", ""party"": ""D""}], ""source"": ""mock""}",Synthetic mock row — replace via scripts/build_master_dataset.py,mock
RI-02,RI,2,4402,R,Steven Walker,R,2007,19.0,4.3,Lean R,,True,False,defend,8707958.0,8384249.0,5654407.0,4856516.0,2310574.0,9413937.0,8734009.0,5237360.0,4220904.0,4241895.0,1969246.0,1739506.0,1226526.0,6675627.0,,692490,506172,64974.0,0.7158,0.1369,0.1321,0.0152,0.3874,0.8213,,"{""office"": ""U.S. Representative, District 02"", ""candidates"": [{""name"": ""Steven Walker"", ""party"": ""R""}, {""name"": ""Thomas Hill"", ""party"": ""D""}], ""source"": ""mock""}",Synthetic mock row — replace via scripts/build_master_dataset.py,mock
SC-01,SC,1,4501,R,Ashley Young,R,2005,21.0,9.0,Likely R,,False,False,defend,9510166.0,8258032.0,6025797.0,5106021.0,3415389.0,6053540.0,5679021.0,6039859.0,5471057.0,4369694.0,1676882.0,1534017.0,458319.0,6198849.0,,694074,558234,71364.0,0.5833,0.2509,0.0969,0.0688,0.2782,0.563,,"{""office"": ""U.S. Representative, District 01"", ""candidates"": [{""name"": ""Ashley Young"", ""party"": ""R""}, {""name"": ""Christopher Thompson"", ""party"": ""D""}], ""source"": ""mock""}",Synthetic mock row — replace via scripts/build_master_dataset.py,mock
SC-02,SC,2,4502,R,Paul Allen,R,2007,19.0,2.3,Tilt R,,True,False,defend,10589779.0,10072294.0,9322663.0,8689297.0,6378344.0,7089349.0,5510454.0,8266962.0,6910138.0,5545167.0,3544687.0,4261840.0,1037884.0,9812852.0,,746047,541871,39085.0,0.4543,0.3059,0.1969,0.0429,0.12,0.6124,,"{""office"": ""U.S. Representative, District 02"", ""candidates"": [{""name"": ""Paul Allen"", ""party"": ""R""}, {""name"": ""Sarah Walker"", ""party"": ""D""}], ""source"": ""mock""}",Synthetic mock row — replace via scripts/build_master_dataset.py,mock
SC-03,SC,3,4503,R,Kimberly King,R,2014,12.0,21.5,Solid R,,True,False,safe,2094015.0,1876065.0,1881954.0,1686806.0,91113.0,2261085.0,2199738.0,1860908.0,1777800.0,772928.0,299060.0,807776.0,564609.0,904533.0,,765937,588711,47562.0,0.3954,0.4318,0.1197,0.0531,0.132,0.2028,,"{""office"": ""U.S. Representative, District 03"", ""candidates"": [{""name"": ""Kimberly King"", ""party"": ""R""}, {""name"": ""Ashley Flores"", ""party"": ""D""}], ""source"": ""mock""}",Synthetic mock row — replace via scripts/build_master_dataset.py,mock
SC-04,SC,4,4504,R,Andrew Wright,R,2007,19.0,11.7,Solid R,,True,False,defend,6088058.0,5655331.0,3784054.0,3032223.0,2639995.0,4357248.0,3563532.0,3641839.0,2756656.0,1351118.0,491782.0,864176.0,1092386.0,3565807.0,,731759,559387,62358.0,0.6883,0.0848,0.1921,0.0348,0.336,0.7887,,"{""office"": ""U.S. Representative, District 04"", ""candidates"": [{""name"": ""Andrew Wright"", ""party"": ""R""}, {""name"": ""Matthew Flores"", ""party"": ""D""}], ""source"": ""mock""}",Synthetic mock row — replace via scripts/build_master_dataset.py,mock
SC-05,SC,5,4505,R,Emily Scott,R,2006,20.0,1.9,Tilt R,,True,False,defend,9207981.0,8550270.0,8238728.0,6389673.0,7475638.0,7821372.0,6954107.0,8366640.0,7965207.0,4501281.0,2571636.0,2579362.0,763522.0,8695440.0,,753103,603553,102875.0,0.3998,0.3441,0.2055,0.0507,0.12,0.3169,,"{""office"": ""U.S. Representative, District 05"", ""candidates"": [{""name"": ""Emily Scott"", ""party"": ""R""}, {""name"": ""Donald Rodriguez"", ""party"": ""D""}], ""source"": ""mock""}",Synthetic mock row — replace via scripts/build_master_dataset.py,mock
SC-06,SC,6,4506,D,Joshua Torres,D,2019,7.0,3.9,Lean R,,False,False,attack,7589347.0,7434981.0,10382034.0,9505427.0,7003738.0,6204218.0,5761929.0,8811803.0,8425912.0,2714876.0,459802.0,4503294.0,3585755.0,8453738.0,,761540,561709,77296.0,0.6365,0.1576,0.1572,0.0488,0.3825,0.8787,,"{""office"": ""U.S. Representative, District 06"", ""candidates"": [{""name"": ""Joshua Torres"", ""party"": ""D""}, {""name"": ""Sarah Flores"", ""party"": ""R""}], ""source"": ""mock""}",Synthetic mock row — replace via scripts/build_master_dataset.py,mock
SC-07,SC,7,4507,R,Donna Nguyen,R,2022,4.0,8.9,Likely R,,True,False,defend,7465524.0,6399241.0,7133592.0,6727848.0,3815457.0,7426921.0,7158474.0,4378766.0,4190952.0,1673136.0,1910054.0,1682457.0,2118615.0,5845486.0,,740760,593982,81030.0,0.5013,0.2604,0.1902,0.0482,0.2896,0.3702,,"{""office"": ""U.S. Representative, District 07"", ""candidates"": [{""name"": ""Donna Nguyen"", ""party"": ""R""}, {""name"": ""Kimberly Sanchez"", ""party"": ""D""}], ""source"": ""mock""}",Synthetic mock row — replace via scripts/build_master_dataset.py,mock
SD-00,SD,0,4600,R,Kenneth Hill,R,2014,12.0,16.6,Solid R,,True,False,safe,5613207.0,5331807.0,3154226.0,2900890.0,579906.0,4216325.0,3191554.0,2559419.0,2022824.0,2947452.0,1655261.0,1133094.0,1074437.0,2565351.0,,745845,580683,92176.0,0.7855,0.0774,0.0614,0.0757,0.2711,0.8344,,"{""office"": ""U.S. Representative, District 00"", ""candidates"": [{""name"": ""Kenneth Hill"", ""party"": ""R""}], ""source"": ""mock""}",Synthetic mock row — replace via scripts/build_master_dataset.py,mock
TN-01,TN,1,4701,R,Michelle Flores,R,2009,17.0,10.3,Solid R,,True,False,defend,6918807.0,6373503.0,5722170.0,5247995.0,2395322.0,6207925.0,5162888.0,3608838.0,3501186.0,1326557.0,726088.0,1842627.0,770374.0,4813684.0,,812217,629475,62038.0,0.7536,0.0689,0.146,0.0316,0.3424,0.15,,"{""office"": ""U.S. Representative, District 01"", ""candidates"": [{""name"": ""Michelle Flores"", ""party"": ""R""}, {""name"": ""Betty Williams"", ""party"": ""D""}], ""source"": ""mock""}",Synthetic mock row — replace via scripts/build_master_dataset.py,mock
TN-02,TN,2,4702,R,James Smith,R,2023,3.0,15.1,Solid R,,True,False,safe,4504048.0,4110072.0,2574755.0,1963471.0,1819586.0,3407067.0,2952155.0,2425973.0,2072046.0,1433208.0,1044890.0,1132458.0,820814.0,2219913.0,,769455,579372,53636.0,0.815,0.0773,0.0462,0.0615,0.2808,0.5527,,"{""office"": ""U.S. Representative, District 02"", ""candidates"": [{""name"": ""James Smith"", ""party"": ""R""}], ""source"": ""mock""}",Synthetic mock row — replace via scripts/build_master_dataset.py,mock
TN-03,TN,3,4703,R,Mary Johnson,R,2021,5.0,11.1,Solid R,,True,False,defend,5316096.0,4271512.0,4745901.0,4100843.0,1786839.0,3987098.0,3705125.0,3341240.0,2587248.0,2619778.0,1489576.0,2347064.0,1511560.0,3718914.0,,777723,602410,55380.0,0.8724,0.027,0.0862,0.0145,0.5056,0.733,,"{""office"": ""U.S. Representative, District 03"", ""candidates"": [{""name"": ""Mary Johnson"", ""party"": ""R""}, {""name"": ""Elizabeth Thompson"", ""party"": ""D""}], ""source"": ""mock""}",Synthetic mock row — replace via scripts/build_master_dataset.py,mock
TN-04,TN,4,4704,R,Robert Williams,R,2020,6.0,2.3,Tilt R,,True,False,defend,5587264.0,4220854.0,5527091.0,5174342.0,7240763.0,4648174.0,4245572.0,5205260.0,4617435.0,2306464.0,1372604.0,2888911.0,1875296.0,5477154.0,,697852,569595,77739.0,0.7533,0.1456,0.0892,0.0119,0.2449,0.99,,"{""office"": ""U.S. Representative, District 04"", ""candidates"": [{""name"": ""Robert Williams"", ""party"": ""R""}, {""name"": ""Sandra Ramirez"", ""party"": ""D""}], ""source"": ""mock""}",Synthetic mock row — replace via scripts/build_master_dataset.py,mock
TN-05,TN,5,4705,R,Patricia Brown,R,2006,20.0,21.6,Solid R,,True,False,safe,2673650.0,2384941.0,2116100.0,1770505.0,479094.0,2097197.0,1891094.0,1582467.0,1525063.0,908413.0,498329.0,1110732.0,715109.0,1089668.0,,690134,509466,73814.0,0.6079,0.1743,0.1419,0.0759,0.3727,0.8519,,"{""office"": ""U.S. Representative, District 05"", ""candidates"": [{""name"": ""Patricia Brown"", ""party"": ""R""}], ""source"": ""mock""}",Synthetic mock row — replace via scripts/build_master_dataset.py,mock
TN-06,TN,6,4706,R,John Jones,R,2009,17.0,24.0,Solid R,,True,False,safe,2682874.0,2594798.0,1667617.0,1481953.0,225990.0,2624813.0,2301315.0,1770179.0,1688421.0,1382054.0,456160.0,655748.0,223062.0,989737.0,,717338,586093,92329.0,0.6054,0.1182,0.2281,0.0483,0.2556,0.15,,"{""office"": ""U.S. Representative, District 06"", ""candidates"": [{""name"": ""John Jones"", ""party"": ""R""}], ""source"": ""mock""}",Synthetic mock row — replace via scripts/build_master_dataset.py,mock
TN-07,TN,7,4707,R,Jennifer Garcia,R,2023,3.0,20.3,Solid R,,True,False,safe,2210541.0,2046266.0,1617109.0,1414808.0,574390.0,1480558.0,1383803.0,1545521.0,1173713.0,1109051.0,752844.0,722625.0,139029.0,921698.0,,765171,567882,113764.0,0.7188,0.1941,0.0566,0.0304,0.5356,0.8819,,"{""office"": ""U.S. Representative, District 07"", ""candidates"": [{""name"": ""Jennifer Garcia"", ""party"": ""R""}], ""source"": ""mock""}",Synthetic mock row — replace via scripts/build_master_dataset.py,mock
TN-08,TN,8,4708,R,Michael Miller,R,2004,22.0,19.2,Solid R,,True,False,safe,3735882.0,3226055.0,2701832.0,2608484.0,477168.0,2780460.0,2253646.0,2938268.0,2876161.0,1353402.0,1154219.0,1389884.0,555336.0,1649342.0,,804923,625506,48067.0,0.7526,0.0901,0.1365,0.0208,0.3865,0.3537,,"{""office"": ""U.S. Representative, District 08"", ""candidates"": [{""name"": ""Michael Miller"", ""party"": ""R""}, {""name"": ""Kenneth King"", ""party"": ""D""}], ""source"": ""mock""}",Synthetic mock row — replace via scripts/build_master_dataset.py,mock
TN-09,TN,9,4709,R,Linda Davis,R,2014,12.0,4.3,Lean R,,True,False,defend,6717266.0,6483902.0,4331544.0,3329942.0,3411091.0,6082327.0,5368583.0,4341917.0,3486386.0,1762644.0,782922.0,1247806.0,1384152.0,5135487.0,,815405,659376,105522.0,0.7714,0.0814,0.1186,0.0285,0.1717,0.8495,,"{""office"": ""U.S. Representative, District 09"", ""candidates"": [{""name"": ""Linda Davis"", ""party"": ""R""}, {""name"": ""Patricia Hernandez"", ""party"": ""D""}], ""source"": ""mock""}",Synthetic mock row — replace via scripts/build_master_dataset.py,mock
TX-01,TX,1,4801,R,David Rodriguez,R,2006,20.0,2.1,Tilt R,,True,False,defend,7842650.0,6879043.0,4745731.0,3818332.0,5972702.0,5030567.0,4206400.0,4081428.0,3101514.0,3736432.0,514179.0,1988082.0,460413.0,6238801.0,,803343,596712,91065.0,0.3372,0.1293,0.4736,0.0599,0.218,0.8917,,"{""office"": ""U.S. Representative, District 01"", ""candidates"": [{""name"": ""David Rodriguez"", ""party"": ""R""}, {""name"": ""Sarah White"", ""party"": ""D""}], ""source"": ""mock""}",Synthetic mock row — replace via scripts/build_master_dataset.py,mock
TX-02,TX,2,4802,R,Elizabeth Martinez,R,2022,4.0,5.7,Lean R,,True,False,defend,9025943.0,8173575.0,8987464.0,6900158.0,10501620.0,7446950.0,6125101.0,7318689.0,6085396.0,2158438.0,680565.0,4188326.0,1097792.0,8019569.0,,769640,581985,74134.0,0.5355,0.1081,0.338,0.0183,0.3982,0.3535,,"{""office"": ""U.S. Representative, District 02"", ""candidates"": [{""name"": ""Elizabeth Martinez"", ""party"": ""R""}, {""name"": ""Patricia Thompson"", ""party"": ""D""}], ""source"": ""mock""}",Synthetic mock row — replace via scripts/build_master_dataset.py,mock
TX-03,TX,3,4803,R,William Hernandez,R,2014,12.0,0.3,Toss-up,,True,False,defend,7553260.0,5726401.0,6257007.0,5996394.0,10464551.0,5636437.0,4466924.0,5997760.0,4864356.0,1702679.0,2008113.0,1564274.0,2061277.0,7192387.0,,807818,583702,97006.0,0.6106,0.1323,0.238,0.0191,0.2743,0.2349,,"{""office"": ""U.S. Representative, District 03"", ""candidates"": [{""name"": ""William Hernandez"", ""party"": ""R""}, {""name"": ""Paul Rodriguez"", ""party"": ""D""}], ""source"": ""mock""}",Synthetic mock row — replace via scripts/build_master_dataset.py,mock
TX-04,TX,4,4804,D,Barbara Lopez,D,2012,14.0,3.5,Lean R,,True,False,attack,3257902.0,2819342.0,4365586.0,3495749.0,2007246.0,3513053.0,2964568.0,3886399.0,3019641.0,1349804.0,741659.0,1785914.0,1018218.0,3628780.0,,792427,610806,76945.0,0.4237,0.14,0.3574,0.0789,0.2806,0.3016,,"{""office"": ""U.S. Representative, District 04"", ""candidates"": [{""name"": ""Barbara Lopez"", ""party"": ""D""}, {""name"": ""David Nguyen"", ""party"": ""R""}], ""source"": ""mock""}",Synthetic mock row — replace via scripts/build_master_dataset.py,mock
TX-05,TX,5,4805,R,Richard Gonzalez,R,2021,5.0,0.2,Toss-up,,True,False,defend,4617065.0,3857302.0,3642208.0,3275415.0,1472647.0,3943905.0,3394157.0,3360816.0,2595220.0,1151097.0,637165.0,1591767.0,918679.0,4312992.0,,776865,622418,92392.0,0.5731,0.1234,0.2367,0.0668,0.2431,0.8369,,"{""office"": ""U.S. Representative, District 05"", ""candidates"": [{""name"": ""Richard Gonzalez"", ""party"": ""R""}, {""name"": ""Paul Walker"", ""party"": ""D""}], ""source"": ""mock""}",Synthetic mock row — replace via scripts/build_master_dataset.py,mock
TX-06,TX,6,4806,D,Susan Wilson,D,2007,19.0,-0.7,Toss-up,,True,False,attack,6946030.0,5529016.0,8932661.0,7673715.0,1913311.0,4644041.0,3727996.0,8899755.0,7398830.0,2396741.0,908756.0,3343089.0,2800607.0,8180702.0,,766929,558213,105087.0,0.4162,0.1294,0.3835,0.0709,0.5449,0.8754,,"{""office"": ""U.S. Representative, District 06"", ""candidates"": [{""name"": ""Susan Wilson"", ""party"": ""D""}, {""name"": ""Susan Martinez"", ""party"": ""R""}], ""source"": ""mock""}",Synthetic mock row — replace via scripts/build_master_dataset.py,mock
TX-07,TX,7,4807,R,Joseph Anderson,R,2017,9.0,-1.1,Toss-up,,True,False,defend,3449242.0,2812802.0,2828168.0,2746483.0,4838327.0,2621032.0,2227464.0,3052168.0,2449580.0,1669230.0,546311.0,609245.0,609420.0,3198968.0,,778882,576666,68848.0,0.6925,0.0787,0.2089,0.02,0.456,0.8051,,"{""office"": ""U.S. Representative, District 07"", ""candidates"": [{""name"": ""Joseph Anderson"", ""party"": ""R""}, {""name"": ""Margaret Wright"", ""party"": ""D""}], ""source"": ""mock""}",Synthetic mock row — replace via scripts/build_master_dataset.py,mock
TX-08,TX,8,4808,R,Jessica Thomas,R,2018,8.0,24.9,Solid R,,True,False,safe,3025036.0,2511394.0,2211903.0,1666077.0,429414.0,3308714.0,2670057.0,2387932.0,1983948.0,858991.0,615743.0,1092503.0,209726.0,1191404.0,,803898,647045,75912.0,0.345,0.1212,0.5034,0.0304,0.4532,0.8223,,"{""office"": ""U.S. Representative, District 08"", ""candidates"": [{""name"": ""Jessica Thomas"", ""party"": ""R""}, {""name"": ""Donna Rodriguez"", ""party"": ""D""}], ""source"": ""mock""}",Synthetic mock row — replace via scripts/build_master_dataset.py,mock
TX-09,TX,9,4809,D,OPEN SEAT,,,0.0,-2.9,Tilt D,,False,True,attack,10377358.0,9539939.0,11823561.0,9023353.0,6859284.0,11189430.0,10880607.0,9536068.0,7269654.0,3293270.0,644636.0,2467120.0,2231791.0,10754125.0,,815592,595891,78181.0,0.6886,0.0623,0.2034,0.0458,0.4504,0.8158,,"{""office"": ""U.S. Representative, District 09"", ""candidates"": [{""name"": ""Thomas King"", ""party"": ""R""}], ""source"": ""mock""}",Synthetic mock row — replace via scripts/build_master_dataset.py,mock
TX-10,TX,10,4810,R,Thomas Taylor,R,2014,12.0,-0.3,Toss-up,,True,False,defend,12264648.0,10882601.0,11104132.0,9062297.0,11679428.0,9236036.0,7335887.0,10146579.0,8680804.0,4456935.0,1840836.0,2783587.0,1022269.0,12170461.0,,778291,573732,87843.0,0.3151,0.1248,0.4911,0.069,0.3162,0.6825,,"{""office"": ""U.S. Representative, District 10"", ""candidates"": [{""name"": ""Thomas Taylor"", ""party"": ""R""}, {""name"": ""Joshua Garcia"", ""party"": ""D""}], ""source"": ""mock""}",Synthetic mock row — replace via scripts/build_master_dataset.py,mock
TX-11,TX,11,4811,R,Sarah Moore,R,2010,16.0,-2.8,Tilt D,,True,False,defend,8336727.0,6612945.0,5787406.0,4547143.0,1857325.0,8633071.0,8102284.0,5439541.0,4774497.0,4408932.0,2291315.0,2647769.0,1173209.0,6861504.0,,808242,639832,69176.0,0.4961,0.1866,0.2485,0.0688,0.3715,0.9366,,"{""office"": ""U.S. Representative, District 11"", ""candidates"": [{""name"": ""Sarah Moore"", ""party"": ""R""}, {""name"": ""Kimberly Gonzalez"", ""party"": ""D""}], ""source"": ""mock""}",Synthetic mock row — replace via scripts/build_master_dataset.py,mock
TX-12,TX,12,4812,D,Christopher Jackson,D,2014,12.0,-5.6,Lean D,,True,False,attack,3219043.0,3043075.0,3332055.0,2745234.0,1540792.0,2055717.0,1668404.0,3153624.0,2401917.0,844773.0,185724.0,1550615.0,422431.0,2925720.0,,727827,535596,91657.0,0.6027,0.1655,0.2121,0.0197,0.2519,0.9596,,"{""office"": ""U.S. Representative, District 12"", ""candidates"": [{""name"": ""Christopher Jackson"", ""party"": ""D""}, {""name"": ""Kimberly Lopez"", ""party"": ""R""}], ""source"": ""mock""}",Synthetic mock row — replace via scripts/build_master_dataset.py,mock
TX-13,TX,13,4813,R,Karen Martin,R,2019,7.0,8.4,Likely R,,True,False,defend,9275433.0,7684840.0,6322809.0,4798659.0,1810634.0,9041905.0,6893559.0,3861031.0,2917455.0,1958498.0,2848880.0,2967065.0,1920061.0,6354724.0,,797319,578315,73748.0,0.3948,0.0218,0.5367,0.0466,0.2694,0.8699,,"{""office"": ""U.S. Representative, District 13"", ""candidates"": [{""name"": ""Karen Martin"", ""party"": ""R""}, {""name"": ""David Gonzalez"", ""party"": ""D""}], ""source"": ""mock""}",Synthetic mock row — replace via scripts/build_master_dataset.py,mock
TX-14,TX,14,4814,D,Daniel Lee,D,2012,14.0,-8.3,Likely D,,True,False,attack,5585449.0,4857069.0,7986635.0,6853766.0,4797759.0,6017547.0,5738899.0,8268625.0,6775263.0,1925793.0,285378.0,3944804.0,1132275.0,5548268.0,,751745,596633,44744.0,0.7373,0.025,0.2253,0.0123,0.2191,0.7462,,"{""office"": ""U.S. Representative, District 14"", ""candidates"": [{""name"": ""Daniel Lee"", ""party"": ""D""}, {""name"": ""Elizabeth Walker"", ""party"": ""R""}], ""source"": ""mock""}",Synthetic mock row — replace via scripts/build_master_dataset.py,mock
TX-15,TX,15,4815,R,Lisa Perez,R,2014,12.0,0.3,Toss-up,,True,False,defend,8758074.0,6781202.0,5508758.0,4437988.0,5588044.0,6262610.0,4933419.0,4874510.0,4541401.0,4142142.0,2650570.0,935537.0,982553.0,7430166.0,,702350,509552,62888.0,0.3631,0.0241,0.5346,0.0782,0.3518,0.7253,,"{""office"": ""U.S. Representative, District 15"", ""candidates"": [{""name"": ""Lisa Perez"", ""party"": ""R""}, {""name"": ""Thomas Young"", ""party"": ""D""}], ""source"": ""mock""}",Synthetic mock row — replace via scripts/build_master_dataset.py,mock
TX-16,TX,16,4816,R,Matthew Thompson,R,2019,7.0,15.5,Solid R,,True,False,safe,4336748.0,3683429.0,3250036.0,2778372.0,1840297.0,4017440.0,3421571.0,2167163.0,1921031.0,2094681.0,1509190.0,906793.0,1041917.0,2336729.0,,694557,540118,42673.0,0.5929,0.137,0.2286,0.0415,0.5482,0.4614,,"{""office"": ""U.S. Representative, District 16"", ""candidates"": [{""name"": ""Matthew Thompson"", ""party"": ""R""}, {""name"": ""Andrew Taylor"", ""party"": ""D""}], ""source"": ""mock""}",Synthetic mock row — replace via scripts/build_master_dataset.py,mock
TX-17,TX,17,4817,R,Nancy White,R,2007,19.0,1.0,Toss-up,,True,False,defend,9276813.0,7973343.0,7940538.0,7259074.0,2564825.0,7112109.0,6722590.0,6283952.0,4897328.0,2365402.0,3229045.0,1795224.0,637964.0,8798066.0,,811636,663285,75902.0,0.442,0.0566,0.483,0.0185,0.5323,0.7673,,"{""office"": ""U.S. Representative, District 17"", ""candidates"": [{""name"": ""Nancy White"", ""party"": ""R""}, {""name"": ""Andrew Nguyen"", ""party"": ""D""}], ""source"": ""mock""}",Synthetic mock row — replace via scripts/build_master_dataset.py,mock
TX-18,TX,18,4818,R,Anthony Harris,R,2011,15.0,2.3,Tilt R,,True,False,defend,4145627.0,3414479.0,2832849.0,2561875.0,3666529.0,4099097.0,3558946.0,2914306.0,2338856.0,856416.0,812978.0,1003882.0,798892.0,3438993.0,,750863,565926,91448.0,0.6496,0.0706,0.2511,0.0287,0.1814,0.8491,,"{""office"": ""U.S. Representative, District 18"", ""candidates"": [{""name"": ""Anthony Harris"", ""party"": ""R""}, {""name"": ""Jennifer Nguyen"", ""party"": ""D""}], ""source"": ""mock""}",Synthetic mock row — replace via scripts/build_master_dataset.py,mock
TX-19,TX,19,4819,D,Betty Sanchez,D,2024,2.0,-5.5,Lean D,,False,False,attack,5956808.0,4667222.0,8928727.0,8738068.0,7921319.0,5387345.0,4557520.0,7992081.0,6548000.0,1817546.0,1586670.0,3680092.0,2327074.0,6668720.0,,716630,557749,80103.0,0.5266,0.0778,0.3241,0.0716,0.1551,0.6978,,"{""office"": ""U.S. Representative, District 19"", ""candidates"": [{""name"": ""Betty Sanchez"", ""party"": ""D""}, {""name"": ""Linda Lee"", ""party"": ""R""}], ""source"": ""mock""}",Synthetic mock row — replace via scripts/build_master_dataset.py,mock
TX-20,TX,20,4820,R,Mark Clark,R,2017,9.0,5.5,Lean R,,True,False,defend,7201098.0,6388032.0,5220094.0,4702843.0,2242928.0,7117075.0,6559415.0,3145785.0,2504019.0,1837751.0,1022834.0,2549476.0,1407469.0,5564694.0,,755781,566566,61933.0,0.3027,0.1058,0.5543,0.0371,0.2151,0.9628,,"{""office"": ""U.S. Representative, District 20"", ""candidates"": [{""name"": ""Mark Clark"", ""party"": ""R""}, {""name"": ""David Anderson"", ""party"": ""D""}], ""source"": ""mock""}",Synthetic mock row — replace via scripts/build_master_dataset.py,mock
TX-21,TX,21,4821,R,Margaret Ramirez,R,2009,17.0,-0.1,Toss-up,,True,False,defend,5778249.0,4459468.0,3778309.0,3309846.0,5070000.0,4700012.0,3857599.0,3250037.0,2472625.0,987167.0,1075248.0,1613298.0,982560.0,5003814.0,,767940,588442,49393.0,0.4322,0.1214,0.4322,0.0142,0.4259,0.99,,"{""office"": ""U.S. Representative, District 21"", ""candidates"": [{""name"": ""Margaret Ramirez"", ""party"": ""R""}, {""name"": ""Patricia Perez"", ""party"": ""D""}], ""source"": ""mock""}",Synthetic mock row — replace via scripts/build_master_dataset.py,mock
TX-22,TX,22,4822,D,Donald Lewis,D,2024,2.0,-5.8,Lean D,,True,False,attack,7304256.0,6922729.0,12658054.0,9826730.0,7853400.0,7699921.0,6779596.0,12801568.0,11570357.0,3056266.0,2467672.0,3653262.0,1771242.0,8859273.0,,704554,532735,67197.0,0.3521,0.1224,0.4823,0.0431,0.2999,0.6509,,"{""office"": ""U.S. Representative, District 22"", ""candidates"": [{""name"": ""Donald Lewis"", ""party"": ""D""}, {""name"": ""Paul Harris"", ""party"": ""R""}], ""source"": ""mock""}",Synthetic mock row — replace via scripts/build_master_dataset.py,mock
TX-23,TX,23,4823,R,Sandra Robinson,R,2019,7.0,12.0,Solid R,,True,False,safe,2457816.0,1868677.0,2595111.0,2262716.0,1286084.0,1558614.0,1419637.0,2322814.0,2083352.0,376675.0,588788.0,723920.0,731460.0,1803895.0,,691311,498564,70239.0,0.5954,0.0837,0.2735,0.0474,0.2216,0.3574,,"{""office"": ""U.S. Representative, District 23"", ""candidates"": [{""name"": ""Sandra Robinson"", ""party"": ""R""}], ""source"": ""mock""}",Synthetic mock row — replace via scripts/build_master_dataset.py,mock
TX-24,TX,24,4824,R,Steven Walker,R,2019,7.0,7.3,Likely R,,True,False,defend,6926165.0,6730713.0,6565193.0,5628283.0,7238220.0,6707916.0,6570663.0,5545652.0,4779382.0,3045726.0,1684008.0,1607855.0,421005.0,5704146.0,,704587,519037,95996.0,0.5008,0.1516,0.3063,0.0412,0.3896,0.4417,,"{""office"": ""U.S. Representative, District 24"", ""candidates"": [{""name"": ""Steven Walker"", ""party"": ""R""}, {""name"": ""Susan Young"", ""party"": ""D""}], ""source"": ""mock""}",Synthetic mock row — replace via scripts/build_master_dataset.py,mock
TX-25,TX,25,4825,D,Ashley Young,D,2021,5.0,-1.9,Tilt D,,True,False,attack,8338509.0,7898374.0,9150465.0,8199845.0,7525897.0,6962852.0,5947481.0,6321616.0,5442281.0,3816438.0,1700576.0,2016853.0,617229.0,8716504.0,,811268,591402,67667.0,0.6527,0.0563,0.238,0.0531,0.1784,0.544,,"{""office"": ""U.S. Representative, District 25"", ""candidates"": [{""name"": ""Ashley Young"", ""party"": ""D""}, {""name"": ""Elizabeth Harris"", ""party"": ""R""}], ""source"": ""mock""}",Synthetic mock row — replace via scripts/build_master_dataset.py,mock
TX-26,TX,26,4826,R,Paul Allen,R,2023,3.0,4.1,Lean R,,True,False,defend,10179659.0,9060468.0,8148943.0,7402205.0,1765367.0,7242901.0,6283077.0,7112975.0,5951292.0,4753415.0,627751.0,1380645.0,1923662.0,8570454.0,,739595,571864,93504.0,0.1627,0.1924,0.5712,0.0736,0.4444,0.5302,,"{""office"": ""U.S. Representative, District 26"", ""candidates"": [{""name"": ""Paul Allen"", ""party"": ""R""}, {""name"": ""Anthony Nguyen"", ""party"": ""D""}], ""source"": ""mock""}",Synthetic mock row — replace via scripts/build_master_dataset.py,mock
TX-27,TX,27,4827,R,Kimberly King,R,2004,22.0,-0.0,Toss-up,,True,False,defend,9406040.0,7661019.0,5144325.0,4187771.0,8106609.0,9386781.0,8373985.0,3116352.0,2919870.0,2934960.0,2182326.0,2610412.0,1571069.0,7638942.0,,723551,532056,43948.0,0.4211,0.1522,0.4139,0.0127,0.3298,0.3723,,"{""office"": ""U.S. Representative, District 27"", ""candidates"": [{""name"": ""Kimberly King"", ""party"": ""R""}, {""name"": ""Karen Wilson"", ""party"": ""D""}], ""source"": ""mock""}",Synthetic mock row — replace via scripts/build_master_dataset.py,mock
TX-28,TX,28,4828,R,Andrew Wright,R,2013,13.0,10.7,Solid R,,False,False,defend,8624917.0,7729260.0,6361308.0,6068838.0,4156801.0,9415253.0,9000926.0,5221245.0,5115683.0,2532973.0,2302740.0,2328134.0,1186330.0,5622832.0,,774907,612084,65617.0,0.3593,0.1462,0.4701,0.0243,0.1705,0.8576,,"{""office"": ""U.S. Representative, District 28"", ""candidates"": [{""name"": ""Andrew Wright"", ""party"": ""R""}, {""name"": ""Sandra White"", ""party"": ""D""}], ""source"": ""mock""}",Synthetic mock row — replace via scripts/build_master_dataset.py,mock
TX-29,TX,29,4829,R,Emily Scott,R,2006,20.0,20.5,Solid R,,True,False,safe,2541621.0,2049982.0,2229260.0,1801773.0,166002.0,2190030.0,2005497.0,1826025.0,1493770.0,908152.0,380412.0,1025193.0,262930.0,1135470.0,,788236,602462,71109.0,0.5124,0.1901,0.224,0.0735,0.3256,0.4745,,"{""office"": ""U.S. Representative, District 29"", ""candidates"": [{""name"": ""Emily Scott"", ""party"": ""R""}], ""source"": ""mock""}",Synthetic mock row — replace via scripts/build_master_dataset.py,mock
TX-30,TX,30,4830,R,Joshua Torres,R,2021,5.0,9.2,Likely R,,True,False,defend,3634376.0,3028608.0,3342988.0,2618111.0,3136588.0,2635379.0,2012690.0,3486813.0,2939789.0,1736235.0,854643.0,1194203.0,521808.0,2764431.0,,777247,577756,43578.0,0.5625,0.0534,0.3607,0.0234,0.2203,0.6257,,"{""office"": ""U.S. Representative, District 30"", ""candidates"": [{""name"": ""Joshua Torres"", ""party"": ""R""}, {""name"": ""Daniel Lee"", ""party"": ""D""}], ""source"": ""mock""}",Synthetic mock row — replace via scripts/build_master_dataset.py,mock
TX-31,TX,31,4831,D,Donna Nguyen,D,2021,5.0,0.8,Toss-up,,True,False,attack,11205255.0,9984873.0,12893472.0,12351836.0,9464451.0,12076032.0,10014449.0,8076364.0,7007448.0,2553431.0,2663065.0,5905380.0,1238270.0,12381926.0,,787610,571838,91584.0,0.5317,0.031,0.351,0.0864,0.526,0.5228,,"{""office"": ""U.S. Representative, District 31"", ""candidates"": [{""name"": ""Donna Nguyen"", ""party"": ""D""}, {""name"": ""Emily Clark"", ""party"": ""R""}], ""source"": ""mock""}",Synthetic mock row — replace via scripts/build_master_dataset.py,mock
TX-32,TX,32,4832,D,Kenneth Hill,D,2017,9.0,-3.2,Tilt D,,True,False,attack,8101688.0,6743769.0,8417179.0,8072095.0,5684260.0,8117736.0,7038919.0,8934146.0,6939998.0,3604930.0,2107175.0,3936694.0,1242017.0,7932360.0,,731198,535328,57869.0,0.374,0.1232,0.464,0.0388,0.3091,0.772,,"{""office"": ""U.S. Representative, District 32"", ""candidates"": [{""name"": ""Kenneth Hill"", ""party"": ""D""}, {""name"": ""Robert Walker"", ""party"": ""R""}], ""source"": ""mock""}",Synthetic mock row — replace via scripts/build_master_dataset.py,mock
TX-33,TX,33,4833,D,Michelle Flores,D,2015,11.0,0.3,Toss-up,,True,False,attack,7441905.0,5706383.0,10557230.0,9410325.0,8522475.0,4625615.0,3722456.0,9272458.0,7578724.0,2283436.0,1478381.0,3231606.0,1754480.0,9373949.0,,816157,622718,71646.0,0.3261,0.0434,0.59,0.0405,0.1901,0.4613,,"{""office"": ""U.S. Representative, District 33"", ""candidates"": [{""name"": ""Michelle Flores"", ""party"": ""D""}, {""name"": ""Michelle Lewis"", ""party"": ""R""}], ""source"": ""mock""}",Synthetic mock row — replace via scripts/build_master_dataset.py,mock
TX-34,TX,34,4834,D,James Smith,D,2007,19.0,-3.9,Lean D,,True,False,attack,5312594.0,4403291.0,7398298.0,6214603.0,6168864.0,4804895.0,3823839.0,6825752.0,6606679.0,2917171.0,1570791.0,1996690.0,1843360.0,5979204.0,,699108,510583,38000.0,0.6254,0.0239,0.3069,0.0438,0.4034,0.667,,"{""office"": ""U.S. Representative, District 34"", ""candidates"": [{""name"": ""James Smith"", ""party"": ""D""}, {""name"": ""Margaret Lewis"", ""party"": ""R""}], ""source"": ""mock""}",Synthetic mock row — replace via scripts/build_master_dataset.py,mock
TX-35,TX,35,4835,D,Mary Johnson,D,2005,21.0,-4.9,Lean D,,True,False,attack,3344577.0,2925281.0,5208517.0,3950216.0,4645102.0,3462016.0,3249452.0,4478578.0,3899113.0,1445910.0,271496.0,2542193.0,1378061.0,3903632.0,,784514,623746,41524.0,0.2937,0.1512,0.5159,0.0392,0.367,0.5465,,"{""office"": ""U.S. Representative, District 35"", ""candidates"": [{""name"": ""Mary Johnson"", ""party"": ""D""}, {""name"": ""Karen Scott"", ""party"": ""R""}], ""source"": ""mock""}",Synthetic mock row — replace via scripts/build_master_dataset.py,mock
TX-36,TX,36,4836,D,Robert Williams,D,2008,18.0,-8.3,Likely D,,True,False,attack,4972698.0,4164908.0,8057593.0,6606802.0,5634023.0,3158673.0,3044926.0,5161295.0,4620147.0,1986354.0,830446.0,1248875.0,823335.0,5326783.0,,704764,577484,65664.0,0.5195,0.127,0.3037,0.0498,0.2654,0.9237,,"{""office"": ""U.S. Representative, District 36"", ""candidates"": [{""name"": ""Robert Williams"", ""party"": ""D""}, {""name"": ""Christopher Young"", ""party"": ""R""}], ""source"": ""mock""}",Synthetic mock row — replace via scripts/build_master_dataset.py,mock
TX-37,TX,37,4837,D,Patricia Brown,D,2010,16.0,1.3,Toss-up,,True,False,attack,5140764.0,4653304.0,6347593.0,6022760.0,5395984.0,3460063.0,2650914.0,4621700.0,3921679.0,1476893.0,1776966.0,2707287.0,1691049.0,5822299.0,,763506,607605,76819.0,0.2548,0.1515,0.5354,0.0583,0.3514,0.6632,,"{""office"": ""U.S. Representative, District 37"", ""candidates"": [{""name"": ""Patricia Brown"", ""party"": ""D""}, {""name"": ""Lisa Jackson"", ""party"": ""R""}], ""source"": ""mock""}",Synthetic mock row — replace via scripts/build_master_dataset.py,mock
TX-38,TX,38,4838,R,John Jones,R,2005,21.0,5.6,Lean R,,True,False,defend,3194899.0,2773206.0,2235926.0,2099965.0,3342184.0,2731331.0,2401192.0,2320668.0,2019544.0,1370846.0,666055.0,708951.0,169094.0,2425406.0,,773841,595873,79449.0,0.3671,0.0514,0.565,0.0165,0.2973,0.7095,,"{""office"": ""U.S. Representative, District 38"", ""candidates"": [{""name"": ""John Jones"", ""party"": ""R""}, {""name"": ""Anthony Thompson"", ""party"": ""D""}], ""source"": ""mock""}",Synthetic mock row — replace via scripts/build_master_dataset.py,mock
UT-01,UT,1,4901,R,Jennifer Garcia,R,2008,18.0,12.2,Solid R,,True,False,safe,3184630.0,2489622.0,2290860.0,2105702.0,993957.0,1917486.0,1854278.0,1731940.0,1563586.0,1154606.0,786570.0,380673.0,767892.0,1939419.0,,779820,594035,49226.0,0.7474,0.0997,0.1271,0.0258,0.3321,0.504,,"{""office"": ""U.S. Representative, District 01"", ""candidates"": [{""name"": ""Jennifer Garcia"", ""party"": ""R""}, {""name"": ""Steven Torres"", ""party"": ""D""}], ""source"": ""mock""}",Synthetic mock row — replace via scripts/build_master_dataset.py,mock
UT-02,UT,2,4902,D,Michael Miller,D,2009,17.0,0.8,Toss-up,,True,False,attack,10592359.0,8861512.0,10907267.0,8982380.0,13176625.0,10028343.0,9033290.0,10451491.0,8682115.0,5462099.0,2113742.0,2457515.0,2126552.0,11046508.0,,761782,596401,51538.0,0.6146,0.1455,0.1581,0.0818,0.3049,0.7275,,"{""office"": ""U.S. Representative, District 02"", ""candidates"": [{""name"": ""Michael Miller"", ""party"": ""D""}, {""name"": ""David Lewis"", ""party"": ""R""}], ""source"": ""mock""}",Synthetic mock row — replace via scripts/build_master_dataset.py,mock
UT-03,UT,3,4903,R,Linda Davis,R,2018,8.0,7.8,Likely R,,True,False,defend,6779871.0,5848140.0,6068960.0,4681393.0,3736595.0,5637184.0,5169468.0,4898895.0,4373125.0,2232660.0,2262833.0,1157344.0,1905656.0,5342544.0,,692128,523421,78589.0,0.7885,0.0503,0.1085,0.0527,0.1929,0.5299,,"{""office"": ""U.S. Representative, District 03"", ""candidates"": [{""name"": ""Linda Davis"", ""party"": ""R""}, {""name"": ""John Jones"", ""party"": ""D""}], ""source"": ""mock""}",Synthetic mock row — replace via scripts/build_master_dataset.py,mock
UT-04,UT,4,4904,R,David Rodriguez,R,2005,21.0,19.5,Solid R,,True,False,safe,2549214.0,2437769.0,1505938.0,1449789.0,208241.0,2643683.0,2312518.0,1282528.0,1031167.0,1299513.0,273648.0,318632.0,80792.0,1021898.0,,712682,557282,59670.0,0.7566,0.0917,0.0734,0.0784,0.12,0.3597,,"{""office"": ""U.S. Representative, District 04"", ""candidates"": [{""name"": ""David Rodriguez"", ""party"": ""R""}], ""source"": ""mock""}",Synthetic mock row — replace via scripts/build_master_dataset.py,mock
VA-01,VA,1,5101,R,Elizabeth Martinez,R,2013,13.0,-3.9,Lean D,,True,False,defend,6167038.0,5156683.0,4147182.0,3199813.0,4121073.0,6091554.0,5509813.0,3158095.0,2943734.0,2529776.0,1041702.0,2173004.0,1111028.0,4851809.0,,730769,554040,48397.0,0.7412,0.1216,0.0702,0.0669,0.3402,0.912,,"{""office"": ""U.S. Representative, District 01"", ""candidates"": [{""name"": ""Elizabeth Martinez"", ""party"": ""R""}, {""name"": ""Matthew Smith"", ""party"": ""D""}], ""source"": ""mock""}",Synthetic mock row — replace via scripts/build_master_dataset.py,mock
VA-02,VA,2,5102,D,William Hernandez,D,2008,18.0,-4.8,Lean D,,True,False,attack,6931081.0,6615967.0,9296535.0,9105876.0,4807174.0,7329790.0,5935902.0,9989390.0,9452099.0,1353386.0,2372313.0,4052685.0,1870281.0,7429002.0,,695560,567991,64164.0,0.713,0.0211,0.2096,0.0564,0.345,0.7742,,"{""office"": ""U.S. Representative, District 02"", ""candidates"": [{""name"": ""William Hernandez"", ""party"": ""D""}, {""name"": ""Betty Scott"", ""party"": ""R""}], ""source"": ""mock""}",Synthetic mock row — replace via scripts/build_master_dataset.py,mock
VA-03,VA,3,5103,D,OPEN SEAT,,,0.0,-20.2,Solid D,,False,True,safe,2158056.0,2053337.0,3288908.0,2638988.0,364613.0,1987899.0,1854976.0,2683579.0,2094751.0,1021287.0,336179.0,658444.0,242540.0,1319255.0,,774572,575197,85873.0,0.7626,0.0488,0.1285,0.0601,0.1642,0.7992,,"{""office"": ""U.S. Representative, District 03"", ""candidates"": [], ""source"": ""mock""}",Synthetic mock row — replace via scripts/build_master_dataset.py,mock
VA-04,VA,4,5104,D,Barbara Lopez,D,2009,17.0,-10.4,Solid D,,True,False,attack,2868095.0,2582178.0,4583918.0,3627953.0,1711301.0,2029985.0,1933630.0,3245640.0,2595049.0,430358.0,364973.0,1581530.0,1358597.0,2827294.0,,705127,509966,80846.0,0.6518,0.1377,0.1516,0.0589,0.1669,0.9293,,"{""office"": ""U.S. Representative, District 04"", ""candidates"": [{""name"": ""Barbara Lopez"", ""party"": ""D""}, {""name"": ""Donald White"", ""party"": ""R""}], ""source"": ""mock""}",Synthetic mock row — replace via scripts/build_master_dataset.py,mock
VA-05,VA,5,5105,D,Richard Gonzalez,D,2011,15.0,-4.2,Lean D,,True,False,attack,3611884.0,3329842.0,5765902.0,5004569.0,2492879.0,2312254.0,1789319.0,4159273.0,3313290.0,1120811.0,778131.0,3029722.0,702956.0,4371924.0,,740805,599007,62487.0,0.7616,0.0289,0.147,0.0624,0.1926,0.6422,,"{""office"": ""U.S. Representative, District 05"", ""candidates"": [{""name"": ""Richard Gonzalez"", ""party"": ""D""}, {""name"": ""Karen Lee"", ""party"": ""R""}], ""source"": ""mock""}",Synthetic mock row — replace via scripts/build_master_dataset.py,mock
VA-06,VA,6,5106,D,Susan Wilson,D,2013,13.0,-6.1,Likely D,,True,False,attack,5641794.0,5214850.0,7358883.0,6954274.0,2664691.0,4961697.0,3814321.0,5796635.0,4868177.0,2051696.0,919841.0,2954036.0,1484253.0,5715098.0,,691474,530450,60744.0,0.6922,0.1821,0.0936,0.032,0.2281,0.5869,,"{""office"": ""U.S. Representative, District 06"", ""candidates"": [{""name"": ""Susan Wilson"", ""party"": ""D""}, {""name"": ""Susan Moore"", ""party"": ""R""}], ""source"": ""mock""}",Synthetic mock row — replace via scripts/build_master_dataset.py,mock
VA-07,VA,7,5107,D,Joseph Anderson,D,2010,16.0,-8.9,Likely D,,True,False,attack,4901407.0,4129100.0,6379444.0,5404286.0,6062091.0,3773035.0,3071537.0,6207652.0,5325266.0,1048640.0,507606.0,2496875.0,1756291.0,4516853.0,,729251,593620,95650.0,0.8047,0.0535,0.1007,0.0411,0.5427,0.6027,,"{""office"": ""U.S. Representative, District 07"", ""candidates"": [{""name"": ""Joseph Anderson"", ""party"": ""D""}, {""name"": ""Donald Harris"", ""party"": ""R""}], ""source"": ""mock""}",Synthetic mock row — replace via scripts/build_master_dataset.py,mock
VA-08,VA,8,5108,R,Jessica Thomas,R,2020,6.0,-1.0,Toss-up,,True,False,defend,11707221.0,11217563.0,8768358.0,7209117.0,11586533.0,9166039.0,8316058.0,8032787.0,6385704.0,2348442.0,3053443.0,1871033.0,2527906.0,10463021.0,,790184,627981,94003.0,0.6291,0.0916,0.2215,0.0579,0.3655,0.9257,,"{""office"": ""U.S. Representative, District 08"", ""candidates"": [{""name"": ""Jessica Thomas"", ""party"": ""R""}, {""name"": ""Nancy Sanchez"", ""party"": ""D""}], ""source"": ""mock""}",Synthetic mock row — replace via scripts/build_master_dataset.py,mock
VA-09,VA,9,5109,R,Thomas Taylor,R,2020,6.0,0.9,Toss-up,,True,False,defend,11981781.0,10335945.0,10533079.0,9279344.0,8851846.0,10686679.0,8810833.0,9058688.0,7380539.0,3787668.0,3815871.0,2150309.0,1552885.0,11536614.0,,791148,591281,86323.0,0.7278,0.1473,0.0892,0.0357,0.1496,0.1711,,"{""office"": ""U.S. Representative, District 09"", ""candidates"": [{""name"": ""Thomas Taylor"", ""party"": ""R""}, {""name"": ""Donald Perez"", ""party"": ""D""}], ""source"": ""mock""}",Synthetic mock row — replace via scripts/build_master_dataset.py,mock
VA-10,VA,10,5110,R,Sarah Moore,R,2011,15.0,2.0,Tilt R,,True,False,defend,9140190.0,7431140.0,7699734.0,7410442.0,3230727.0,6398078.0,5691745.0,7431105.0,6099420.0,2035636.0,714591.0,3174270.0,923586.0,8369442.0,,703450,573190,60671.0,0.7069,0.1822,0.0762,0.0346,0.2086,0.6445,,"{""office"": ""U.S. Representative, District 10"", ""candidates"": [{""name"": ""Sarah Moore"", ""party"": ""R""}, {""name"": ""Susan Scott"", ""party"": ""D""}], ""source"": ""mock""}",Synthetic mock row — replace via scripts/build_master_dataset.py,mock
VA-11,VA,11,5111,D,Christopher Jackson,D,2024,2.0,-7.6,Likely D,,True,False,attack,2583995.0,2365246.0,3886716.0,3538696.0,2673283.0,2512484.0,2105187.0,2908128.0,2735282.0,631738.0,249923.0,1119627.0,490307.0,2708640.0,,694542,510199,82944.0,0.7076,0.0738,0.1642,0.0544,0.3334,0.5903,,"{""office"": ""U.S. Representative, District 11"", ""candidates"": [{""name"": ""Christopher Jackson"", ""party"": ""D""}, {""name"": ""Robert Perez"", ""party"": ""R""}], ""source"": ""mock""}",Synthetic mock row — replace via scripts/build_master_dataset.py,mock
VT-00,VT,0,5000,D,Karen Martin,D,2012,14.0,-13.6,Solid D,,True,False,safe,2155501.0,2003639.0,3114726.0,3048317.0,778387.0,2083405.0,2015327.0,2489058.0,2063549.0,939879.0,678601.0,679985.0,347889.0,1763418.0,,756718,562455,49926.0,0.8556,0.0382,0.0934,0.0128,0.3894,0.68,,"{""office"": ""U.S. Representative, District 00"", ""candidates"": [{""name"": ""Karen Martin"", ""party"": ""D""}, {""name"": ""Betty Wright"", ""party"": ""R""}], ""source"": ""mock""}",Synthetic mock row — replace via scripts/build_master_dataset.py,mock
WA-01,WA,1,5301,D,Daniel Lee,D,2007,19.0,-1.4,Toss-up,,True,False,attack,8470772.0,6988133.0,13243723.0,11769169.0,4142341.0,5709758.0,5004779.0,14095259.0,11445494.0,3626891.0,495361.0,4471205.0,869838.0,10974506.0,,734181,587192,47819.0,0.7451,0.0708,0.0779,0.1063,0.408,0.5141,,"{""office"": ""U.S. Representative, District 01"", ""candidates"": [{""name"": ""Daniel Lee"", ""party"": ""D""}, {""name"": ""John Jones"", ""party"": ""R""}], ""source"": ""mock""}",Synthetic mock row — replace via scripts/build_master_dataset.py,mock
WA-02,WA,2,5302,D,Lisa Perez,D,2012,14.0,0.2,Toss-up,,True,False,attack,7646394.0,7374564.0,10270183.0,9250180.0,2974554.0,5872037.0,4602216.0,9809768.0,8791767.0,1806444.0,2511777.0,5322778.0,3436370.0,9356036.0,,785578,626864,42097.0,0.58,0.065,0.1832,0.1719,0.3171,0.5723,,"{""office"": ""U.S. Representative, District 02"", ""candidates"": [{""name"": ""Lisa Perez"", ""party"": ""D""}, {""name"": ""William Sanchez"", ""party"": ""R""}], ""source"": ""mock""}",Synthetic mock row — replace via scripts/build_master_dataset.py,mock
WA-03,WA,3,5303,D,Matthew Thompson,D,2013,13.0,-7.7,Likely D,,True,False,attack,3317612.0,2773373.0,4612533.0,4006323.0,808745.0,3571499.0,2807397.0,4717702.0,3832457.0,666896.0,1095571.0,1223833.0,924128.0,3308456.0,,694628,520514,76601.0,0.7356,0.052,0.1339,0.0785,0.3749,0.7392,,"{""office"": ""U.S. Representative, District 03"", ""candidates"": [{""name"": ""Matthew Thompson"", ""party"": ""D""}, {""name"": ""Daniel Garcia"", ""party"": ""R""}], ""source"": ""mock""}",Synthetic mock row — replace via scripts/build_master_dataset.py,mock
WA-04,WA,4,5304,D,Nancy White,D,2014,12.0,-29.6,Solid D,,True,False,safe,1358862.0,1094499.0,2045655.0,1609724.0,274497.0,1105639.0,1053627.0,2042572.0,1656542.0,574143.0,130062.0,447515.0,655536.0,774528.0,,810873,587235,73884.0,0.4601,0.1377,0.1517,0.2505,0.3712,0.3303,,"{""office"": ""U.S. Representative, District 04"", ""candidates"": [{""name"": ""Nancy White"", ""party"": ""D""}], ""source"": ""mock""}",Synthetic mock row — replace via scripts/build_master_dataset.py,mock
WA-05,WA,5,5305,D,OPEN SEAT,,,0.0,-15.6,Solid D,,False,True,safe,3908450.0,3674912.0,5131106.0,4176042.0,649167.0,3908172.0,3492774.0,3540298.0,3135799.0,1008693.0,881012.0,2391829.0,795338.0,2771528.0,,760271,571231,60925.0,0.7131,0.1401,0.0537,0.0932,0.5749,0.8266,,"{""office"": ""U.S. Representative, District 05"", ""candidates"": [], ""source"": ""mock""}",Synthetic mock row — replace via scripts/build_master_dataset.py,mock
WA-06,WA,6,5306,R,Anthony Harris,R,2017,9.0,7.7,Likely R,,True,False,defend,8681789.0,8356727.0,9025518.0,7141339.0,2962394.0,8530286.0,8259550.0,8582816.0,6630499.0,3506340.0,591831.0,1631781.0,2068149.0,7387488.0,,724682,523379,65707.0,0.7061,0.0711,0.1368,0.0861,0.4263,0.8106,,"{""office"": ""U.S. Representative, District 06"", ""candidates"": [{""name"": ""Anthony Harris"", ""party"": ""R""}, {""name"": ""Richard Hill"", ""party"": ""D""}], ""source"": ""mock""}",Synthetic mock row — replace via scripts/build_master_dataset.py,mock
WA-07,WA,7,5307,D,Betty Sanchez,D,2015,11.0,-11.8,Solid D,,True,False,attack,6282769.0,4898642.0,6183956.0,4979275.0,2918225.0,4785709.0,4597852.0,4709236.0,3857472.0,1606846.0,1080435.0,3321414.0,1877238.0,4485527.0,,746682,563596,68062.0,0.5638,0.0982,0.1705,0.1676,0.2437,0.5776,,"{""office"": ""U.S. Representative, District 07"", ""candidates"": [{""name"": ""Betty Sanchez"", ""party"": ""D""}, {""name"": ""Steven Hill"", ""party"": ""R""}], ""source"": ""mock""}",Synthetic mock row — replace via scripts/build_master_dataset.py,mock
WA-08,WA,8,5308,D,Mark Clark,D,2012,14.0,-8.0,Likely D,,True,False,attack,6585584.0,5057560.0,9354575.0,8628535.0,5242143.0,5872980.0,4937543.0,6554961.0,5960603.0,3388627.0,396813.0,3751856.0,1079987.0,6583286.0,,736220,557281,77735.0,0.6407,0.0895,0.0449,0.2248,0.3757,0.6211,,"{""office"": ""U.S. Representative, District 08"", ""candidates"": [{""name"": ""Mark Clark"", ""party"": ""D""}, {""name"": ""Robert Perez"", ""party"": ""R""}], ""source"": ""mock""}",Synthetic mock row — replace via scripts/build_master_dataset.py,mock
WA-09,WA,9,5309,D,Margaret Ramirez,D,2008,18.0,-18.7,Solid D,,True,False,safe,2080847.0,1850338.0,2286307.0,2233666.0,296548.0,2171568.0,1744528.0,1777225.0,1405223.0,885978.0,384392.0,698335.0,254299.0,1149435.0,,743526,575821,65328.0,0.5429,0.1395,0.1086,0.209,0.4428,0.7492,,"{""office"": ""U.S. Representative, District 09"", ""candidates"": [{""name"": ""Margaret Ramirez"", ""party"": ""D""}], ""source"": ""mock""}",Synthetic mock row — replace via scripts/build_master_dataset.py,mock
WA-10,WA,10,5310,D,Donald Lewis,D,2021,5.0,-8.2,Likely D,,True,False,attack,2365287.0,2166059.0,3001980.0,2915336.0,2688579.0,1853612.0,1656326.0,2510986.0,2236011.0,1280016.0,170149.0,629883.0,898323.0,2201653.0,,716087,540622,71684.0,0.8499,0.0783,0.0321,0.0397,0.2502,0.3637,,"{""office"": ""U.S. Representative, District 10"", ""candidates"": [{""name"": ""Donald Lewis"", ""party"": ""D""}, {""name"": ""Elizabeth Gonzalez"", ""party"": ""R""}], ""source"": ""mock""}",Synthetic mock row — replace via scripts/build_master_dataset.py,mock
WI-01,WI,1,5501,R,OPEN SEAT,,,0.0,-0.9,Toss-up,,False,True,defend,9072198.0,6838477.0,7449279.0,7072267.0,6946544.0,6824598.0,6345449.0,7976169.0,7308288.0,4966866.0,1645570.0,2391369.0,1002127.0,8465605.0,,704022,548527,58818.0,0.6798,0.0814,0.2279,0.0109,0.2778,0.5776,,"{""office"": ""U.S. Representative, District 01"", ""candidates"": [{""name"": ""Donna Martinez"", ""party"": ""D""}], ""source"": ""mock""}",Synthetic mock row — replace via scripts/build_master_dataset.py,mock
WI-02,WI,2,5502,D,Sandra Robinson,D,2020,6.0,0.0,Toss-up,,True,False,attack,9176799.0,8693677.0,13590060.0,11258841.0,14241387.0,7765421.0,6050680.0,13324864.0,11266376.0,1734644.0,603452.0,2389281.0,1106579.0,11952601.0,,802116,608816,70247.0,0.8036,0.0313,0.1412,0.0238,0.3722,0.9578,,"{""office"": ""U.S. Representative, District 02"", ""candidates"": [{""name"": ""Sandra Robinson"", ""party"": ""D""}, {""name"": ""Daniel Robinson"", ""party"": ""R""}], ""source"": ""mock""}",Synthetic mock row — replace via scripts/build_master_dataset.py,mock
WI-03,WI,3,5503,D,Steven Walker,D,2011,15.0,-7.8,Likely D,,False,False,attack,5125939.0,3973595.0,7714919.0,6155940.0,2792079.0,4063082.0,3819020.0,8221925.0,7491414.0,783273.0,538575.0,3472180.0,1320411.0,5339229.0,,759940,618129,47155.0,0.7447,0.126,0.0716,0.0578,0.3528,0.8195,,"{""office"": ""U.S. Representative, District 03"", ""candidates"": [{""name"": ""Steven Walker"", ""party"": ""D""}, {""name"": ""Nancy Nguyen"", ""party"": ""R""}], ""source"": ""mock""}",Synthetic mock row — replace via scripts/build_master_dataset.py,mock
WI-04,WI,4,5504,D,Ashley Young,D,2013,13.0,-1.8,Tilt D,,True,False,attack,9346191.0,7661230.0,10441992.0,8952859.0,4561700.0,8684713.0,8495865.0,11011465.0,8672548.0,4579399.0,1785402.0,2105622.0,893269.0,9890134.0,,722281,578894,79265.0,0.7223,0.0927,0.1113,0.0737,0.4689,0.8753,,"{""office"": ""U.S. Representative, District 04"", ""candidates"": [{""name"": ""Ashley Young"", ""party"": ""D""}, {""name"": ""Sandra Davis"", ""party"": ""R""}], ""source"": ""mock""}",Synthetic mock row — replace via scripts/build_master_dataset.py,mock
WI-05,WI,5,5505,R,Paul Allen,R,2007,19.0,0.0,Toss-up,,True,False,defend,4649907.0,3487642.0,4272021.0,3728351.0,2600619.0,3417392.0,2887480.0,2958242.0,2504655.0,1426135.0,1476741.0,1557517.0,1371848.0,4684012.0,,810745,591412,60554.0,0.7669,0.1525,0.0483,0.0323,0.2344,0.8128,,"{""office"": ""U.S. Representative, District 05"", ""candidates"": [{""name"": ""Paul Allen"", ""party"": ""R""}, {""name"": ""Michelle King"", ""party"": ""D""}], ""source"": ""mock""}",Synthetic mock row — replace via scripts/build_master_dataset.py,mock
WI-06,WI,6,5506,R,Kimberly King,R,2017,9.0,6.1,Likely R,,True,False,defend,8639807.0,7575655.0,8961482.0,8107523.0,7116570.0,7691262.0,7093294.0,8118018.0,6474549.0,1677475.0,2166465.0,2190132.0,756183.0,7737527.0,,740681,571568,65060.0,0.6712,0.1311,0.14,0.0577,0.4601,0.7897,,"{""office"": ""U.S. Representative, District 06"", ""candidates"": [{""name"": ""Kimberly King"", ""party"": ""R""}, {""name"": ""Steven Jackson"", ""party"": ""D""}], ""source"": ""mock""}",Synthetic mock row — replace via scripts/build_master_dataset.py,mock
WI-07,WI,7,5507,D,Andrew Wright,D,2017,9.0,-0.2,Toss-up,,True,False,attack,9654470.0,7993403.0,16146686.0,12846728.0,10916185.0,6463272.0,5788340.0,15836156.0,13455807.0,3097278.0,2746792.0,4366172.0,3824030.0,13473364.0,,809695,584033,45283.0,0.769,0.0608,0.1096,0.0605,0.3768,0.7775,,"{""office"": ""U.S. Representative, District 07"", ""candidates"": [{""name"": ""Andrew Wright"", ""party"": ""D""}, {""name"": ""Andrew Martinez"", ""party"": ""R""}], ""source"": ""mock""}",Synthetic mock row — replace via scripts/build_master_dataset.py,mock
WI-08,WI,8,5508,D,Emily Scott,D,2016,10.0,1.8,Tilt R,,False,False,attack,9520503.0,8092840.0,13676684.0,10974884.0,9766781.0,7192910.0,6483165.0,8231445.0,7415154.0,4831710.0,3235978.0,6924204.0,3228415.0,11593954.0,,758873,622071,55643.0,0.6684,0.1898,0.0817,0.0602,0.1899,0.3736,,"{""office"": ""U.S. Representative, District 08"", ""candidates"": [{""name"": ""Emily Scott"", ""party"": ""D""}, {""name"": ""Donna Hernandez"", ""party"": ""R""}], ""source"": ""mock""}",Synthetic mock row — replace via scripts/build_master_dataset.py,mock
WV-01,WV,1,5401,R,Joshua Torres,R,2016,10.0,25.0,Solid R,,True,False,safe,2237996.0,2145915.0,1801843.0,1457042.0,84904.0,1357672.0,1177500.0,1782043.0,1443241.0,739507.0,418259.0,500070.0,352976.0,919064.0,,709685,523394,84840.0,0.7954,0.0766,0.0924,0.0356,0.2127,0.9395,,"{""office"": ""U.S. Representative, District 01"", ""candidates"": [{""name"": ""Joshua Torres"", ""party"": ""R""}], ""source"": ""mock""}",Synthetic mock row — replace via scripts/build_master_dataset.py,mock
WV-02,WV,2,5402,R,Donna Nguyen,R,2004,22.0,19.1,Solid R,,True,False,safe,1647299.0,1316186.0,1261318.0,970515.0,311010.0,1039234.0,801341.0,794036.0,626446.0,262803.0,230724.0,678588.0,206452.0,749260.0,,781165,574711,40955.0,0.5669,0.1617,0.2026,0.0687,0.2218,0.2607,,"{""office"": ""U.S. Representative, District 02"", ""candidates"": [{""name"": ""Donna Nguyen"", ""party"": ""R""}], ""source"": ""mock""}",Synthetic mock row — replace via scripts/build_master_dataset.py,mock
WY-00,WY,0,5600,R,Kenneth Hill,R,2004,22.0,16.2,Solid R,,True,False,safe,3690620.0,2978577.0,3532653.0,3337770.0,1229709.0,2281172.0,2232745.0,3316036.0,3092112.0,1836764.0,1040754.0,679576.0,245550.0,2153980.0,,777603,632642,105672.0,0.6597,0.0567,0.2171,0.0665,0.3124,0.5395,,"{""office"": ""U.S. Representative, District 00"", ""candidates"": [{""name"": ""Kenneth Hill"", ""party"": ""R""}], ""source"": ""mock""}",Synthetic mock row — replace via scripts/build_master_dataset.py,mock
